problem,instance,repeat,block,destroy,repair,seed,n_remove,routes_before,routes_after,cost_before,cost_after,gain,relative_gain_pct
cvrp,0,0,0,random_removal,greedy_insertion,15336196180900590447,5,8,8,19.96090138916856,19.96090138916856,0.0,0.0
cvrp,0,0,0,random_removal,regret_2,7971086580457912539,5,8,8,19.96090138916856,20.255527813189886,-0.29462642402132744,-1.4760176320554412
cvrp,0,0,0,random_removal,regret_3,13652801504400678522,5,8,8,19.96090138916856,19.93965277186283,0.021248617305730022,0.10645119121354019
cvrp,0,0,0,random_removal,greedy_with_noise,15623614376185770855,5,8,8,19.96090138916856,21.047300228934535,-1.0863988397659767,-5.442634170596587
cvrp,0,0,0,random_removal,best_position_first,5189364354949950430,5,8,8,19.96090138916856,20.255527813189886,-0.29462642402132744,-1.4760176320554412
cvrp,0,0,0,random_removal,sequential_insertion,15469038367081097704,5,8,8,19.96090138916856,19.93965277186283,0.021248617305730022,0.10645119121354019
cvrp,0,0,0,shaw_removal,greedy_insertion,117473776165045232,5,8,8,19.96090138916856,19.02801093508754,0.9328904540810186,4.67358881191225
cvrp,0,0,0,shaw_removal,regret_2,5643541476169303175,5,8,8,19.96090138916856,19.02801093508754,0.9328904540810186,4.67358881191225
cvrp,0,0,0,shaw_removal,regret_3,2328504578251071305,5,8,8,19.96090138916856,19.02801093508754,0.9328904540810186,4.67358881191225
cvrp,0,0,0,shaw_removal,greedy_with_noise,8157172123499889902,5,8,8,19.96090138916856,19.09544794165251,0.8654534475160496,4.335743314606389
cvrp,0,0,0,shaw_removal,best_position_first,8594920539251760358,5,8,8,19.96090138916856,19.02801093508754,0.9328904540810186,4.67358881191225
cvrp,0,0,0,shaw_removal,sequential_insertion,13443460538938572421,5,8,8,19.96090138916856,19.02801093508754,0.9328904540810186,4.67358881191225
cvrp,0,0,0,worst_removal,greedy_insertion,6674495361553446376,5,8,8,19.96090138916856,18.756315740028167,1.204585649140391,6.03472571531283
cvrp,0,0,0,worst_removal,regret_2,17961680741319302831,5,8,8,19.96090138916856,18.75300020483684,1.2079011843317176,6.051335862954388
cvrp,0,0,0,worst_removal,regret_3,16189124310014357476,5,8,8,19.96090138916856,18.756315740028167,1.204585649140391,6.03472571531283
cvrp,0,0,0,worst_removal,greedy_with_noise,10148704272244348674,5,8,8,19.96090138916856,19.11035414520751,0.8505472439610493,4.2610663084713405
cvrp,0,0,0,worst_removal,best_position_first,8282880008344367897,5,8,8,19.96090138916856,18.876935062532933,1.0839663266356254,5.430447781400399
cvrp,0,0,0,worst_removal,sequential_insertion,10044122708387804937,5,8,8,19.96090138916856,18.876935062532933,1.0839663266356254,5.430447781400399
cvrp,0,0,0,route_removal,greedy_insertion,590512871415538343,5,8,8,19.96090138916856,19.61077050986789,0.3501308793006679,1.7540835079254509
cvrp,0,0,0,route_removal,regret_2,11820404632013595279,5,8,8,19.96090138916856,19.61077050986789,0.3501308793006679,1.7540835079254509
cvrp,0,0,0,route_removal,regret_3,899347048685253119,5,8,8,19.96090138916856,19.61077050986789,0.3501308793006679,1.7540835079254509
cvrp,0,0,0,route_removal,greedy_with_noise,927007624207414351,5,8,8,19.96090138916856,19.630088220339957,0.3308131688286018,1.6573057617934623
cvrp,0,0,0,route_removal,best_position_first,2543856553355614472,5,8,8,19.96090138916856,19.61077050986789,0.3501308793006679,1.7540835079254509
cvrp,0,0,0,route_removal,sequential_insertion,13116909284864351437,5,8,8,19.96090138916856,19.61077050986789,0.3501308793006679,1.7540835079254509
cvrp,0,0,0,cluster_removal,greedy_insertion,13150599452388135471,5,8,8,19.96090138916856,19.492929129810197,0.46797225935836195,2.3444445229928297
cvrp,0,0,0,cluster_removal,regret_2,3615355725489489323,5,8,8,19.96090138916856,19.41357833776748,0.5473230514010794,2.7419756289065926
cvrp,0,0,0,cluster_removal,regret_3,17394563463179343320,5,8,8,19.96090138916856,19.41357833776748,0.5473230514010794,2.7419756289065926
cvrp,0,0,0,cluster_removal,greedy_with_noise,2316709768369698497,5,8,8,19.96090138916856,19.41405953812132,0.5468418510472368,2.7395649143578815
cvrp,0,0,0,cluster_removal,best_position_first,12528409453243108458,5,8,8,19.96090138916856,19.723446215604028,0.2374551735645305,1.1896014560413664
cvrp,0,0,0,cluster_removal,sequential_insertion,13060483967419356548,5,8,8,19.96090138916856,19.690240275979185,0.270661113189373,1.3559563664606982
cvrp,0,0,0,time_oriented_removal,greedy_insertion,12689192757297990793,5,8,8,19.96090138916856,20.5840312374444,-0.6231298482758412,-3.121752049804584
cvrp,0,0,0,time_oriented_removal,regret_2,8207621158870274811,5,8,8,19.96090138916856,19.78440710866615,0.176494280502407,0.8841999520030623
cvrp,0,0,0,time_oriented_removal,regret_3,13617328267100469976,5,8,8,19.96090138916856,19.78440710866615,0.176494280502407,0.8841999520030623
cvrp,0,0,0,time_oriented_removal,greedy_with_noise,3952611505884795994,5,8,8,19.96090138916856,20.65178800533748,-0.6908866161689211,-3.4611994854291446
cvrp,0,0,0,time_oriented_removal,best_position_first,15844848800123012074,5,8,8,19.96090138916856,20.5840312374444,-0.6231298482758412,-3.121752049804584
cvrp,0,0,0,time_oriented_removal,sequential_insertion,8104503622977605193,5,8,8,19.96090138916856,19.78440710866615,0.176494280502407,0.8841999520030623
cvrp,0,1,1,random_removal,greedy_insertion,1951738132100363693,5,8,8,21.399444232022965,20.418898815957544,0.9805454160654214,4.582106924992448
cvrp,0,1,1,random_removal,regret_2,4910700749252371684,5,8,8,21.399444232022965,20.375224340017358,1.0242198920056076,4.786198561516494
cvrp,0,1,1,random_removal,regret_3,12772090323004632766,5,8,8,21.399444232022965,20.383802290111973,1.0156419419109923,4.746113641545635
cvrp,0,1,1,random_removal,greedy_with_noise,6213937305897345676,5,8,8,21.399444232022965,20.387796781348644,1.011647450674321,4.727447309871964
cvrp,0,1,1,random_removal,best_position_first,12056923617364654124,5,8,8,21.399444232022965,20.383802290111973,1.0156419419109923,4.746113641545635
cvrp,0,1,1,random_removal,sequential_insertion,6745255788075450354,5,8,8,21.399444232022965,20.383802290111973,1.0156419419109923,4.746113641545635
cvrp,0,1,1,shaw_removal,greedy_insertion,4033515326306290514,5,8,8,21.399444232022965,20.39947439714567,0.9999698348772945,4.672877594554071
cvrp,0,1,1,shaw_removal,regret_2,10894659172223434976,5,8,8,21.399444232022965,20.391840031777416,1.0076042002455488,4.7085531255887965
cvrp,0,1,1,shaw_removal,regret_3,9855218437586399722,5,8,8,21.399444232022965,20.391840031777416,1.0076042002455488,4.7085531255887965
cvrp,0,1,1,shaw_removal,greedy_with_noise,14589852477705062411,5,8,8,21.399444232022965,20.596441065190646,0.803003166832319,3.752448699722181
cvrp,0,1,1,shaw_removal,best_position_first,6354712182107798554,5,8,8,21.399444232022965,20.39947439714567,0.9999698348772945,4.672877594554071
cvrp,0,1,1,shaw_removal,sequential_insertion,9728778090702385878,5,8,8,21.399444232022965,20.391840031777416,1.0076042002455488,4.7085531255887965
cvrp,0,1,1,worst_removal,greedy_insertion,12550177183429728517,5,8,8,21.399444232022965,20.835850122377476,0.5635941096454893,2.6336857328383556
cvrp,0,1,1,worst_removal,regret_2,1220318706352709191,5,8,8,21.399444232022965,20.275375255977885,1.1240689760450806,5.252795184105668
cvrp,0,1,1,worst_removal,regret_3,9145805542055663378,5,8,8,21.399444232022965,20.069576237990805,1.3298679940321598,6.214497814116561
cvrp,0,1,1,worst_removal,greedy_with_noise,4937378227815723088,5,8,8,21.399444232022965,20.835850122377476,0.5635941096454893,2.6336857328383556
cvrp,0,1,1,worst_removal,best_position_first,1413421791027580804,5,8,8,21.399444232022965,20.630051104390397,0.7693931276325685,3.5953883628492487
cvrp,0,1,1,worst_removal,sequential_insertion,4972305158166190843,5,8,8,21.399444232022965,20.95449909925081,0.44494513277215475,2.0792368621719692
cvrp,0,1,1,route_removal,greedy_insertion,7865876888375260125,5,8,8,21.399444232022965,20.75436965860872,0.6450745734142451,3.0144454520409005
cvrp,0,1,1,route_removal,regret_2,14390392050718172520,5,8,8,21.399444232022965,20.737071006018805,0.6623732260041599,3.095282376600037
cvrp,0,1,1,route_removal,regret_3,10078411382551006948,5,8,8,21.399444232022965,20.75436965860872,0.6450745734142451,3.0144454520409005
cvrp,0,1,1,route_removal,greedy_with_noise,11910791820398700041,5,8,8,21.399444232022965,20.798332842105452,0.6011113899175129,2.8090046797476464
cvrp,0,1,1,route_removal,best_position_first,97635769421045728,5,8,8,21.399444232022965,20.737071006018805,0.6623732260041599,3.095282376600037
cvrp,0,1,1,route_removal,sequential_insertion,7928536916833675507,5,8,8,21.399444232022965,20.737071006018805,0.6623732260041599,3.095282376600037
cvrp,0,1,1,cluster_removal,greedy_insertion,5491055702141751199,5,8,8,21.399444232022965,20.277199322280588,1.1222449097423777,5.244271288424428
cvrp,0,1,1,cluster_removal,regret_2,2812702859761423760,5,8,8,21.399444232022965,20.277199322280588,1.1222449097423777,5.244271288424428
cvrp,0,1,1,cluster_removal,regret_3,6176023163673410865,5,8,8,21.399444232022965,20.277199322280588,1.1222449097423777,5.244271288424428
cvrp,0,1,1,cluster_removal,greedy_with_noise,11856664529901868977,5,8,8,21.399444232022965,20.330754887657772,1.0686893443651933,4.994005137600558
cvrp,0,1,1,cluster_removal,best_position_first,5527682500917754921,5,8,8,21.399444232022965,20.277199322280588,1.1222449097423777,5.244271288424428
cvrp,0,1,1,cluster_removal,sequential_insertion,17534919323652156108,5,8,8,21.399444232022965,20.277199322280588,1.1222449097423777,5.244271288424428
cvrp,0,1,1,time_oriented_removal,greedy_insertion,12714628460705944017,5,8,8,21.399444232022965,21.176671569307132,0.2227726627158333,1.0410207868037413
cvrp,0,1,1,time_oriented_removal,regret_2,5521409520758356513,5,8,8,21.399444232022965,21.136990420595914,0.2624538114270507,1.2264515310837119
cvrp,0,1,1,time_oriented_removal,regret_3,8414644968325694736,5,8,8,21.399444232022965,21.142899706009146,0.25654452601381905,1.1988373306906532
cvrp,0,1,1,time_oriented_removal,greedy_with_noise,11772994598667533782,5,8,8,21.399444232022965,21.529813121496748,-0.13036888947378245,-0.6092162397315597
cvrp,0,1,1,time_oriented_removal,best_position_first,9557113985593668868,5,8,8,21.399444232022965,21.13852076928425,0.2609234627387167,1.219300183264856
cvrp,0,1,1,time_oriented_removal,sequential_insertion,13519910124203874451,5,8,8,21.399444232022965,21.142899706009146,0.25654452601381905,1.1988373306906532
cvrp,0,2,2,random_removal,greedy_insertion,1826687913176087286,5,8,8,20.7636455329248,20.727889338735356,0.03575619418944598,0.1722057628692783
cvrp,0,2,2,random_removal,regret_2,14242931714122978249,5,8,8,20.7636455329248,20.777137491106227,-0.0134919581814259,-0.06497875414041226
cvrp,0,2,2,random_removal,regret_3,16154787007825098266,5,8,8,20.7636455329248,20.7256306524572,0.03801488046760326,0.1830838443438233
cvrp,0,2,2,random_removal,greedy_with_noise,13319592293850763032,5,8,8,20.7636455329248,20.838280746125132,-0.07463521320033095,-0.3594513934558471
cvrp,0,2,2,random_removal,best_position_first,6839653516178821657,5,8,8,20.7636455329248,20.802524551935687,-0.038879019010884974,-0.18724563058656882
cvrp,0,2,2,random_removal,sequential_insertion,13781640431957588660,5,8,8,20.7636455329248,20.777137491106227,-0.0134919581814259,-0.06497875414041226
cvrp,0,2,2,shaw_removal,greedy_insertion,13516894424582038620,5,8,8,20.7636455329248,20.188476295015036,0.5751692379097655,2.7700782938030932
cvrp,0,2,2,shaw_removal,regret_2,14707715516446479994,5,8,8,20.7636455329248,20.188476295015036,0.5751692379097655,2.7700782938030932
cvrp,0,2,2,shaw_removal,regret_3,7605078707846270914,5,8,8,20.7636455329248,20.188476295015036,0.5751692379097655,2.7700782938030932
cvrp,0,2,2,shaw_removal,greedy_with_noise,2668696207358423789,5,8,8,20.7636455329248,20.311163909389123,0.4524816235356788,2.179201252584384
cvrp,0,2,2,shaw_removal,best_position_first,15418038453422928538,5,8,8,20.7636455329248,20.188476295015036,0.5751692379097655,2.7700782938030932
cvrp,0,2,2,shaw_removal,sequential_insertion,6217390343491202533,5,8,8,20.7636455329248,20.188476295015036,0.5751692379097655,2.7700782938030932
cvrp,0,2,2,worst_removal,greedy_insertion,5246179327154167103,5,8,8,20.7636455329248,20.843435806369744,-0.07979027344494227,-0.38427873043016103
cvrp,0,2,2,worst_removal,regret_2,8090447231200151009,5,8,8,20.7636455329248,20.843435806369744,-0.07979027344494227,-0.38427873043016103
cvrp,0,2,2,worst_removal,regret_3,1758490626464126642,5,8,8,20.7636455329248,19.78403201362101,0.9796135193037898,4.717926424579065
cvrp,0,2,2,worst_removal,greedy_with_noise,10839409531334366070,5,8,8,20.7636455329248,20.99559955654595,-0.23195402362114947,-1.1171160827868172
cvrp,0,2,2,worst_removal,best_position_first,13825789945286723781,5,8,8,20.7636455329248,19.72756564887205,1.03607988405275,4.989874646096437
cvrp,0,2,2,worst_removal,sequential_insertion,7500333545287291537,5,8,8,20.7636455329248,19.78403201362101,0.9796135193037898,4.717926424579065
cvrp,0,2,2,route_removal,greedy_insertion,14554763252873470240,5,8,8,20.7636455329248,21.07354090888789,-0.30989537596308736,-1.4924902058826226
cvrp,0,2,2,route_removal,regret_2,4177105138857468409,5,8,8,20.7636455329248,21.405949047793655,-0.6423035148688534,-3.0934043535387663
cvrp,0,2,2,route_removal,regret_3,16841051749354409757,5,8,8,20.7636455329248,20.263094604796624,0.5005509281281775,2.410708309070565
cvrp,0,2,2,route_removal,greedy_with_noise,18198075335273294178,5,8,8,20.7636455329248,20.752500269614153,0.0111452633106488,0.053676813606627106
cvrp,0,2,2,route_removal,best_position_first,15747006556726144258,5,8,8,20.7636455329248,20.752500269614153,0.0111452633106488,0.053676813606627106
cvrp,0,2,2,route_removal,sequential_insertion,16338717186744010652,5,8,8,20.7636455329248,21.40182324716517,-0.6381777142403671,-3.073534044050271
cvrp,0,2,2,cluster_removal,greedy_insertion,1924955969066424592,5,8,8,20.7636455329248,20.38640610481533,0.37723942810947264,1.8168265659866236
cvrp,0,2,2,cluster_removal,regret_2,13108861631692253034,5,8,8,20.7636455329248,20.231011512559107,0.5326340203656947,2.565224009055153
cvrp,0,2,2,cluster_removal,regret_3,2735208926379505417,5,8,8,20.7636455329248,20.16554826426389,0.5980972686609114,2.8805022110039
cvrp,0,2,2,cluster_removal,greedy_with_noise,10931964955978536597,5,8,8,20.7636455329248,20.17788412087832,0.5857614120464802,2.8210913691318873
cvrp,0,2,2,cluster_removal,best_position_first,8851984535348801691,5,8,8,20.7636455329248,20.16554826426389,0.5980972686609114,2.8805022110039
cvrp,0,2,2,cluster_removal,sequential_insertion,8472920723343108001,5,8,8,20.7636455329248,20.328252547514758,0.43539298541004356,2.0969004923516117
cvrp,0,2,2,time_oriented_removal,greedy_insertion,11967058937908748546,5,8,8,20.7636455329248,20.31848446116284,0.4451610717619623,2.143944670294399
cvrp,0,2,2,time_oriented_removal,regret_2,11290078571186437770,5,8,8,20.7636455329248,20.31848446116284,0.4451610717619623,2.143944670294399
cvrp,0,2,2,time_oriented_removal,regret_3,8666629631774988840,5,8,8,20.7636455329248,20.31848446116284,0.4451610717619623,2.143944670294399
cvrp,0,2,2,time_oriented_removal,greedy_with_noise,2559674285178967538,5,8,8,20.7636455329248,20.336422016470827,0.4272235164539744,2.057555431566814
cvrp,0,2,2,time_oriented_removal,best_position_first,17338785705213734130,5,8,8,20.7636455329248,20.88300896324591,-0.11936343032110841,-0.5748674053014171
cvrp,0,2,2,time_oriented_removal,sequential_insertion,13539966738278659932,5,8,8,20.7636455329248,20.31848446116284,0.4451610717619623,2.143944670294399
cvrp,0,3,3,random_removal,greedy_insertion,16786019559304810486,5,8,8,19.98202754572091,18.695888806110595,1.2861387396103154,6.436477663077479
cvrp,0,3,3,random_removal,regret_2,17242645406407024842,5,8,8,19.98202754572091,18.695888806110595,1.2861387396103154,6.436477663077479
cvrp,0,3,3,random_removal,regret_3,4396223550741264305,5,8,8,19.98202754572091,18.695888806110595,1.2861387396103154,6.436477663077479
cvrp,0,3,3,random_removal,greedy_with_noise,5568779462698351242,5,8,9,19.98202754572091,19.829060944805907,0.15296660091500414,0.7655209190608961
cvrp,0,3,3,random_removal,best_position_first,10733375126800932751,5,8,8,19.98202754572091,19.811675394034708,0.17035215168620255,0.8525268584302544
cvrp,0,3,3,random_removal,sequential_insertion,7056851155515606695,5,8,8,19.98202754572091,18.695888806110595,1.2861387396103154,6.436477663077479
cvrp,0,3,3,shaw_removal,greedy_insertion,3735558486569948719,5,8,8,19.98202754572091,18.884375810520343,1.097651735200568,5.49319498578925
cvrp,0,3,3,shaw_removal,regret_2,7154033351529331719,5,8,8,19.98202754572091,18.884375810520343,1.097651735200568,5.49319498578925
cvrp,0,3,3,shaw_removal,regret_3,8419008517363948529,5,8,8,19.98202754572091,18.884375810520343,1.097651735200568,5.49319498578925
cvrp,0,3,3,shaw_removal,greedy_with_noise,10660300007247224774,5,8,8,19.98202754572091,18.913286735818918,1.0687408099019926,5.348510342389455
cvrp,0,3,3,shaw_removal,best_position_first,5343500653012161386,5,8,8,19.98202754572091,18.884375810520343,1.097651735200568,5.49319498578925
cvrp,0,3,3,shaw_removal,sequential_insertion,3517017234796056993,5,8,8,19.98202754572091,18.884375810520343,1.097651735200568,5.49319498578925
cvrp,0,3,3,worst_removal,greedy_insertion,232837343708630302,5,8,8,19.98202754572091,18.871131471832275,1.110896073888636,5.5594762410710965
cvrp,0,3,3,worst_removal,regret_2,6975985700234665892,5,8,8,19.98202754572091,19.182091166001012,0.7999363797198988,4.003279336341435
cvrp,0,3,3,worst_removal,regret_3,4022172628934732406,5,8,8,19.98202754572091,18.99690701559394,0.9851205301269701,4.930032890170501
cvrp,0,3,3,worst_removal,greedy_with_noise,6886445021922023720,5,8,8,19.98202754572091,19.52234282016615,0.45968472555476225,2.3004909011508308
cvrp,0,3,3,worst_removal,best_position_first,2030837999760209530,5,8,8,19.98202754572091,19.52234282016615,0.45968472555476225,2.3004909011508308
cvrp,0,3,3,worst_removal,sequential_insertion,7518195877492474866,5,8,8,19.98202754572091,19.52234282016615,0.45968472555476225,2.3004909011508308
cvrp,0,3,3,route_removal,greedy_insertion,3815428294486290603,5,8,8,19.98202754572091,19.412805857360265,0.5692216883606456,2.8486683198599767
cvrp,0,3,3,route_removal,regret_2,7702798280812836416,5,8,8,19.98202754572091,19.412805857360265,0.5692216883606456,2.8486683198599767
cvrp,0,3,3,route_removal,regret_3,12613688285201910542,5,8,8,19.98202754572091,19.412805857360265,0.5692216883606456,2.8486683198599767
cvrp,0,3,3,route_removal,greedy_with_noise,3703251406332173485,5,8,8,19.98202754572091,19.412805857360265,0.5692216883606456,2.8486683198599767
cvrp,0,3,3,route_removal,best_position_first,14363495124287467910,5,8,8,19.98202754572091,19.412805857360265,0.5692216883606456,2.8486683198599767
cvrp,0,3,3,route_removal,sequential_insertion,3688758322355270097,5,8,8,19.98202754572091,19.412805857360265,0.5692216883606456,2.8486683198599767
cvrp,0,3,3,cluster_removal,greedy_insertion,10330672703949654827,5,8,8,19.98202754572091,19.758731520161632,0.22329602555927863,1.1174843245929604
cvrp,0,3,3,cluster_removal,regret_2,16154692809785901826,5,8,8,19.98202754572091,19.7533147514895,0.22871279423140933,1.1445925280009308
cvrp,0,3,3,cluster_removal,regret_3,3047341781436452482,5,8,8,19.98202754572091,19.758731520161632,0.22329602555927863,1.1174843245929604
cvrp,0,3,3,cluster_removal,greedy_with_noise,5051805677488249141,5,8,8,19.98202754572091,20.24245705139443,-0.2604295056735211,-1.303318720173075
cvrp,0,3,3,cluster_removal,best_position_first,3686697064631323682,5,8,7,19.98202754572091,20.36227541586217,-0.38024787014126105,-1.9029493842464948
cvrp,0,3,3,cluster_removal,sequential_insertion,15006373007854021789,5,8,8,19.98202754572091,19.94145531835938,0.040572227361529656,0.2030435963952921
cvrp,0,3,3,time_oriented_removal,greedy_insertion,11703126066021671623,5,8,8,19.98202754572091,19.35381352970725,0.6282140160136613,3.1438952557554223
cvrp,0,3,3,time_oriented_removal,regret_2,12769437902013881469,5,8,8,19.98202754572091,19.35381352970725,0.6282140160136613,3.1438952557554223
cvrp,0,3,3,time_oriented_removal,regret_3,15866514272631283518,5,8,8,19.98202754572091,19.363294371401974,0.6187331743189368,3.09644841046892
cvrp,0,3,3,time_oriented_removal,greedy_with_noise,2359886960080738180,5,8,8,19.98202754572091,19.47274862734808,0.5092789183728321,2.54868489800422
cvrp,0,3,3,time_oriented_removal,best_position_first,18134859379658614364,5,8,8,19.98202754572091,19.35381352970725,0.6282140160136613,3.1438952557554223
cvrp,0,3,3,time_oriented_removal,sequential_insertion,16759923762443152130,5,8,8,19.98202754572091,19.35381352970725,0.6282140160136613,3.1438952557554223
cvrp,0,4,4,random_removal,greedy_insertion,8820711895167545792,5,8,8,19.717087298428066,20.65608752483872,-0.9390002264106556,-4.762367849766111
cvrp,0,4,4,random_removal,regret_2,9759631724219557938,5,8,8,19.717087298428066,19.70045077281125,0.01663652561681417,0.08437618277492998
cvrp,0,4,4,random_removal,regret_3,10653325276598734015,5,8,8,19.717087298428066,19.70045077281125,0.01663652561681417,0.08437618277492998
cvrp,0,4,4,random_removal,greedy_with_noise,16083053607175877148,5,8,8,19.717087298428066,19.66501374372242,0.052073554705646785,0.26410368792046846
cvrp,0,4,4,random_removal,best_position_first,7196090647770002093,5,8,8,19.717087298428066,19.630747070559373,0.08634022786869266,0.4378954485613912
cvrp,0,4,4,random_removal,sequential_insertion,3792794094720572146,5,8,8,19.717087298428066,19.786680157455795,-0.06959285902772905,-0.35295709743739534
cvrp,0,4,4,shaw_removal,greedy_insertion,622994000804476958,5,8,8,19.717087298428066,19.312062733695765,0.405024564732301,2.0541805115636493
cvrp,0,4,4,shaw_removal,regret_2,5218898608926908695,5,8,8,19.717087298428066,19.287566487310656,0.4295208111174098,2.178419178331949
cvrp,0,4,4,shaw_removal,regret_3,1932556227949945939,5,8,8,19.717087298428066,19.287566487310656,0.4295208111174098,2.178419178331949
cvrp,0,4,4,shaw_removal,greedy_with_noise,5467890644408434410,5,8,8,19.717087298428066,19.287566487310656,0.4295208111174098,2.178419178331949
cvrp,0,4,4,shaw_removal,best_position_first,5849910130988959483,5,8,8,19.717087298428066,19.287566487310656,0.4295208111174098,2.178419178331949
cvrp,0,4,4,shaw_removal,sequential_insertion,9475349939904856148,5,8,8,19.717087298428066,19.287566487310656,0.4295208111174098,2.178419178331949
cvrp,0,4,4,worst_removal,greedy_insertion,14560268247283221502,5,8,8,19.717087298428066,17.97207273672607,1.7450145617019963,8.850265433683587
cvrp,0,4,4,worst_removal,regret_2,17378246407439769140,5,8,8,19.717087298428066,17.97207273672607,1.7450145617019963,8.850265433683587
cvrp,0,4,4,worst_removal,regret_3,16616368917185367441,5,8,8,19.717087298428066,18.035252190064853,1.681835108363213,8.529835481822392
cvrp,0,4,4,worst_removal,greedy_with_noise,10577152251384077460,5,8,8,19.717087298428066,17.97207273672607,1.7450145617019963,8.850265433683587
cvrp,0,4,4,worst_removal,best_position_first,5523935355345563985,5,8,8,19.717087298428066,18.035252190064853,1.681835108363213,8.529835481822392
cvrp,0,4,4,worst_removal,sequential_insertion,10046712670140934680,5,8,8,19.717087298428066,18.035252190064853,1.681835108363213,8.529835481822392
cvrp,0,4,4,route_removal,greedy_insertion,5536091037260625490,5,8,8,19.717087298428066,19.723697861088954,-0.006610562660888775,-0.033527075073688996
cvrp,0,4,4,route_removal,regret_2,9269306472661061998,5,8,8,19.717087298428066,19.723697861088954,-0.006610562660888775,-0.033527075073688996
cvrp,0,4,4,route_removal,regret_3,14959970994663314329,5,8,8,19.717087298428066,19.717087298428066,0.0,0.0
cvrp,0,4,4,route_removal,greedy_with_noise,1422656591916013985,5,8,8,19.717087298428066,19.883528417319344,-0.166441118891278,-0.8441465839863043
cvrp,0,4,4,route_removal,best_position_first,17969726371145873444,5,8,8,19.717087298428066,19.723697861088954,-0.006610562660888775,-0.033527075073688996
cvrp,0,4,4,route_removal,sequential_insertion,443814124074655491,5,8,8,19.717087298428066,19.723697861088954,-0.006610562660888775,-0.033527075073688996
cvrp,0,4,4,cluster_removal,greedy_insertion,18190492637939287521,5,8,8,19.717087298428066,19.613276773267184,0.10381052516088118,0.5265003070162266
cvrp,0,4,4,cluster_removal,regret_2,14823501235188425420,5,8,8,19.717087298428066,19.156369269134153,0.5607180292939127,2.843817754656975
cvrp,0,4,4,cluster_removal,regret_3,16275280117226785402,5,8,8,19.717087298428066,19.165168977366026,0.5519183210620398,2.7991878958006193
cvrp,0,4,4,cluster_removal,greedy_with_noise,1198982851426112084,5,8,8,19.717087298428066,19.210494101152843,0.5065931972752225,2.5693105153295654
cvrp,0,4,4,cluster_removal,best_position_first,9303909423930044293,5,8,8,19.717087298428066,19.288028939881965,0.42905835854610075,2.1760737377285295
cvrp,0,4,4,cluster_removal,sequential_insertion,6407675065350736518,5,8,8,19.717087298428066,19.336046851257112,0.3810404471709532,1.9325392305857034
cvrp,0,4,4,time_oriented_removal,greedy_insertion,13693688158476219589,5,8,8,19.717087298428066,18.840038335410462,0.8770489630176037,4.448166961696852
cvrp,0,4,4,time_oriented_removal,regret_2,7398603835421551050,5,8,8,19.717087298428066,18.687577106069124,1.0295101923589414,5.221411138353171
cvrp,0,4,4,time_oriented_removal,regret_3,8572763157595083434,5,8,8,19.717087298428066,18.687577106069124,1.0295101923589414,5.221411138353171
cvrp,0,4,4,time_oriented_removal,greedy_with_noise,8337723094174629353,5,8,8,19.717087298428066,18.90785310753742,0.8092341908906455,4.104227864098169
cvrp,0,4,4,time_oriented_removal,best_position_first,4106861510421007413,5,8,8,19.717087298428066,18.840038335410462,0.8770489630176037,4.448166961696852
cvrp,0,4,4,time_oriented_removal,sequential_insertion,3051227881048182668,5,8,8,19.717087298428066,18.855978460177987,0.8611088382500789,4.367322745072648
cvrp,0,5,5,random_removal,greedy_insertion,507682098448284557,5,8,8,20.539752461832506,20.251783234520282,0.2879692273122245,1.4020092396309853
cvrp,0,5,5,random_removal,regret_2,1682491769681088578,5,8,8,20.539752461832506,20.251783234520282,0.2879692273122245,1.4020092396309853
cvrp,0,5,5,random_removal,regret_3,7520286627095562561,5,8,8,20.539752461832506,20.231380355585006,0.3083721062475,1.5013428561056172
cvrp,0,5,5,random_removal,greedy_with_noise,3499208123705292554,5,8,8,20.539752461832506,20.32191532088179,0.21783714095071716,1.0605636136828216
cvrp,0,5,5,random_removal,best_position_first,17287147215307992733,5,8,8,20.539752461832506,20.251783234520282,0.2879692273122245,1.4020092396309853
cvrp,0,5,5,random_removal,sequential_insertion,14866951073323833580,5,8,8,20.539752461832506,20.251783234520282,0.2879692273122245,1.4020092396309853
cvrp,0,5,5,shaw_removal,greedy_insertion,18144600912109781022,5,8,8,20.539752461832506,20.293987473958808,0.24576498787369871,1.196533348346751
cvrp,0,5,5,shaw_removal,regret_2,570931133165006950,5,8,8,20.539752461832506,20.293987473958808,0.24576498787369871,1.196533348346751
cvrp,0,5,5,shaw_removal,regret_3,2925232645669998212,5,8,8,20.539752461832506,20.726196274368743,-0.1864438125362362,-0.9077218086376205
cvrp,0,5,5,shaw_removal,greedy_with_noise,4380359067427827199,5,8,8,20.539752461832506,21.11446791037493,-0.574715448542424,-2.7980641422547565
cvrp,0,5,5,shaw_removal,best_position_first,15387800439089594275,5,8,8,20.539752461832506,21.172076767551047,-0.6323243057185408,-3.0785390763279255
cvrp,0,5,5,shaw_removal,sequential_insertion,16255414299472435066,5,8,8,20.539752461832506,21.11446791037493,-0.574715448542424,-2.7980641422547565
cvrp,0,5,5,worst_removal,greedy_insertion,17341738037566702414,5,8,8,20.539752461832506,20.26616962574475,0.2735828360877548,1.3319675424333055
cvrp,0,5,5,worst_removal,regret_2,16435219808251717801,5,8,8,20.539752461832506,20.19234350696957,0.3474089548629351,1.6913979635757506
cvrp,0,5,5,worst_removal,regret_3,4233073850354517504,5,8,8,20.539752461832506,20.19234350696957,0.3474089548629351,1.6913979635757506
cvrp,0,5,5,worst_removal,greedy_with_noise,4477855643969069017,5,8,8,20.539752461832506,21.1318310404638,-0.5920785786312948,-2.8825984136445184
cvrp,0,5,5,worst_removal,best_position_first,14917691906075939962,5,8,8,20.539752461832506,21.1318310404638,-0.5920785786312948,-2.8825984136445184
cvrp,0,5,5,worst_removal,sequential_insertion,16749356587740333291,5,8,8,20.539752461832506,20.19234350696957,0.3474089548629351,1.6913979635757506
cvrp,0,5,5,route_removal,greedy_insertion,12789224555922051737,5,8,8,20.539752461832506,20.1168399571167,0.4229125047158071,2.0589951388249395
cvrp,0,5,5,route_removal,regret_2,11104341948393064143,5,8,8,20.539752461832506,20.106546477042592,0.43320598478991457,2.1091100566811067
cvrp,0,5,5,route_removal,regret_3,10195536397855230126,5,8,8,20.539752461832506,20.1168399571167,0.4229125047158071,2.0589951388249395
cvrp,0,5,5,route_removal,greedy_with_noise,14778232705816431938,5,8,8,20.539752461832506,19.25784651341997,1.2819059484125361,6.2410973588635335
cvrp,0,5,5,route_removal,best_position_first,4552419295099779332,5,8,8,20.539752461832506,19.358103476046736,1.1816489857857704,5.752985523956731
cvrp,0,5,5,route_removal,sequential_insertion,13077401438195376791,5,8,8,20.539752461832506,19.24913173499609,1.2906207268364156,6.283526197478183
cvrp,0,5,5,cluster_removal,greedy_insertion,6169385345073015166,5,8,8,20.539752461832506,20.08859121295223,0.4511612488802754,2.196527196316678
cvrp,0,5,5,cluster_removal,regret_2,11705515200565935432,5,8,8,20.539752461832506,20.011350524482477,0.5284019373500293,2.5725818182664044
cvrp,0,5,5,cluster_removal,regret_3,2543471209173964428,5,8,8,20.539752461832506,20.08859121295223,0.4511612488802754,2.196527196316678
cvrp,0,5,5,cluster_removal,greedy_with_noise,10066970278417978063,5,8,8,20.539752461832506,20.276757879941297,0.26299458189120983,1.280417484971706
cvrp,0,5,5,cluster_removal,best_position_first,209732350020007760,5,8,8,20.539752461832506,20.189858019923655,0.34989444190885166,1.7034988253097716
cvrp,0,5,5,cluster_removal,sequential_insertion,6918462788218481238,5,8,8,20.539752461832506,19.94354612132691,0.5962063405055957,2.902694867494054
cvrp,0,5,5,time_oriented_removal,greedy_insertion,3311352129130447326,5,8,8,20.539752461832506,20.337094847875246,0.20265761395726045,0.9866604494569446
cvrp,0,5,5,time_oriented_removal,regret_2,11264421705996680723,5,8,8,20.539752461832506,20.296005307613957,0.24374715421854987,1.1867093075804447
cvrp,0,5,5,time_oriented_removal,regret_3,15191437154289841344,5,8,8,20.539752461832506,20.296005307613957,0.24374715421854987,1.1867093075804447
cvrp,0,5,5,time_oriented_removal,greedy_with_noise,3523618657706351499,5,8,8,20.539752461832506,20.29832137428101,0.24143108755149711,1.1754332872323099
cvrp,0,5,5,time_oriented_removal,best_position_first,8230915678474509117,5,8,8,20.539752461832506,20.285709766263636,0.25404269556887016,1.2368342609821554
cvrp,0,5,5,time_oriented_removal,sequential_insertion,4472395452993373971,5,8,8,20.539752461832506,20.296005307613957,0.24374715421854987,1.1867093075804447
cvrp,1,0,6,random_removal,greedy_insertion,4866954907330365391,5,7,7,22.394496678831377,21.357811528653038,1.0366851501783394,4.629196025460471
cvrp,1,0,6,random_removal,regret_2,5913165881437363245,5,7,7,22.394496678831377,21.397108171525577,0.9973885073058,4.453721472778584
cvrp,1,0,6,random_removal,regret_3,7665672442984868993,5,7,7,22.394496678831377,21.357811528653038,1.0366851501783394,4.629196025460471
cvrp,1,0,6,random_removal,greedy_with_noise,4896889992833995070,5,7,7,22.394496678831377,21.547009142393655,0.8474875364377219,3.7843562576640446
cvrp,1,0,6,random_removal,best_position_first,13329017777667281759,5,7,7,22.394496678831377,21.357811528653038,1.0366851501783394,4.629196025460471
cvrp,1,0,6,random_removal,sequential_insertion,7779972903208649600,5,7,7,22.394496678831377,21.326622433435993,1.0678742453953838,4.76846727439426
cvrp,1,0,6,shaw_removal,greedy_insertion,10412477989042881880,5,7,7,22.394496678831377,22.406098494584885,-0.011601815753508049,-0.05180654836719229
cvrp,1,0,6,shaw_removal,regret_2,12520649952306666034,5,7,7,22.394496678831377,22.40436598233474,-0.009869303503361238,-0.04407021798659264
cvrp,1,0,6,shaw_removal,regret_3,549521330398748121,5,7,7,22.394496678831377,22.406098494584885,-0.011601815753508049,-0.05180654836719229
cvrp,1,0,6,shaw_removal,greedy_with_noise,9317088624947255916,5,7,7,22.394496678831377,22.39803241125263,-0.003535732421251936,-0.015788398694372634
cvrp,1,0,6,shaw_removal,best_position_first,10662788431732825929,5,7,7,22.394496678831377,22.40436598233474,-0.009869303503361238,-0.04407021798659264
cvrp,1,0,6,shaw_removal,sequential_insertion,8957760770833914671,5,7,7,22.394496678831377,22.40436598233474,-0.009869303503361238,-0.04407021798659264
cvrp,1,0,6,worst_removal,greedy_insertion,5384290889356158205,5,7,7,22.394496678831377,20.68792980295587,1.706566875875506,7.620474352918391
cvrp,1,0,6,worst_removal,regret_2,7709698652954105603,5,7,7,22.394496678831377,20.68792980295587,1.706566875875506,7.620474352918391
cvrp,1,0,6,worst_removal,regret_3,12588173368395191056,5,7,7,22.394496678831377,20.53635056118477,1.8581461176466085,8.29733369003573
cvrp,1,0,6,worst_removal,greedy_with_noise,10042229752235801629,5,7,7,22.394496678831377,20.63015077829996,1.764345900531417,7.878479815084135
cvrp,1,0,6,worst_removal,best_position_first,13432356749209281851,5,7,7,22.394496678831377,20.68792980295587,1.706566875875506,7.620474352918391
cvrp,1,0,6,worst_removal,sequential_insertion,748008064180899376,5,7,7,22.394496678831377,20.53635056118477,1.8581461176466085,8.29733369003573
cvrp,1,0,6,route_removal,greedy_insertion,2392401108276147090,5,7,7,22.394496678831377,21.922959098527297,0.47153758030408,2.105595794657022
cvrp,1,0,6,route_removal,regret_2,14070311552230938448,5,7,7,22.394496678831377,21.895499963163907,0.49899671566747017,2.2282113450629675
cvrp,1,0,6,route_removal,regret_3,3912905379375896769,5,7,7,22.394496678831377,21.922959098527297,0.47153758030408,2.105595794657022
cvrp,1,0,6,route_removal,greedy_with_noise,8279425470167167489,5,7,7,22.394496678831377,22.00554035242301,0.3889563264083655,1.7368388849570815
cvrp,1,0,6,route_removal,best_position_first,14491015439723741550,5,7,7,22.394496678831377,21.895499963163907,0.49899671566747017,2.2282113450629675
cvrp,1,0,6,route_removal,sequential_insertion,5602133623724054895,5,7,7,22.394496678831377,21.895499963163907,0.49899671566747017,2.2282113450629675
cvrp,1,0,6,cluster_removal,greedy_insertion,3777791151141907294,5,7,7,22.394496678831377,21.705917845273387,0.6885788335579903,3.0747680710720164
cvrp,1,0,6,cluster_removal,regret_2,17014754949773133232,5,7,7,22.394496678831377,21.705917845273387,0.6885788335579903,3.0747680710720164
cvrp,1,0,6,cluster_removal,regret_3,13617217044626041706,5,7,7,22.394496678831377,21.647408363606118,0.747088315225259,3.3360353034031425
cvrp,1,0,6,cluster_removal,greedy_with_noise,205529015350098612,5,7,7,22.394496678831377,21.96666079798699,0.4278358808443876,1.9104509781137604
cvrp,1,0,6,cluster_removal,best_position_first,4777700153391342576,5,7,7,22.394496678831377,21.831798098705576,0.5626985801258009,2.5126645541343975
cvrp,1,0,6,cluster_removal,sequential_insertion,7150514444239415669,5,7,7,22.394496678831377,21.96599441875413,0.42850226007724856,1.9134266164699947
cvrp,1,0,6,time_oriented_removal,greedy_insertion,15684146630785578890,5,7,7,22.394496678831377,21.461574285831453,0.9329223929999237,4.165855595592724
cvrp,1,0,6,time_oriented_removal,regret_2,12896215554063512494,5,7,7,22.394496678831377,21.461574285831453,0.9329223929999237,4.165855595592724
cvrp,1,0,6,time_oriented_removal,regret_3,16478183887064285690,5,7,7,22.394496678831377,21.44992127095436,0.9445754078770179,4.217890767645103
cvrp,1,0,6,time_oriented_removal,greedy_with_noise,16198155913989986734,5,7,7,22.394496678831377,21.660323470956104,0.7341732078752727,3.278364405346325
cvrp,1,0,6,time_oriented_removal,best_position_first,16134736452889186258,5,7,7,22.394496678831377,21.647263896926475,0.747232781904902,3.3366804024277594
cvrp,1,0,6,time_oriented_removal,sequential_insertion,18067296171503545371,5,7,7,22.394496678831377,21.647263896926475,0.747232781904902,3.3366804024277594
cvrp,1,1,7,random_removal,greedy_insertion,1527521307121542117,5,7,7,19.404625992548358,18.375676388432034,1.028949604116324,5.302599516792824
cvrp,1,1,7,random_removal,regret_2,746062350539788433,5,7,7,19.404625992548358,18.501897180146123,0.9027288124022341,4.652131985171445
cvrp,1,1,7,random_removal,regret_3,5576817081099898693,5,7,7,19.404625992548358,18.375676388432034,1.028949604116324,5.302599516792824
cvrp,1,1,7,random_removal,greedy_with_noise,6106355986028461409,5,7,7,19.404625992548358,19.428974466090942,-0.024348473542584514,-0.12547767502416518
cvrp,1,1,7,random_removal,best_position_first,6211843624133549800,5,7,7,19.404625992548358,18.36031789876634,1.0443080937820177,5.381748116057719
cvrp,1,1,7,random_removal,sequential_insertion,12548276115026982999,5,7,7,19.404625992548358,18.501897180146123,0.9027288124022341,4.652131985171445
cvrp,1,1,7,shaw_removal,greedy_insertion,16351033549269967831,5,7,7,19.404625992548358,18.605424602359815,0.7992013901885429,4.1186126983093985
cvrp,1,1,7,shaw_removal,regret_2,18117344643077436659,5,7,7,19.404625992548358,18.605424602359815,0.7992013901885429,4.1186126983093985
cvrp,1,1,7,shaw_removal,regret_3,17575466561362780150,5,7,7,19.404625992548358,18.605424602359815,0.7992013901885429,4.1186126983093985
cvrp,1,1,7,shaw_removal,greedy_with_noise,273867882918752716,5,7,7,19.404625992548358,18.68380845279928,0.7208175397490777,3.714668553910194
cvrp,1,1,7,shaw_removal,best_position_first,8012601526200301059,5,7,7,19.404625992548358,18.668875440867087,0.7357505516812708,3.791624491828954
cvrp,1,1,7,shaw_removal,sequential_insertion,5060180031091980683,5,7,7,19.404625992548358,18.668875440867087,0.7357505516812708,3.791624491828954
cvrp,1,1,7,worst_removal,greedy_insertion,14875597073930863317,5,7,7,19.404625992548358,18.49011620764405,0.9145097849043076,4.712844170536922
cvrp,1,1,7,worst_removal,regret_2,480387728341977742,5,7,7,19.404625992548358,18.660232955025393,0.7443930375229648,3.836162767624699
cvrp,1,1,7,worst_removal,regret_3,590971784652059056,5,7,7,19.404625992548358,18.81292438846311,0.5917016040852481,3.0492811575573247
cvrp,1,1,7,worst_removal,greedy_with_noise,4608183503713786435,5,7,7,19.404625992548358,18.582496045257795,0.8221299472905628,4.236772961283933
cvrp,1,1,7,worst_removal,best_position_first,3894543645040764804,5,7,7,19.404625992548358,18.61999258114797,0.7846334114003888,4.043537925965174
cvrp,1,1,7,worst_removal,sequential_insertion,12216874253814027643,5,7,7,19.404625992548358,18.729687096398685,0.6749388961496727,3.478237078152697
cvrp,1,1,7,route_removal,greedy_insertion,422778898014045002,5,7,7,19.404625992548358,20.17619763412997,-0.7715716415816125,-3.97622526647979
cvrp,1,1,7,route_removal,regret_2,3018545182323226036,5,7,7,19.404625992548358,19.776111039901945,-0.37148504735358756,-1.9144148797108633
cvrp,1,1,7,route_removal,regret_3,5294969663633286164,5,7,7,19.404625992548358,19.205552260695963,0.19907373185239408,1.0259086257516177
cvrp,1,1,7,route_removal,greedy_with_noise,10765857269721317914,5,7,7,19.404625992548358,19.85878352136114,-0.4541575288127824,-2.3404600994999085
cvrp,1,1,7,route_removal,best_position_first,3771158298071846984,5,7,7,19.404625992548358,19.776111039901945,-0.37148504735358756,-1.9144148797108633
cvrp,1,1,7,route_removal,sequential_insertion,591870850839474723,5,7,7,19.404625992548358,19.776111039901945,-0.37148504735358756,-1.9144148797108633
cvrp,1,1,7,cluster_removal,greedy_insertion,7852044275125651520,5,7,7,19.404625992548358,20.047651885366996,-0.6430258928186383,-3.3137762771906507
cvrp,1,1,7,cluster_removal,regret_2,11049352727175554500,5,7,7,19.404625992548358,20.149179693640075,-0.7445537010917178,-3.836990732919236
cvrp,1,1,7,cluster_removal,regret_3,18167969647749414370,5,7,7,19.404625992548358,20.064856058621693,-0.6602300660733356,-3.4024364413252437
cvrp,1,1,7,cluster_removal,greedy_with_noise,17287923775971206007,5,7,7,19.404625992548358,20.17003464675653,-0.7654086542081728,-3.9444648636984825
cvrp,1,1,7,cluster_removal,best_position_first,13804084911546057970,5,7,7,19.404625992548358,20.26944009513059,-0.8648141025822333,-4.4567419280038365
cvrp,1,1,7,cluster_removal,sequential_insertion,8498128707521828180,5,7,7,19.404625992548358,20.156295060801057,-0.7516690682526992,-3.8736591395337916
cvrp,1,1,7,time_oriented_removal,greedy_insertion,11349533574794569801,5,7,7,19.404625992548358,19.324466234625252,0.0801597579231057,0.4130961243668811
cvrp,1,1,7,time_oriented_removal,regret_2,1218634441521994240,5,7,7,19.404625992548358,18.10727519748297,1.2973507950653875,6.685780986263729
cvrp,1,1,7,time_oriented_removal,regret_3,7410087317984179370,5,7,7,19.404625992548358,18.10727519748297,1.2973507950653875,6.685780986263729
cvrp,1,1,7,time_oriented_removal,greedy_with_noise,15334561323205588167,5,7,8,19.404625992548358,19.14329911525138,0.2613268772969768,1.3467246284330854
cvrp,1,1,7,time_oriented_removal,best_position_first,2197953215759286256,5,7,7,19.404625992548358,19.437512409316113,-0.03288641676775583,-0.16947719982021126
cvrp,1,1,7,time_oriented_removal,sequential_insertion,1648629624075679737,5,7,7,19.404625992548358,19.432427600171124,-0.02780160762276651,-0.14327309185677017
cvrp,1,2,8,random_removal,greedy_insertion,16826316707953815452,5,7,7,19.191705057103537,18.61667882728775,0.5750262298157871,2.996222733232081
cvrp,1,2,8,random_removal,regret_2,17504942141825039355,5,7,7,19.191705057103537,18.55864528460779,0.6330597724957485,3.2986114084815537
cvrp,1,2,8,random_removal,regret_3,6895812815761953790,5,7,7,19.191705057103537,18.55864528460779,0.6330597724957485,3.2986114084815537
cvrp,1,2,8,random_removal,greedy_with_noise,11594406204795610496,5,7,7,19.191705057103537,19.08773992667209,0.1039651304314475,0.5417190922958994
cvrp,1,2,8,random_removal,best_position_first,3876795762905721595,5,7,7,19.191705057103537,19.08273518493746,0.10896987216607812,0.5677967217704009
cvrp,1,2,8,random_removal,sequential_insertion,16846610604639836736,5,7,7,19.191705057103537,18.832176574544352,0.3595284825591847,1.8733535216878
cvrp,1,2,8,shaw_removal,greedy_insertion,9956206188209884366,5,7,7,19.191705057103537,18.647105418579518,0.5445996385240193,2.8376824096848208
cvrp,1,2,8,shaw_removal,regret_2,4893581813872412319,5,7,7,19.191705057103537,18.647105418579518,0.5445996385240193,2.8376824096848208
cvrp,1,2,8,shaw_removal,regret_3,13974844142598337910,5,7,7,19.191705057103537,18.647105418579518,0.5445996385240193,2.8376824096848208
cvrp,1,2,8,shaw_removal,greedy_with_noise,13986180320676626925,5,7,7,19.191705057103537,18.778537003202644,0.4131680539008933,2.1528470381945817
cvrp,1,2,8,shaw_removal,best_position_first,1764647034052071207,5,7,7,19.191705057103537,18.759550840774367,0.4321542163291703,2.2517760409683585
cvrp,1,2,8,shaw_removal,sequential_insertion,14398154836436712242,5,7,7,19.191705057103537,18.650416156397092,0.5412889007064443,2.820431530684106
cvrp,1,2,8,worst_removal,greedy_insertion,5742654399362172965,5,7,7,19.191705057103537,18.893538258141437,0.2981667989621002,1.5536232871176705
cvrp,1,2,8,worst_removal,regret_2,17758870687330968175,5,7,7,19.191705057103537,18.476879858956533,0.714825198147004,3.7246570641852457
cvrp,1,2,8,worst_removal,regret_3,9139306980629366832,5,7,7,19.191705057103537,18.476879858956533,0.714825198147004,3.7246570641852457
cvrp,1,2,8,worst_removal,greedy_with_noise,15980140147654760682,5,7,7,19.191705057103537,18.49599440687093,0.6957106502326056,3.625059097993475
cvrp,1,2,8,worst_removal,best_position_first,6920289693262757702,5,7,7,19.191705057103537,18.46404071970143,0.727664337402107,3.7915564835797246
cvrp,1,2,8,worst_removal,sequential_insertion,13345660011565432670,5,7,7,19.191705057103537,18.46404071970143,0.727664337402107,3.7915564835797246
cvrp,1,2,8,route_removal,greedy_insertion,2900999842172749150,5,7,7,19.191705057103537,19.874589087370595,-0.6828840302670578,-3.5582249114145177
cvrp,1,2,8,route_removal,regret_2,15173376712931881511,5,7,7,19.191705057103537,19.829850649328108,-0.6381455922245713,-3.325111501692086
cvrp,1,2,8,route_removal,regret_3,13435510642691579399,5,7,7,19.191705057103537,19.80650446488017,-0.6147994077766334,-3.2034642359672687
cvrp,1,2,8,route_removal,greedy_with_noise,12863741364786306526,5,7,7,19.191705057103537,19.851494305748233,-0.6597892486446959,-3.437887601344125
cvrp,1,2,8,route_removal,best_position_first,5213673846944839285,5,7,7,19.191705057103537,19.851494305748233,-0.6597892486446959,-3.437887601344125
cvrp,1,2,8,route_removal,sequential_insertion,8070091910564285931,5,7,7,19.191705057103537,20.011720492151724,-0.8200154350481874,-4.272759677205806
cvrp,1,2,8,cluster_removal,greedy_insertion,14256286713313562493,5,7,7,19.191705057103537,19.020185596235862,0.17151946086767467,0.8937166362099191
cvrp,1,2,8,cluster_removal,regret_2,5306171048538043800,5,7,7,19.191705057103537,19.014408317342525,0.17729673976101168,0.9238196357930575
cvrp,1,2,8,cluster_removal,regret_3,14104766685336673322,5,7,7,19.191705057103537,19.014408317342525,0.17729673976101168,0.9238196357930575
cvrp,1,2,8,cluster_removal,greedy_with_noise,16387275713805565127,5,7,7,19.191705057103537,19.102808995536492,0.08889606156704488,0.4632004363475838
cvrp,1,2,8,cluster_removal,best_position_first,12201384808682957032,5,7,7,19.191705057103537,19.02042115793574,0.17128389916779696,0.8924892220787786
cvrp,1,2,8,cluster_removal,sequential_insertion,5918204121701687240,5,7,7,19.191705057103537,19.014408317342525,0.17729673976101168,0.9238196357930575
cvrp,1,2,8,time_oriented_removal,greedy_insertion,11459869776209572497,5,7,7,19.191705057103537,18.731830718125412,0.4598743389781248,2.3962140810824355
cvrp,1,2,8,time_oriented_removal,regret_2,6653773075861260266,5,7,7,19.191705057103537,18.731830718125412,0.4598743389781248,2.3962140810824355
cvrp,1,2,8,time_oriented_removal,regret_3,16516020782795147342,5,7,7,19.191705057103537,18.731830718125412,0.4598743389781248,2.3962140810824355
cvrp,1,2,8,time_oriented_removal,greedy_with_noise,7347640408032134056,5,7,7,19.191705057103537,18.78860890650532,0.40309615059821624,2.1003665354320145
cvrp,1,2,8,time_oriented_removal,best_position_first,3412672723362121715,5,7,7,19.191705057103537,18.776127447812875,0.41557760929066134,2.1654022300475133
cvrp,1,2,8,time_oriented_removal,sequential_insertion,16723797084511513490,5,7,7,19.191705057103537,18.776127447812875,0.41557760929066134,2.1654022300475133
cvrp,1,3,9,random_removal,greedy_insertion,15470104073915862038,5,7,7,20.970395980932505,21.916324414351944,-0.9459284334194393,-4.510780026660117
cvrp,1,3,9,random_removal,regret_2,10247288716619320894,5,7,7,20.970395980932505,21.54095607335698,-0.5705600924244756,-2.720788357755675
cvrp,1,3,9,random_removal,regret_3,4004912335257316590,5,7,7,20.970395980932505,21.576023976832776,-0.6056279959002708,-2.8880141149978416
cvrp,1,3,9,random_removal,greedy_with_noise,8977954866283733429,5,7,7,20.970395980932505,21.580716947504666,-0.6103209665721607,-2.910393142442803
cvrp,1,3,9,random_removal,best_position_first,14205403887361952302,5,7,7,20.970395980932505,21.54095607335698,-0.5705600924244756,-2.720788357755675
cvrp,1,3,9,random_removal,sequential_insertion,6679114661375780698,5,7,7,20.970395980932505,20.79049121460779,0.17990476632471442,0.8578987563625132
cvrp,1,3,9,shaw_removal,greedy_insertion,3542688570789586797,5,7,7,20.970395980932505,20.43945365401662,0.5309423269158842,2.5318660048129162
cvrp,1,3,9,shaw_removal,regret_2,11388956332469285401,5,7,7,20.970395980932505,20.43945365401662,0.5309423269158842,2.5318660048129162
cvrp,1,3,9,shaw_removal,regret_3,1414222672298541724,5,7,7,20.970395980932505,20.43945365401662,0.5309423269158842,2.5318660048129162
cvrp,1,3,9,shaw_removal,greedy_with_noise,10428705812728445518,5,7,7,20.970395980932505,20.469471120525952,0.5009248604065526,2.388723898499687
cvrp,1,3,9,shaw_removal,best_position_first,9838216372492347864,5,7,7,20.970395980932505,20.519169716606417,0.45122626432608826,2.1517298230151174
cvrp,1,3,9,shaw_removal,sequential_insertion,3467705040438253477,5,7,7,20.970395980932505,20.519169716606417,0.45122626432608826,2.1517298230151174
cvrp,1,3,9,worst_removal,greedy_insertion,9345581268015591131,5,7,7,20.970395980932505,19.44984667877409,1.5205493021584147,7.250932712672598
cvrp,1,3,9,worst_removal,regret_2,13265420079521753707,5,7,7,20.970395980932505,19.1322262704618,1.838169710470705,8.765546020886184
cvrp,1,3,9,worst_removal,regret_3,17470356570706335964,5,7,7,20.970395980932505,19.1322262704618,1.838169710470705,8.765546020886184
cvrp,1,3,9,worst_removal,greedy_with_noise,15498291993655964231,5,7,7,20.970395980932505,19.732820086372406,1.2375758945600985,5.901538033356042
cvrp,1,3,9,worst_removal,best_position_first,7984874695474034646,5,7,7,20.970395980932505,19.719100621212156,1.2512953597203484,5.96696104765069
cvrp,1,3,9,worst_removal,sequential_insertion,18173539906513398051,5,7,7,20.970395980932505,19.719100621212156,1.2512953597203484,5.96696104765069
cvrp,1,3,9,route_removal,greedy_insertion,4288266325899960851,5,7,7,20.970395980932505,20.295679944385604,0.6747160365469007,3.2174692226145445
cvrp,1,3,9,route_removal,regret_2,12163715746131190912,5,7,7,20.970395980932505,20.434149289873663,0.5362466910588424,2.557160539774398
cvrp,1,3,9,route_removal,regret_3,1355736348713630622,5,7,7,20.970395980932505,20.295679944385604,0.6747160365469007,3.2174692226145445
cvrp,1,3,9,route_removal,greedy_with_noise,1749935916383405276,5,7,7,20.970395980932505,20.76933281684642,0.2010631640860865,0.9587952667603641
cvrp,1,3,9,route_removal,best_position_first,9314544574533906548,5,7,7,20.970395980932505,20.295679944385604,0.6747160365469007,3.2174692226145445
cvrp,1,3,9,route_removal,sequential_insertion,14584098780627710175,5,7,7,20.970395980932505,20.295679944385608,0.6747160365468972,3.217469222614527
cvrp,1,3,9,cluster_removal,greedy_insertion,11569600332093311458,5,7,7,20.970395980932505,21.507151214357737,-0.5367552334252323,-2.5595855887188836
cvrp,1,3,9,cluster_removal,regret_2,3205086071925731482,5,7,7,20.970395980932505,20.69257799784704,0.2778179830854661,1.3248103819216113
cvrp,1,3,9,cluster_removal,regret_3,6270339697157425493,5,7,7,20.970395980932505,20.873078972310893,0.09731700862161219,0.46406853122896885
cvrp,1,3,9,cluster_removal,greedy_with_noise,6825899961525226860,5,7,7,20.970395980932505,21.461996692084075,-0.49160071115156967,-2.344260507043174
cvrp,1,3,9,cluster_removal,best_position_first,4648272970720889640,5,7,7,20.970395980932505,21.217949302381868,-0.24755332144936304,-1.180489494211043
cvrp,1,3,9,cluster_removal,sequential_insertion,18015882006543293823,5,7,7,20.970395980932505,20.873078972310893,0.09731700862161219,0.46406853122896885
cvrp,1,3,9,time_oriented_removal,greedy_insertion,16931855055242967886,5,7,7,20.970395980932505,21.820628859304932,-0.8502328783724273,-4.054443602998761
cvrp,1,3,9,time_oriented_removal,regret_2,16564848165731630271,5,7,7,20.970395980932505,20.90087567071892,0.06952031021358351,0.3315164400176105
cvrp,1,3,9,time_oriented_removal,regret_3,9099305785999094489,5,7,7,20.970395980932505,20.90087567071892,0.06952031021358351,0.3315164400176105
cvrp,1,3,9,time_oriented_removal,greedy_with_noise,1111379522184104717,5,7,7,20.970395980932505,21.670376252202132,-0.6999802712696273,-3.337944938694003
cvrp,1,3,9,time_oriented_removal,best_position_first,3058270982457160316,5,7,7,20.970395980932505,21.82129135734146,-0.8508953764089568,-4.057602809134553
cvrp,1,3,9,time_oriented_removal,sequential_insertion,15464055873414314729,5,7,7,20.970395980932505,21.774602493111093,-0.8042065121785882,-3.834961022718976
cvrp,1,4,10,random_removal,greedy_insertion,14508533712867425666,5,7,7,22.84843473177264,21.923058568405793,0.9253761633668489,4.050063709966253
cvrp,1,4,10,random_removal,regret_2,17283156488952691038,5,7,7,22.84843473177264,21.923058568405793,0.9253761633668489,4.050063709966253
cvrp,1,4,10,random_removal,regret_3,15015057556787088754,5,7,7,22.84843473177264,21.923058568405793,0.9253761633668489,4.050063709966253
cvrp,1,4,10,random_removal,greedy_with_noise,14875420523489180660,5,7,7,22.84843473177264,22.024557150868528,0.8238775809041137,3.605838170430308
cvrp,1,4,10,random_removal,best_position_first,15054604478195270175,5,7,7,22.84843473177264,22.06149982336741,0.7869349084052324,3.4441523791165185
cvrp,1,4,10,random_removal,sequential_insertion,3780321026602990273,5,7,7,22.84843473177264,21.943822032696858,0.9046126990757841,3.9591889321759326
cvrp,1,4,10,shaw_removal,greedy_insertion,5341964832100538825,5,7,7,22.84843473177264,22.803742695026365,0.04469203674627664,0.19560218137887872
cvrp,1,4,10,shaw_removal,regret_2,17090983365118719383,5,7,7,22.84843473177264,22.770086488687298,0.07834824308534394,0.3429042033080464
cvrp,1,4,10,shaw_removal,regret_3,7500458903385953328,5,7,7,22.84843473177264,22.698307104486684,0.15012762728595774,0.6570586959166741
cvrp,1,4,10,shaw_removal,greedy_with_noise,10793428030164443285,5,7,7,22.84843473177264,23.44221539624332,-0.5937806644706782,-2.59878049171122
cvrp,1,4,10,shaw_removal,best_position_first,12550460306320195564,5,7,7,22.84843473177264,22.698307104486684,0.15012762728595774,0.6570586959166741
cvrp,1,4,10,shaw_removal,sequential_insertion,9639529362354635930,5,7,7,22.84843473177264,22.860040651780785,-0.011605920008143755,-0.05079525203538237
cvrp,1,4,10,worst_removal,greedy_insertion,8834100938363683639,5,7,7,22.84843473177264,21.23843196750193,1.6100027642707104,7.046446652347122
cvrp,1,4,10,worst_removal,regret_2,1858262637252472197,5,7,7,22.84843473177264,21.0133437206897,1.835091011082941,8.031583049893106
cvrp,1,4,10,worst_removal,regret_3,6417836838988395389,5,7,7,22.84843473177264,20.502093895042574,2.346340836730068,10.269153507777434
cvrp,1,4,10,worst_removal,greedy_with_noise,16284168633023744428,5,7,7,22.84843473177264,20.633321994665945,2.215112737106697,9.694811758927184
cvrp,1,4,10,worst_removal,best_position_first,7952687280607671413,5,7,7,22.84843473177264,20.627492764772683,2.220941966999959,9.72032435951315
cvrp,1,4,10,worst_removal,sequential_insertion,11228988199267924143,5,7,7,22.84843473177264,20.627492764772683,2.220941966999959,9.72032435951315
cvrp,1,4,10,route_removal,greedy_insertion,534446028298492286,5,7,7,22.84843473177264,22.487200904834317,0.3612338269383244,1.5810003231249747
cvrp,1,4,10,route_removal,regret_2,12877358094719693409,5,7,7,22.84843473177264,22.487200904834317,0.3612338269383244,1.5810003231249747
cvrp,1,4,10,route_removal,regret_3,16656798667585215521,5,7,7,22.84843473177264,22.487200904834317,0.3612338269383244,1.5810003231249747
cvrp,1,4,10,route_removal,greedy_with_noise,15427617950339251973,5,7,7,22.84843473177264,22.569180725353647,0.279254006418995,1.222201913160682
cvrp,1,4,10,route_removal,best_position_first,7620489780709362439,5,7,7,22.84843473177264,22.487200904834317,0.3612338269383244,1.5810003231249747
cvrp,1,4,10,route_removal,sequential_insertion,13089072785286466542,5,7,7,22.84843473177264,22.487200904834317,0.3612338269383244,1.5810003231249747
cvrp,1,4,10,cluster_removal,greedy_insertion,5841834093601313798,5,7,7,22.84843473177264,21.767401946956205,1.0810327848164363,4.731320974531225
cvrp,1,4,10,cluster_removal,regret_2,4108101027814522821,5,7,7,22.84843473177264,21.679676168280146,1.1687585634924957,5.11526753238479
cvrp,1,4,10,cluster_removal,regret_3,8768823263603827026,5,7,7,22.84843473177264,21.679676168280146,1.1687585634924957,5.11526753238479
cvrp,1,4,10,cluster_removal,greedy_with_noise,8660256073790842018,5,7,7,22.84843473177264,22.068100843586468,0.7803338881861741,3.415261908952805
cvrp,1,4,10,cluster_removal,best_position_first,9037088599349836303,5,7,7,22.84843473177264,22.05903930324603,0.7893954285266105,3.4549212573800108
cvrp,1,4,10,cluster_removal,sequential_insertion,16497080042510284797,5,7,7,22.84843473177264,21.679676168280146,1.1687585634924957,5.11526753238479
cvrp,1,4,10,time_oriented_removal,greedy_insertion,9975090405320754359,5,7,7,22.84843473177264,22.041987552932085,0.8064471788405569,3.5295510975162134
cvrp,1,4,10,time_oriented_removal,regret_2,18295247867569120339,5,7,7,22.84843473177264,22.041987552932085,0.8064471788405569,3.5295510975162134
cvrp,1,4,10,time_oriented_removal,regret_3,10600589717028589034,5,7,7,22.84843473177264,22.041987552932085,0.8064471788405569,3.5295510975162134
cvrp,1,4,10,time_oriented_removal,greedy_with_noise,2643709051837809240,5,7,7,22.84843473177264,22.501499071136895,0.3469356606357472,1.518422004432997
cvrp,1,4,10,time_oriented_removal,best_position_first,8075127854281836309,5,7,7,22.84843473177264,22.49462310859929,0.35381162317335324,1.5485158056860187
cvrp,1,4,10,time_oriented_removal,sequential_insertion,164836642786159158,5,7,7,22.84843473177264,22.16515376839659,0.6832809633760526,2.9904935344472143
cvrp,1,5,11,random_removal,greedy_insertion,4901452917536828652,5,7,7,18.90373213533621,18.52869762297625,0.3750345123599601,1.9839178299554867
cvrp,1,5,11,random_removal,regret_2,15874620633484851556,5,7,7,18.90373213533621,18.136471682498033,0.7672604528381761,4.058777638961345
cvrp,1,5,11,random_removal,regret_3,9241426189629318582,5,7,7,18.90373213533621,18.136471682498033,0.7672604528381761,4.058777638961345
cvrp,1,5,11,random_removal,greedy_with_noise,6307811844613732525,5,7,7,18.90373213533621,18.211303431726087,0.6924287036101227,3.662920626746426
cvrp,1,5,11,random_removal,best_position_first,16178504346371810558,5,7,7,18.90373213533621,18.52869762297625,0.3750345123599601,1.9839178299554867
cvrp,1,5,11,random_removal,sequential_insertion,8590184194876389907,5,7,7,18.90373213533621,18.211303431726087,0.6924287036101227,3.662920626746426
cvrp,1,5,11,shaw_removal,greedy_insertion,4268632612066009835,5,7,7,18.90373213533621,18.26324813710814,0.6404839982280706,3.388135176920075
cvrp,1,5,11,shaw_removal,regret_2,7036243324114433587,5,7,7,18.90373213533621,18.26324813710814,0.6404839982280706,3.388135176920075
cvrp,1,5,11,shaw_removal,regret_3,890393676453063258,5,7,7,18.90373213533621,18.26324813710814,0.6404839982280706,3.388135176920075
cvrp,1,5,11,shaw_removal,greedy_with_noise,10770232068068401163,5,7,7,18.90373213533621,18.287798711328065,0.6159334240081442,3.258263604237162
cvrp,1,5,11,shaw_removal,best_position_first,4327554151201729940,5,7,7,18.90373213533621,18.26324813710814,0.6404839982280706,3.388135176920075
cvrp,1,5,11,shaw_removal,sequential_insertion,10668336656795333516,5,7,7,18.90373213533621,18.26324813710814,0.6404839982280706,3.388135176920075
cvrp,1,5,11,worst_removal,greedy_insertion,10743006385847814081,5,7,7,18.90373213533621,18.837835977147755,0.06589615818845473,0.34858808682163306
cvrp,1,5,11,worst_removal,regret_2,2918101516069028636,5,7,7,18.90373213533621,18.91841928860974,-0.014687153273531095,-0.0776944635502786
cvrp,1,5,11,worst_removal,regret_3,839236853995689013,5,7,7,18.90373213533621,18.291862924636085,0.6118692107001245,3.23676407557836
cvrp,1,5,11,worst_removal,greedy_with_noise,4263515362380362595,5,7,7,18.90373213533621,18.68637154186338,0.21736059347282932,1.1498289962886394
cvrp,1,5,11,worst_removal,best_position_first,8223962649345377780,5,7,7,18.90373213533621,18.837835977147755,0.06589615818845473,0.34858808682163306
cvrp,1,5,11,worst_removal,sequential_insertion,3078467253158459351,5,7,7,18.90373213533621,19.382660711087084,-0.47892857575087433,-2.533513341821146
cvrp,1,5,11,route_removal,greedy_insertion,6986375591765259786,5,7,7,18.90373213533621,18.42983906629669,0.47389306903951933,2.506875709234604
cvrp,1,5,11,route_removal,regret_2,5696853632298058821,5,7,7,18.90373213533621,19.44373691381133,-0.5400047784751187,-2.8566040536815644
cvrp,1,5,11,route_removal,regret_3,8075919582116299246,5,7,7,18.90373213533621,19.484927239387932,-0.5811951040517229,-3.0744992570293115
cvrp,1,5,11,route_removal,greedy_with_noise,521254371557365308,5,7,7,18.90373213533621,18.78210198576561,0.12163014957059914,0.6434187106536458
cvrp,1,5,11,route_removal,best_position_first,10671078379466259954,5,7,7,18.90373213533621,18.96396152550045,-0.06022939016424189,-0.3186111067012889
cvrp,1,5,11,route_removal,sequential_insertion,4172777040958425944,5,7,7,18.90373213533621,19.484927239387932,-0.5811951040517229,-3.0744992570293115
cvrp,1,5,11,cluster_removal,greedy_insertion,5419463555069608049,5,7,7,18.90373213533621,20.10487523821092,-1.2011431028747097,-6.353999804247369
cvrp,1,5,11,cluster_removal,regret_2,4288992523897072697,5,7,7,18.90373213533621,19.814229484565796,-0.9104973492295869,-4.816495191061346
cvrp,1,5,11,cluster_removal,regret_3,43500051494870927,5,7,7,18.90373213533621,19.814229484565796,-0.9104973492295869,-4.816495191061346
cvrp,1,5,11,cluster_removal,greedy_with_noise,17045807839560413374,5,7,7,18.90373213533621,19.93504586604835,-1.0313137307121387,-5.455609100513719
cvrp,1,5,11,cluster_removal,best_position_first,1241966578504998814,5,7,7,18.90373213533621,19.814229484565796,-0.9104973492295869,-4.816495191061346
cvrp,1,5,11,cluster_removal,sequential_insertion,17388574073259140389,5,7,7,18.90373213533621,19.955076692857133,-1.051344557520924,-5.561571387036719
cvrp,1,5,11,time_oriented_removal,greedy_insertion,113079051450701248,5,7,7,18.90373213533621,18.899909618351526,0.0038225169846839435,0.02022096460803431
cvrp,1,5,11,time_oriented_removal,regret_2,15547971399479417545,5,7,7,18.90373213533621,18.899909618351526,0.0038225169846839435,0.02022096460803431
cvrp,1,5,11,time_oriented_removal,regret_3,7679536185524786337,5,7,7,18.90373213533621,19.520693012192915,-0.6169608768567052,-3.263698789422845
cvrp,1,5,11,time_oriented_removal,greedy_with_noise,14241049235149740526,5,7,7,18.90373213533621,20.1952911240965,-1.2915589887602899,-6.8322962868586945
cvrp,1,5,11,time_oriented_removal,best_position_first,9513481383995058972,5,7,7,18.90373213533621,20.19146860711182,-1.2877364717756095,-6.8120753222506805
cvrp,1,5,11,time_oriented_removal,sequential_insertion,2167345344654695690,5,7,7,18.90373213533621,19.92162997528363,-1.0178978399474197,-5.38463956566911
cvrp,2,0,12,random_removal,greedy_insertion,3296838198135428170,5,6,6,17.234903166078695,16.898280794069176,0.3366223720095185,1.9531433902805455
cvrp,2,0,12,random_removal,regret_2,7887088891474004688,5,6,6,17.234903166078695,16.898280794069176,0.3366223720095185,1.9531433902805455
cvrp,2,0,12,random_removal,regret_3,10436286188215219479,5,6,6,17.234903166078695,16.898280794069176,0.3366223720095185,1.9531433902805455
cvrp,2,0,12,random_removal,greedy_with_noise,5499672385814023677,5,6,6,17.234903166078695,16.99395878141393,0.24094438466476475,1.3980025436927632
cvrp,2,0,12,random_removal,best_position_first,9943986866498126430,5,6,6,17.234903166078695,16.898280794069176,0.3366223720095185,1.9531433902805455
cvrp,2,0,12,random_removal,sequential_insertion,16464986952424555072,5,6,6,17.234903166078695,16.898280794069176,0.3366223720095185,1.9531433902805455
cvrp,2,0,12,shaw_removal,greedy_insertion,11015173655473486095,5,6,6,17.234903166078695,17.14317697605655,0.09172619002214333,0.5322118095950578
cvrp,2,0,12,shaw_removal,regret_2,4177046334303580342,5,6,6,17.234903166078695,17.065111618108958,0.16979154796973717,0.9851610208284584
cvrp,2,0,12,shaw_removal,regret_3,7269619396303986769,5,6,6,17.234903166078695,17.065111618108958,0.16979154796973717,0.9851610208284584
cvrp,2,0,12,shaw_removal,greedy_with_noise,1702070779997921061,5,6,6,17.234903166078695,17.14317697605655,0.09172619002214333,0.5322118095950578
cvrp,2,0,12,shaw_removal,best_position_first,2980515534069486440,5,6,6,17.234903166078695,17.14317697605655,0.09172619002214333,0.5322118095950578
cvrp,2,0,12,shaw_removal,sequential_insertion,17464322653554154946,5,6,6,17.234903166078695,17.14317697605655,0.09172619002214333,0.5322118095950578
cvrp,2,0,12,worst_removal,greedy_insertion,7625814255955742842,5,6,6,17.234903166078695,16.457864568495225,0.7770385975834699,4.50851733888948
cvrp,2,0,12,worst_removal,regret_2,15130644471226438433,5,6,6,17.234903166078695,16.283287367958668,0.9516157981200273,5.521445574425818
cvrp,2,0,12,worst_removal,regret_3,1936797588180266327,5,6,6,17.234903166078695,16.283287367958668,0.9516157981200273,5.521445574425818
cvrp,2,0,12,worst_removal,greedy_with_noise,13945522558074620122,5,6,6,17.234903166078695,16.495434615553222,0.7394685505254728,4.290529186034977
cvrp,2,0,12,worst_removal,best_position_first,7876598643257330881,5,6,6,17.234903166078695,16.457864568495225,0.7770385975834699,4.50851733888948
cvrp,2,0,12,worst_removal,sequential_insertion,9418281485985912192,5,6,6,17.234903166078695,16.283287367958668,0.9516157981200273,5.521445574425818
cvrp,2,0,12,route_removal,greedy_insertion,13870154410357521335,5,6,6,17.234903166078695,17.080255214933533,0.1546479511451615,0.8972951553887215
cvrp,2,0,12,route_removal,regret_2,13711766491334656779,5,6,6,17.234903166078695,17.371282763655444,-0.13637959757674878,-0.7912988907600461
cvrp,2,0,12,route_removal,regret_3,11567127464075938110,5,6,6,17.234903166078695,17.080255214933533,0.1546479511451615,0.8972951553887215
cvrp,2,0,12,route_removal,greedy_with_noise,11051786754000788338,5,6,6,17.234903166078695,17.52003570168157,-0.28513253560287666,-1.6543901225048214
cvrp,2,0,12,route_removal,best_position_first,6456517225207169831,5,6,6,17.234903166078695,17.080255214933533,0.1546479511451615,0.8972951553887215
cvrp,2,0,12,route_removal,sequential_insertion,7455849246446913094,5,6,6,17.234903166078695,17.636123933305974,-0.4012207672272794,-2.3279548678692437
cvrp,2,0,12,cluster_removal,greedy_insertion,17647669189690035162,5,6,6,17.234903166078695,17.00007978332949,0.23482338274920522,1.362487392510442
cvrp,2,0,12,cluster_removal,regret_2,18346919758380736721,5,6,6,17.234903166078695,17.00433090204223,0.23057226403646425,1.3378216391158542
cvrp,2,0,12,cluster_removal,regret_3,9596822428940704800,5,6,6,17.234903166078695,17.19237477148562,0.04252839459307367,0.24675737474856832
cvrp,2,0,12,cluster_removal,greedy_with_noise,11288957425488554795,5,6,6,17.234903166078695,17.182469117240483,0.05243404883821157,0.30423175768930893
cvrp,2,0,12,cluster_removal,best_position_first,734032826658607363,5,6,6,17.234903166078695,17.17772901606912,0.05717415000957615,0.33173467502912857
cvrp,2,0,12,cluster_removal,sequential_insertion,15516936235502692937,5,6,6,17.234903166078695,17.00433090204223,0.23057226403646425,1.3378216391158542
cvrp,2,0,12,time_oriented_removal,greedy_insertion,7776234517718201354,5,6,6,17.234903166078695,17.51484846015208,-0.27994529407338575,-1.624292816593058
cvrp,2,0,12,time_oriented_removal,regret_2,13231771148679447263,5,6,6,17.234903166078695,17.124599144995678,0.11030402108301729,0.6400037181532583
cvrp,2,0,12,time_oriented_removal,regret_3,17209907568597657461,5,6,6,17.234903166078695,17.14794872257916,0.08695444349953618,0.5045252802503569
cvrp,2,0,12,time_oriented_removal,greedy_with_noise,2152909847300753817,5,6,6,17.234903166078695,17.243580933522384,-0.008677767443689532,-0.050349963443768554
cvrp,2,0,12,time_oriented_removal,best_position_first,8990239122424978475,5,6,6,17.234903166078695,17.099211064425855,0.13569210165283963,0.7873099160771928
cvrp,2,0,12,time_oriented_removal,sequential_insertion,15310249883296579030,5,6,6,17.234903166078695,17.09661160822877,0.13829155784992508,0.8023924272583501
cvrp,2,1,13,random_removal,greedy_insertion,13012685716730145562,5,6,6,18.467058217862387,17.83977710827139,0.6272811095909958,3.396757091415101
cvrp,2,1,13,random_removal,regret_2,6678472743419425763,5,6,6,18.467058217862387,17.83977710827139,0.6272811095909958,3.396757091415101
cvrp,2,1,13,random_removal,regret_3,6818675092859769205,5,6,6,18.467058217862387,17.83977710827139,0.6272811095909958,3.396757091415101
cvrp,2,1,13,random_removal,greedy_with_noise,17898741349646282875,5,6,6,18.467058217862387,18.3338534413358,0.13320477652658624,0.7213102106200273
cvrp,2,1,13,random_removal,best_position_first,5487545075741104452,5,6,6,18.467058217862387,18.163045886528323,0.30401233133406436,1.6462412569859468
cvrp,2,1,13,random_removal,sequential_insertion,7387697528612142411,5,6,6,18.467058217862387,18.163045886528323,0.30401233133406436,1.6462412569859468
cvrp,2,1,13,shaw_removal,greedy_insertion,15627157188370404988,5,6,6,18.467058217862387,18.394914826718274,0.07214339114411317,0.39065989987691696
cvrp,2,1,13,shaw_removal,regret_2,13523250519184068178,5,6,6,18.467058217862387,18.394914826718274,0.07214339114411317,0.39065989987691696
cvrp,2,1,13,shaw_removal,regret_3,17550236520137508295,5,6,6,18.467058217862387,18.394914826718274,0.07214339114411317,0.39065989987691696
cvrp,2,1,13,shaw_removal,greedy_with_noise,3650581857872806987,5,6,6,18.467058217862387,18.394914826718274,0.07214339114411317,0.39065989987691696
cvrp,2,1,13,shaw_removal,best_position_first,1543532457374798502,5,6,6,18.467058217862387,18.423950696390097,0.043107521472290244,0.23342928236720564
cvrp,2,1,13,shaw_removal,sequential_insertion,13141381633048493228,5,6,6,18.467058217862387,18.423950696390097,0.043107521472290244,0.23342928236720564
cvrp,2,1,13,worst_removal,greedy_insertion,8863221349423370580,5,6,6,18.467058217862387,17.29090650653124,1.1761517113311477,6.368917547427814
cvrp,2,1,13,worst_removal,regret_2,9181634923124623918,5,6,6,18.467058217862387,17.29090650653124,1.1761517113311477,6.368917547427814
cvrp,2,1,13,worst_removal,regret_3,10048164385990208075,5,6,6,18.467058217862387,17.29090650653124,1.1761517113311477,6.368917547427814
cvrp,2,1,13,worst_removal,greedy_with_noise,6870231096392483703,5,6,6,18.467058217862387,17.454390562854574,1.0126676550078137,5.483643594236921
cvrp,2,1,13,worst_removal,best_position_first,15147579461801689640,5,6,6,18.467058217862387,17.313714802124146,1.1533434157382416,6.245409540230194
cvrp,2,1,13,worst_removal,sequential_insertion,10598558074135059632,5,6,6,18.467058217862387,17.35091935702731,1.116138860835079,6.043945103045629
cvrp,2,1,13,route_removal,greedy_insertion,2497603148143854781,5,6,6,18.467058217862387,17.939675559681213,0.5273826581811747,2.855802217978932
cvrp,2,1,13,route_removal,regret_2,12046027350245179558,5,6,6,18.467058217862387,17.939675559681213,0.5273826581811747,2.855802217978932
cvrp,2,1,13,route_removal,regret_3,5067298036397989889,5,6,6,18.467058217862387,17.939675559681213,0.5273826581811747,2.855802217978932
cvrp,2,1,13,route_removal,greedy_with_noise,7843862126028665789,5,6,6,18.467058217862387,17.939675559681213,0.5273826581811747,2.855802217978932
cvrp,2,1,13,route_removal,best_position_first,728566883479227734,5,6,6,18.467058217862387,17.939675559681213,0.5273826581811747,2.855802217978932
cvrp,2,1,13,route_removal,sequential_insertion,17406898668278389386,5,6,6,18.467058217862387,17.939675559681213,0.5273826581811747,2.855802217978932
cvrp,2,1,13,cluster_removal,greedy_insertion,2759168772413674209,5,6,6,18.467058217862387,18.533697200847474,-0.06663898298508641,-0.3608532674718565
cvrp,2,1,13,cluster_removal,regret_2,8550971406681543880,5,6,6,18.467058217862387,18.486458406832163,-0.01940018896977591,-0.10505294747493105
cvrp,2,1,13,cluster_removal,regret_3,3768640165516895266,5,6,6,18.467058217862387,18.486458406832163,-0.01940018896977591,-0.10505294747493105
cvrp,2,1,13,cluster_removal,greedy_with_noise,7968143739033083332,5,6,6,18.467058217862387,18.57769831557598,-0.11064009771359196,-0.5991213998912646
cvrp,2,1,13,cluster_removal,best_position_first,15213476016235245403,5,6,6,18.467058217862387,18.46093717690431,0.006121040958078083,0.03314572838762952
cvrp,2,1,13,cluster_removal,sequential_insertion,16659606625766319047,5,6,6,18.467058217862387,18.597445910581225,-0.13038769271883766,-0.7060555675983047
cvrp,2,1,13,time_oriented_removal,greedy_insertion,16241932034276615301,5,6,6,18.467058217862387,17.905032530239197,0.5620256876231906,3.0433958727631425
cvrp,2,1,13,time_oriented_removal,regret_2,13161216330521627492,5,6,6,18.467058217862387,17.905032530239197,0.5620256876231906,3.0433958727631425
cvrp,2,1,13,time_oriented_removal,regret_3,7102364289350056681,5,6,6,18.467058217862387,17.905032530239197,0.5620256876231906,3.0433958727631425
cvrp,2,1,13,time_oriented_removal,greedy_with_noise,9483049598526371171,5,6,6,18.467058217862387,18.259505160025267,0.20755305783712075,1.1239096957866501
cvrp,2,1,13,time_oriented_removal,best_position_first,12285344036173510147,5,6,6,18.467058217862387,18.229909127686867,0.23714909017552088,1.2841736208214085
cvrp,2,1,13,time_oriented_removal,sequential_insertion,2040727666481559810,5,6,6,18.467058217862387,18.229462994519757,0.2375952233426304,1.2865894531745983
cvrp,2,2,14,random_removal,greedy_insertion,17392719565019868980,5,6,6,18.271947534875796,19.027471015338413,-0.7555234804626174,-4.134882059071943
cvrp,2,2,14,random_removal,regret_2,8047509294381221798,5,6,6,18.271947534875796,18.271593855314865,0.0003536795609306864,0.0019356423843469106
cvrp,2,2,14,random_removal,regret_3,17150816017068572939,5,6,6,18.271947534875796,18.97989574230663,-0.7079482074308352,-3.8745087576437567
cvrp,2,2,14,random_removal,greedy_with_noise,7495581975258076132,5,6,6,18.271947534875796,19.027471015338413,-0.7555234804626174,-4.134882059071943
cvrp,2,2,14,random_removal,best_position_first,10681190247772689589,5,6,6,18.271947534875796,19.027471015338413,-0.7555234804626174,-4.134882059071943
cvrp,2,2,14,random_removal,sequential_insertion,1377465533046063972,5,6,6,18.271947534875796,19.011397870624975,-0.7394503357491793,-4.046915821850874
cvrp,2,2,14,shaw_removal,greedy_insertion,6645818611907271994,5,6,6,18.271947534875796,17.685565626015233,0.5863819088605631,3.209192165976461
cvrp,2,2,14,shaw_removal,regret_2,16229362418446936702,5,6,6,18.271947534875796,17.685565626015233,0.5863819088605631,3.209192165976461
cvrp,2,2,14,shaw_removal,regret_3,6478284271613732543,5,6,6,18.271947534875796,17.685565626015233,0.5863819088605631,3.209192165976461
cvrp,2,2,14,shaw_removal,greedy_with_noise,8796752056477343106,5,6,6,18.271947534875796,17.730555860446877,0.5413916744289189,2.9629664456706695
cvrp,2,2,14,shaw_removal,best_position_first,13480901172825730875,5,6,6,18.271947534875796,17.685565626015233,0.5863819088605631,3.209192165976461
cvrp,2,2,14,shaw_removal,sequential_insertion,2224850475351005658,5,6,6,18.271947534875796,17.685565626015233,0.5863819088605631,3.209192165976461
cvrp,2,2,14,worst_removal,greedy_insertion,8866388968909261819,5,6,6,18.271947534875796,17.95945535788329,0.31249217699250664,1.7102291717730176
cvrp,2,2,14,worst_removal,regret_2,7272837256323553126,5,6,6,18.271947534875796,17.95945535788329,0.31249217699250664,1.7102291717730176
cvrp,2,2,14,worst_removal,regret_3,12907346831123237982,5,6,6,18.271947534875796,17.95945535788329,0.31249217699250664,1.7102291717730176
cvrp,2,2,14,worst_removal,greedy_with_noise,18392171134373582220,5,6,6,18.271947534875796,18.490287395384723,-0.21833986050892662,-1.1949457499928773
cvrp,2,2,14,worst_removal,best_position_first,14629756526387536417,5,6,6,18.271947534875796,18.86415756910408,-0.5922100342282839,-3.241088740529319
cvrp,2,2,14,worst_removal,sequential_insertion,11621655785897401924,5,6,6,18.271947534875796,18.418619237980337,-0.14667170310454125,-0.8027152159045331
cvrp,2,2,14,route_removal,greedy_insertion,1119006851425523471,5,6,6,18.271947534875796,17.740557592774017,0.5313899421017787,2.908228261314296
cvrp,2,2,14,route_removal,regret_2,10086579520514671826,5,6,6,18.271947534875796,17.538355513852235,0.7335920210235614,4.01485402485613
cvrp,2,2,14,route_removal,regret_3,14310528285771177570,5,6,6,18.271947534875796,17.538355513852235,0.7335920210235614,4.01485402485613
cvrp,2,2,14,route_removal,greedy_with_noise,10867359178436074411,5,6,6,18.271947534875796,17.693559567662096,0.5783879672137004,3.1654423597141315
cvrp,2,2,14,route_removal,best_position_first,10836363358971688230,5,6,6,18.271947534875796,17.762959153342116,0.5089883815336798,2.7856274245652797
cvrp,2,2,14,route_removal,sequential_insertion,15335608830090935314,5,6,6,18.271947534875796,17.723083200320016,0.5488643345557804,3.00386334575534
cvrp,2,2,14,cluster_removal,greedy_insertion,11114883132070836668,5,6,6,18.271947534875796,16.770837691612137,1.5011098432636594,8.21537956147521
cvrp,2,2,14,cluster_removal,regret_2,17830289040635453800,5,6,6,18.271947534875796,16.76994215546565,1.5020053794101464,8.220280714703554
cvrp,2,2,14,cluster_removal,regret_3,14592826583437149981,5,6,6,18.271947534875796,16.76994215546565,1.5020053794101464,8.220280714703554
cvrp,2,2,14,cluster_removal,greedy_with_noise,3278289533483896147,5,6,6,18.271947534875796,16.773094124860346,1.4988534100154496,8.203030394842024
cvrp,2,2,14,cluster_removal,best_position_first,17430584122974838162,5,6,6,18.271947534875796,16.770837691612137,1.5011098432636594,8.21537956147521
cvrp,2,2,14,cluster_removal,sequential_insertion,5057824547966491911,5,6,6,18.271947534875796,16.770837691612137,1.5011098432636594,8.21537956147521
cvrp,2,2,14,time_oriented_removal,greedy_insertion,5483785478266137071,5,6,6,18.271947534875796,17.716287501162128,0.5556600337136679,3.0410553262211137
cvrp,2,2,14,time_oriented_removal,regret_2,16633766983560162824,5,6,6,18.271947534875796,17.493228952944087,0.7787185819317095,4.2618258422938435
cvrp,2,2,14,time_oriented_removal,regret_3,7693897256976911613,5,6,6,18.271947534875796,17.493228952944087,0.7787185819317095,4.2618258422938435
cvrp,2,2,14,time_oriented_removal,greedy_with_noise,18380988969145886035,5,6,6,18.271947534875796,17.537033843324235,0.7349136915515615,4.022087356308497
cvrp,2,2,14,time_oriented_removal,best_position_first,12874642657373507298,5,6,6,18.271947534875796,17.529306672277208,0.7426408625985879,4.064377161663276
cvrp,2,2,14,time_oriented_removal,sequential_insertion,16078837282294041873,5,6,6,18.271947534875796,18.48575581295992,-0.21380827808412306,-1.1701449868768816
cvrp,2,3,15,random_removal,greedy_insertion,4139445223948364409,5,6,6,17.66444436547711,17.157232990328428,0.5072113751486818,2.8713689751824933
cvrp,2,3,15,random_removal,regret_2,9439588979507135804,5,6,6,17.66444436547711,17.073097786478773,0.591346578998337,3.3476658917958835
cvrp,2,3,15,random_removal,regret_3,11451503014991391893,5,6,6,17.66444436547711,17.073097786478773,0.591346578998337,3.3476658917958835
cvrp,2,3,15,random_removal,greedy_with_noise,12496510883879916914,5,6,6,17.66444436547711,17.363443004519112,0.3010013609579971,1.703995635131698
cvrp,2,3,15,random_removal,best_position_first,14295200704174769999,5,6,6,17.66444436547711,17.157232990328428,0.5072113751486818,2.8713689751824933
cvrp,2,3,15,random_removal,sequential_insertion,788731001814552034,5,6,6,17.66444436547711,17.157232990328428,0.5072113751486818,2.8713689751824933
cvrp,2,3,15,shaw_removal,greedy_insertion,12525783580181912859,5,6,6,17.66444436547711,16.945598258275435,0.7188461072016743,4.069452128404145
cvrp,2,3,15,shaw_removal,regret_2,14469103262952709376,5,6,6,17.66444436547711,16.561493811585887,1.1029505538912225,6.2439017671385
cvrp,2,3,15,shaw_removal,regret_3,9115345543159504809,5,6,6,17.66444436547711,16.945598258275435,0.7188461072016743,4.069452128404145
cvrp,2,3,15,shaw_removal,greedy_with_noise,6921143332859730997,5,6,6,17.66444436547711,16.570142105840162,1.0943022596369474,6.194942999597659
cvrp,2,3,15,shaw_removal,best_position_first,7865353817692116067,5,6,6,17.66444436547711,16.570142105840162,1.0943022596369474,6.194942999597659
cvrp,2,3,15,shaw_removal,sequential_insertion,5772942629073556609,5,6,6,17.66444436547711,16.561493811585887,1.1029505538912225,6.2439017671385
cvrp,2,3,15,worst_removal,greedy_insertion,925911317506248419,5,6,6,17.66444436547711,15.84258560186014,1.8218587636169694,10.313705463487766
cvrp,2,3,15,worst_removal,regret_2,12150571515926738358,5,6,6,17.66444436547711,15.84258560186014,1.8218587636169694,10.313705463487766
cvrp,2,3,15,worst_removal,regret_3,8791591257282739777,5,6,6,17.66444436547711,15.84258560186014,1.8218587636169694,10.313705463487766
cvrp,2,3,15,worst_removal,greedy_with_noise,17621864648918231805,5,6,6,17.66444436547711,15.97000613545004,1.6944382300270693,9.59236642245386
cvrp,2,3,15,worst_removal,best_position_first,8443620026058742516,5,6,6,17.66444436547711,15.84258560186014,1.8218587636169694,10.313705463487766
cvrp,2,3,15,worst_removal,sequential_insertion,466984474063616373,5,6,6,17.66444436547711,15.98759343344695,1.6768509320301597,9.492803154948648
cvrp,2,3,15,route_removal,greedy_insertion,11927312788772367691,5,6,6,17.66444436547711,17.386406091477834,0.2780382739992753,1.573999545339028
cvrp,2,3,15,route_removal,regret_2,14321270878852504411,5,6,6,17.66444436547711,17.36111189138719,0.30333247408992037,1.7171922751374211
cvrp,2,3,15,route_removal,regret_3,15881220269953272810,5,6,6,17.66444436547711,17.36111189138719,0.30333247408992037,1.7171922751374211
cvrp,2,3,15,route_removal,greedy_with_noise,17957345364701428751,5,6,6,17.66444436547711,17.463448963061442,0.2009954024156677,1.137852956238394
cvrp,2,3,15,route_removal,best_position_first,15727952233445959355,5,6,6,17.66444436547711,17.386406091477834,0.2780382739992753,1.573999545339028
cvrp,2,3,15,route_removal,sequential_insertion,12380330046641828899,5,6,6,17.66444436547711,17.386406091477834,0.2780382739992753,1.573999545339028
cvrp,2,3,15,cluster_removal,greedy_insertion,13585463412125665888,5,6,6,17.66444436547711,17.41133210768398,0.2531122577931306,1.432891137452396
cvrp,2,3,15,cluster_removal,regret_2,15382210739077795237,5,6,6,17.66444436547711,17.325095459412058,0.33934890606505164,1.9210845189575594
cvrp,2,3,15,cluster_removal,regret_3,16344571303682136832,5,6,6,17.66444436547711,17.355272053298357,0.3091723121787524,1.7502521210516535
cvrp,2,3,15,cluster_removal,greedy_with_noise,2978313641836226189,5,6,6,17.66444436547711,17.49706379580899,0.16738056966811854,0.9475563805179312
cvrp,2,3,15,cluster_removal,best_position_first,15822690249592117783,5,6,6,17.66444436547711,17.41865208796797,0.245792277509139,1.3914520741422725
cvrp,2,3,15,cluster_removal,sequential_insertion,10676416567300574561,5,6,6,17.66444436547711,17.41865208796797,0.245792277509139,1.3914520741422725
cvrp,2,3,15,time_oriented_removal,greedy_insertion,5100344738772189245,5,6,6,17.66444436547711,17.295792751633687,0.36865161384342215,2.086969769419436
cvrp,2,3,15,time_oriented_removal,regret_2,6786277962438006607,5,6,6,17.66444436547711,17.295792751633687,0.36865161384342215,2.086969769419436
cvrp,2,3,15,time_oriented_removal,regret_3,12028203176669402969,5,6,6,17.66444436547711,17.295792751633687,0.36865161384342215,2.086969769419436
cvrp,2,3,15,time_oriented_removal,greedy_with_noise,16436782978615276615,5,6,6,17.66444436547711,17.295792751633687,0.36865161384342215,2.086969769419436
cvrp,2,3,15,time_oriented_removal,best_position_first,5730398050029515284,5,6,6,17.66444436547711,17.295792751633687,0.36865161384342215,2.086969769419436
cvrp,2,3,15,time_oriented_removal,sequential_insertion,2729315183988070003,5,6,6,17.66444436547711,17.295792751633687,0.36865161384342215,2.086969769419436
cvrp,2,4,16,random_removal,greedy_insertion,9520685642282375173,5,6,6,17.638368826939928,16.498892259374674,1.1394765675652536,6.460215106880384
cvrp,2,4,16,random_removal,regret_2,11243235695613877981,5,6,6,17.638368826939928,16.498892259374674,1.1394765675652536,6.460215106880384
cvrp,2,4,16,random_removal,regret_3,14539706939557819481,5,6,6,17.638368826939928,16.498892259374674,1.1394765675652536,6.460215106880384
cvrp,2,4,16,random_removal,greedy_with_noise,15082267263785022729,5,6,6,17.638368826939928,17.16557066721861,0.472798159721318,2.6805095434856234
cvrp,2,4,16,random_removal,best_position_first,218792396074994581,5,6,6,17.638368826939928,16.498892259374674,1.1394765675652536,6.460215106880384
cvrp,2,4,16,random_removal,sequential_insertion,1312382189691416297,5,6,6,17.638368826939928,16.498892259374674,1.1394765675652536,6.460215106880384
cvrp,2,4,16,shaw_removal,greedy_insertion,11540460526644567143,5,6,6,17.638368826939928,17.42623730537287,0.21213152156705917,1.2026708572000178
cvrp,2,4,16,shaw_removal,regret_2,14245037217663621518,5,6,6,17.638368826939928,17.400999615590386,0.2373692113495416,1.3457548919546132
cvrp,2,4,16,shaw_removal,regret_3,6255781128070244232,5,6,6,17.638368826939928,17.400999615590386,0.2373692113495416,1.3457548919546132
cvrp,2,4,16,shaw_removal,greedy_with_noise,13983821912849643434,5,6,6,17.638368826939928,17.51885691218379,0.11951191475613854,0.6775678404774156
cvrp,2,4,16,shaw_removal,best_position_first,14329554585556477907,5,6,6,17.638368826939928,17.42623730537287,0.21213152156705917,1.2026708572000178
cvrp,2,4,16,shaw_removal,sequential_insertion,3743769441342923323,5,6,6,17.638368826939928,17.400999615590386,0.2373692113495416,1.3457548919546132
cvrp,2,4,16,worst_removal,greedy_insertion,3553340815167640625,5,6,6,17.638368826939928,15.923292085988013,1.7150767409519148,9.723556400138293
cvrp,2,4,16,worst_removal,regret_2,16226063735058200227,5,6,6,17.638368826939928,15.923292085988013,1.7150767409519148,9.723556400138293
cvrp,2,4,16,worst_removal,regret_3,11443465264150267714,5,6,6,17.638368826939928,15.923292085988013,1.7150767409519148,9.723556400138293
cvrp,2,4,16,worst_removal,greedy_with_noise,13087935781906830790,5,6,6,17.638368826939928,16.08585665152319,1.5525121754167373,8.801903342929936
cvrp,2,4,16,worst_removal,best_position_first,16034493333306582968,5,6,6,17.638368826939928,15.923292085988013,1.7150767409519148,9.723556400138293
cvrp,2,4,16,worst_removal,sequential_insertion,4222397751064419723,5,6,6,17.638368826939928,15.923292085988013,1.7150767409519148,9.723556400138293
cvrp,2,4,16,route_removal,greedy_insertion,7439695357130916895,5,6,6,17.638368826939928,17.42766634338016,0.21070248355976773,1.1945689855285921
cvrp,2,4,16,route_removal,regret_2,10450869917768799425,5,6,6,17.638368826939928,17.210681157757325,0.42768766918260326,2.424757489645955
cvrp,2,4,16,route_removal,regret_3,6831356924159032979,5,6,6,17.638368826939928,17.210681157757325,0.42768766918260326,2.424757489645955
cvrp,2,4,16,route_removal,greedy_with_noise,12049855858498082579,5,6,6,17.638368826939928,17.31702704264289,0.3213417842970365,1.8218339090757405
cvrp,2,4,16,route_removal,best_position_first,9315551488034956869,5,6,6,17.638368826939928,17.42766634338016,0.21070248355976773,1.1945689855285921
cvrp,2,4,16,route_removal,sequential_insertion,7209779668863865936,5,6,6,17.638368826939928,17.42766634338016,0.21070248355976773,1.1945689855285921
cvrp,2,4,16,cluster_removal,greedy_insertion,16453700998460308582,5,6,6,17.638368826939928,17.291214571685536,0.3471542552543916,1.9681766418455102
cvrp,2,4,16,cluster_removal,regret_2,12510206009616554484,5,6,6,17.638368826939928,16.5674612483587,1.0709075785812274,6.071466069728505
cvrp,2,4,16,cluster_removal,regret_3,15414147589711858267,5,6,6,17.638368826939928,16.5674612483587,1.0709075785812274,6.071466069728505
cvrp,2,4,16,cluster_removal,greedy_with_noise,14053791675629447880,5,6,6,17.638368826939928,17.387392907024562,0.2509759199153656,1.4228975614345813
cvrp,2,4,16,cluster_removal,best_position_first,771052683752703556,5,6,6,17.638368826939928,16.5674612483587,1.0709075785812274,6.071466069728505
cvrp,2,4,16,cluster_removal,sequential_insertion,1953461348855736803,5,6,6,17.638368826939928,16.5674612483587,1.0709075785812274,6.071466069728505
cvrp,2,4,16,time_oriented_removal,greedy_insertion,10053301153549618367,5,6,6,17.638368826939928,16.609320433086346,1.0290483938535822,5.834147159242226
cvrp,2,4,16,time_oriented_removal,regret_2,6896934036181165137,5,6,6,17.638368826939928,16.609320433086346,1.0290483938535822,5.834147159242226
cvrp,2,4,16,time_oriented_removal,regret_3,15154022078217191955,5,6,6,17.638368826939928,16.609320433086346,1.0290483938535822,5.834147159242226
cvrp,2,4,16,time_oriented_removal,greedy_with_noise,17892311482146780779,5,6,6,17.638368826939928,16.725996461260134,0.9123723656797935,5.172657260042569
cvrp,2,4,16,time_oriented_removal,best_position_first,15767490267202530052,5,6,6,17.638368826939928,16.609320433086346,1.0290483938535822,5.834147159242226
cvrp,2,4,16,time_oriented_removal,sequential_insertion,14466685637202247073,5,6,6,17.638368826939928,16.609320433086346,1.0290483938535822,5.834147159242226
cvrp,2,5,17,random_removal,greedy_insertion,1975468071679579658,5,6,6,17.597644607015393,17.058687646826375,0.5389569601890187,3.062665329507568
cvrp,2,5,17,random_removal,regret_2,3880922162860257870,5,6,6,17.597644607015393,17.008321968864056,0.5893226381513372,3.3488722571224145
cvrp,2,5,17,random_removal,regret_3,12921332441810566312,5,6,6,17.597644607015393,17.008321968864056,0.5893226381513372,3.3488722571224145
cvrp,2,5,17,random_removal,greedy_with_noise,11941652213691209995,5,6,6,17.597644607015393,17.06275528677358,0.5348893202418132,3.0395506454800025
cvrp,2,5,17,random_removal,best_position_first,17239452500493641684,5,6,6,17.597644607015393,17.058687646826375,0.5389569601890187,3.062665329507568
cvrp,2,5,17,random_removal,sequential_insertion,2446050074980830348,5,6,6,17.597644607015393,17.008321968864056,0.5893226381513372,3.3488722571224145
cvrp,2,5,17,shaw_removal,greedy_insertion,16459765670023531932,5,6,6,17.597644607015393,16.84371417266552,0.7539304343498721,4.2842690097816485
cvrp,2,5,17,shaw_removal,regret_2,2908859809759815010,5,6,6,17.597644607015393,16.683388044457633,0.9142565625577603,5.195334847217492
cvrp,2,5,17,shaw_removal,regret_3,8433488667139663467,5,6,6,17.597644607015393,16.683388044457633,0.9142565625577603,5.195334847217492
cvrp,2,5,17,shaw_removal,greedy_with_noise,17987597637366338831,5,6,6,17.597644607015393,16.684461040542832,0.9131835664725614,5.189237462543799
cvrp,2,5,17,shaw_removal,best_position_first,14288405892008130059,5,6,6,17.597644607015393,16.684461040542832,0.9131835664725614,5.189237462543799
cvrp,2,5,17,shaw_removal,sequential_insertion,7371372785536632036,5,6,6,17.597644607015393,16.683388044457633,0.9142565625577603,5.195334847217492
cvrp,2,5,17,worst_removal,greedy_insertion,16134772865441858815,5,6,6,17.597644607015393,17.274167969682452,0.3234766373329414,1.8381814416458084
cvrp,2,5,17,worst_removal,regret_2,17085474439540791014,5,6,6,17.597644607015393,17.274167969682455,0.32347663733293786,1.8381814416457882
cvrp,2,5,17,worst_removal,regret_3,16035724770983143453,5,6,6,17.597644607015393,17.268544972938344,0.3290996340770498,1.8701345630417634
cvrp,2,5,17,worst_removal,greedy_with_noise,14734065218948518257,5,6,6,17.597644607015393,17.45148787172561,0.14615673528978235,0.8305471473808274
cvrp,2,5,17,worst_removal,best_position_first,12287957111734635536,5,6,6,17.597644607015393,17.274167969682452,0.3234766373329414,1.8381814416458084
cvrp,2,5,17,worst_removal,sequential_insertion,2531404114977787889,5,6,6,17.597644607015393,17.268544972938344,0.3290996340770498,1.8701345630417634
cvrp,2,5,17,route_removal,greedy_insertion,12594303344104099773,5,6,6,17.597644607015393,16.994620813791848,0.6030237932235458,3.4267301487788155
cvrp,2,5,17,route_removal,regret_2,8900494212966515170,5,6,6,17.597644607015393,16.994620813791848,0.6030237932235458,3.4267301487788155
cvrp,2,5,17,route_removal,regret_3,8685092792110636737,5,6,6,17.597644607015393,16.994620813791848,0.6030237932235458,3.4267301487788155
cvrp,2,5,17,route_removal,greedy_with_noise,1525404621680467998,5,6,6,17.597644607015393,17.182978537564175,0.41466606945121853,2.356372564120938
cvrp,2,5,17,route_removal,best_position_first,15097620430974557316,5,6,6,17.597644607015393,16.994620813791848,0.6030237932235458,3.4267301487788155
cvrp,2,5,17,route_removal,sequential_insertion,6885835006268227864,5,6,6,17.597644607015393,16.994620813791848,0.6030237932235458,3.4267301487788155
cvrp,2,5,17,cluster_removal,greedy_insertion,10938526041899557502,5,6,6,17.597644607015393,17.11129456316478,0.48635004385061364,2.7637223884878757
cvrp,2,5,17,cluster_removal,regret_2,4692015626317385349,5,6,6,17.597644607015393,17.01207801731475,0.5855665897006439,3.3275282162887
cvrp,2,5,17,cluster_removal,regret_3,189656064684184438,5,6,6,17.597644607015393,17.01207801731475,0.5855665897006439,3.3275282162887
cvrp,2,5,17,cluster_removal,greedy_with_noise,649458529042294840,5,6,6,17.597644607015393,17.103178331503226,0.49446627551216693,2.8098435134611446
cvrp,2,5,17,cluster_removal,best_position_first,13249874742066376682,5,6,6,17.597644607015393,17.103178331503226,0.49446627551216693,2.8098435134611446
cvrp,2,5,17,cluster_removal,sequential_insertion,2663032470260614961,5,6,6,17.597644607015393,17.021215682747414,0.5764289242679794,3.2756027135482837
cvrp,2,5,17,time_oriented_removal,greedy_insertion,7180755152447138269,5,6,6,17.597644607015393,17.353283643477187,0.24436096353820602,1.3886004007649424
cvrp,2,5,17,time_oriented_removal,regret_2,11401983223533721640,5,6,6,17.597644607015393,17.353283643477187,0.24436096353820602,1.3886004007649424
cvrp,2,5,17,time_oriented_removal,regret_3,14572116250944257411,5,6,6,17.597644607015393,17.337821739866147,0.2598228671492464,1.4764638845227427
cvrp,2,5,17,time_oriented_removal,greedy_with_noise,14021800077031316757,5,6,6,17.597644607015393,17.63249414571269,-0.03484953869729779,-0.19803524548623305
cvrp,2,5,17,time_oriented_removal,best_position_first,8183453273178623394,5,6,6,17.597644607015393,17.427074368707874,0.17057023830751916,0.9692787990474614
cvrp,2,5,17,time_oriented_removal,sequential_insertion,4097959929365436869,5,6,6,17.597644607015393,17.353283643477187,0.24436096353820602,1.3886004007649424
cvrp,3,0,18,random_removal,greedy_insertion,14533931126074689086,5,7,7,18.523531954380033,18.507509226356152,0.016022728023880717,0.08649931375583056
cvrp,3,0,18,random_removal,regret_2,3655967984604720979,5,7,7,18.523531954380033,18.507509226356152,0.016022728023880717,0.08649931375583056
cvrp,3,0,18,random_removal,regret_3,12732920687206125065,5,7,7,18.523531954380033,18.975204536626443,-0.4516725822464096,-2.4383718146128612
cvrp,3,0,18,random_removal,greedy_with_noise,9810275155801256914,5,7,7,18.523531954380033,18.623084625650637,-0.09955267127060452,-0.5374389264195618
cvrp,3,0,18,random_removal,best_position_first,12816154288866765175,5,7,7,18.523531954380033,19.007312181657177,-0.4837802272771441,-2.611706171741996
cvrp,3,0,18,random_removal,sequential_insertion,11753876045878247657,5,7,7,18.523531954380033,18.623084625650637,-0.09955267127060452,-0.5374389264195618
cvrp,3,0,18,shaw_removal,greedy_insertion,4404742150687246834,5,7,7,18.523531954380033,18.78042098761796,-0.25688903323792545,-1.3868253304531484
cvrp,3,0,18,shaw_removal,regret_2,16060861956920971024,5,7,7,18.523531954380033,18.16860074756248,0.35493120681755386,1.9161097769673867
cvrp,3,0,18,shaw_removal,regret_3,4656391939546113056,5,7,7,18.523531954380033,18.183297400780344,0.34023455359968935,1.8367693290762415
cvrp,3,0,18,shaw_removal,greedy_with_noise,362987003406910069,5,7,7,18.523531954380033,18.183297400780344,0.34023455359968935,1.8367693290762415
cvrp,3,0,18,shaw_removal,best_position_first,8278866711833401739,5,7,7,18.523531954380033,18.16860074756248,0.35493120681755386,1.9161097769673867
cvrp,3,0,18,shaw_removal,sequential_insertion,15405079283809132043,5,7,7,18.523531954380033,18.16860074756248,0.35493120681755386,1.9161097769673867
cvrp,3,0,18,worst_removal,greedy_insertion,13425061396425677121,5,7,7,18.523531954380033,18.465693089846013,0.05783886453401976,0.31224533569767354
cvrp,3,0,18,worst_removal,regret_2,1887695126484130414,5,7,7,18.523531954380033,17.994178442311256,0.5293535120687771,2.8577353032481874
cvrp,3,0,18,worst_removal,regret_3,17873082438224617187,5,7,7,18.523531954380033,19.256324554800976,-0.7327926004209431,-3.9560090496006546
cvrp,3,0,18,worst_removal,greedy_with_noise,17766628281507927685,5,7,7,18.523531954380033,18.834613599154704,-0.3110816447746707,-1.6793862290453363
cvrp,3,0,18,worst_removal,best_position_first,12244714253872751360,5,7,7,18.523531954380033,18.834613599154704,-0.3110816447746707,-1.6793862290453363
cvrp,3,0,18,worst_removal,sequential_insertion,1889253909769694021,5,7,7,18.523531954380033,19.038355515181596,-0.5148235608015632,-2.7792948022519495
cvrp,3,0,18,route_removal,greedy_insertion,13225825947490762008,5,7,7,18.523531954380033,18.523531954380033,0.0,0.0
cvrp,3,0,18,route_removal,regret_2,10939999914780853814,5,7,7,18.523531954380033,18.523531954380033,0.0,0.0
cvrp,3,0,18,route_removal,regret_3,9198904426227874762,5,7,7,18.523531954380033,18.523531954380033,0.0,0.0
cvrp,3,0,18,route_removal,greedy_with_noise,8977985761455334118,5,7,7,18.523531954380033,18.772273469339588,-0.24874151495955488,-1.3428406395289967
cvrp,3,0,18,route_removal,best_position_first,5373377236856375486,5,7,7,18.523531954380033,18.523531954380033,0.0,0.0
cvrp,3,0,18,route_removal,sequential_insertion,13219257647441653456,5,7,7,18.523531954380033,18.523531954380033,0.0,0.0
cvrp,3,0,18,cluster_removal,greedy_insertion,9523462624235204104,5,7,7,18.523531954380033,17.961312046535497,0.5622199078445362,3.0351658054693775
cvrp,3,0,18,cluster_removal,regret_2,655684848663589006,5,7,7,18.523531954380033,17.788333923408842,0.7351980309711905,3.968994858981779
cvrp,3,0,18,cluster_removal,regret_3,1015438338957841471,5,7,7,18.523531954380033,17.788333923408842,0.7351980309711905,3.968994858981779
cvrp,3,0,18,cluster_removal,greedy_with_noise,18171076261460511361,5,7,7,18.523531954380033,18.361203977035405,0.16232797734462778,0.876333831714227
cvrp,3,0,18,cluster_removal,best_position_first,6495639300322407331,5,7,7,18.523531954380033,18.50318088128901,0.020351073091024574,0.1098660511458907
cvrp,3,0,18,cluster_removal,sequential_insertion,12272062328571413558,5,7,7,18.523531954380033,17.788333923408842,0.7351980309711905,3.968994858981779
cvrp,3,0,18,time_oriented_removal,greedy_insertion,4635127949978177959,5,7,7,18.523531954380033,18.434749987416783,0.08878196696324991,0.47929286478357996
cvrp,3,0,18,time_oriented_removal,regret_2,8068719033669650438,5,7,7,18.523531954380033,18.496209459646813,0.02732249473321957,0.147501539126068
cvrp,3,0,18,time_oriented_removal,regret_3,9665301056732385120,5,7,7,18.523531954380033,18.496209459646813,0.02732249473321957,0.147501539126068
cvrp,3,0,18,time_oriented_removal,greedy_with_noise,7818293853440352323,5,7,7,18.523531954380033,18.435074531653367,0.08845742272666612,0.4775408002346425
cvrp,3,0,18,time_oriented_removal,best_position_first,11198121094341803966,5,7,7,18.523531954380033,18.434749987416783,0.08878196696324991,0.47929286478357996
cvrp,3,0,18,time_oriented_removal,sequential_insertion,5219588925494900747,5,7,7,18.523531954380033,18.434749987416783,0.08878196696324991,0.47929286478357996
cvrp,3,1,19,random_removal,greedy_insertion,4570624840960018350,5,7,7,18.73111456153391,18.81258845271227,-0.08147389117835857,-0.43496552706838276
cvrp,3,1,19,random_removal,regret_2,46887329685012625,5,7,7,18.73111456153391,18.686132988582035,0.0449815729518761,0.24014360066031498
cvrp,3,1,19,random_removal,regret_3,2339812459603109266,5,7,7,18.73111456153391,18.686132988582035,0.0449815729518761,0.24014360066031498
cvrp,3,1,19,random_removal,greedy_with_noise,17822836124565256665,5,7,7,18.73111456153391,18.808362714403472,-0.07724815286956144,-0.4124055331346791
cvrp,3,1,19,random_removal,best_position_first,10877271312388429376,5,7,7,18.73111456153391,18.79494698642424,-0.06383242489032881,-0.34078284386458585
cvrp,3,1,19,random_removal,sequential_insertion,18181006121101964611,5,7,7,18.73111456153391,18.79494698642424,-0.06383242489032881,-0.34078284386458585
cvrp,3,1,19,shaw_removal,greedy_insertion,16289547713528543519,5,7,7,18.73111456153391,18.12683305086855,0.6042815106653592,3.2260841109066067
cvrp,3,1,19,shaw_removal,regret_2,13588518105146935222,5,7,7,18.73111456153391,18.312000804941118,0.41911375659279315,2.2375270580720397
cvrp,3,1,19,shaw_removal,regret_3,461610865322065356,5,7,7,18.73111456153391,18.13381498186921,0.5972995796646998,3.188809601812538
cvrp,3,1,19,shaw_removal,greedy_with_noise,16567286189622578615,5,7,7,18.73111456153391,18.204182579084538,0.5269319824493728,2.8131373641346293
cvrp,3,1,19,shaw_removal,best_position_first,13596197424401533669,5,7,7,18.73111456153391,18.312000804941118,0.41911375659279315,2.2375270580720397
cvrp,3,1,19,shaw_removal,sequential_insertion,4174945763953008426,5,7,7,18.73111456153391,18.372942224307177,0.35817233722673336,1.9121784560662163
cvrp,3,1,19,worst_removal,greedy_insertion,4775096639267630408,5,7,7,18.73111456153391,18.514734248613678,0.21638031292023285,1.1551918718418923
cvrp,3,1,19,worst_removal,regret_2,9800976085680396923,5,7,7,18.73111456153391,18.345877594926225,0.38523696660768536,2.0566686800304206
cvrp,3,1,19,worst_removal,regret_3,7631444490270267011,5,7,7,18.73111456153391,18.345877594926225,0.38523696660768536,2.0566686800304206
cvrp,3,1,19,worst_removal,greedy_with_noise,16672919766719289300,5,7,7,18.73111456153391,18.567830839138537,0.1632837223953736,0.8717245407846255
cvrp,3,1,19,worst_removal,best_position_first,3380495936727943552,5,7,7,18.73111456153391,18.557684283289493,0.17343027824441748,0.9258940661255295
cvrp,3,1,19,worst_removal,sequential_insertion,2005952722263425634,5,7,7,18.73111456153391,18.557684283289493,0.17343027824441748,0.9258940661255295
cvrp,3,1,19,route_removal,greedy_insertion,17670279201534243071,5,7,7,18.73111456153391,18.51424115749377,0.21687340404013966,1.157824342634204
cvrp,3,1,19,route_removal,regret_2,6602976858006827253,5,7,7,18.73111456153391,18.51424115749377,0.21687340404013966,1.157824342634204
cvrp,3,1,19,route_removal,regret_3,88789408118923303,5,7,7,18.73111456153391,18.51424115749377,0.21687340404013966,1.157824342634204
cvrp,3,1,19,route_removal,greedy_with_noise,12210260902834150644,5,7,7,18.73111456153391,18.53825146834763,0.19286309318627914,1.0296402413892736
cvrp,3,1,19,route_removal,best_position_first,3698501103620416432,5,7,7,18.73111456153391,18.51424115749377,0.21687340404013966,1.157824342634204
cvrp,3,1,19,route_removal,sequential_insertion,8590135098668165851,5,7,7,18.73111456153391,18.51424115749377,0.21687340404013966,1.157824342634204
cvrp,3,1,19,cluster_removal,greedy_insertion,14094971064429155,5,7,7,18.73111456153391,18.635675831451007,0.09543873008290404,0.509519760660139
cvrp,3,1,19,cluster_removal,regret_2,14530769231251224301,5,7,7,18.73111456153391,18.617506180060598,0.11360838147331265,0.6065222712727306
cvrp,3,1,19,cluster_removal,regret_3,15565206142159026550,5,7,7,18.73111456153391,18.617506180060598,0.11360838147331265,0.6065222712727306
cvrp,3,1,19,cluster_removal,greedy_with_noise,17850822729153859723,5,7,7,18.73111456153391,18.648048921875635,0.08306563965827607,0.44346341156259383
cvrp,3,1,19,cluster_removal,best_position_first,7629310996175185701,5,7,7,18.73111456153391,18.635675831451007,0.09543873008290404,0.509519760660139
cvrp,3,1,19,cluster_removal,sequential_insertion,9428997439977573285,5,7,7,18.73111456153391,18.635675831451007,0.09543873008290404,0.509519760660139
cvrp,3,1,19,time_oriented_removal,greedy_insertion,17144950629653645242,5,7,7,18.73111456153391,18.71216809537103,0.018946466162880427,0.10114969987845122
cvrp,3,1,19,time_oriented_removal,regret_2,10980663374252042883,5,7,7,18.73111456153391,18.03826113070683,0.692853430827082,3.698943960600834
cvrp,3,1,19,time_oriented_removal,regret_3,10056331049346961220,5,7,7,18.73111456153391,18.03826113070683,0.692853430827082,3.698943960600834
cvrp,3,1,19,time_oriented_removal,greedy_with_noise,13401875744339779081,5,7,7,18.73111456153391,18.622801751120097,0.10831281041381402,0.5782507498846036
cvrp,3,1,19,time_oriented_removal,best_position_first,16568994059132652867,5,7,7,18.73111456153391,18.60872030396619,0.12239425756771993,0.6534275211741427
cvrp,3,1,19,time_oriented_removal,sequential_insertion,4264798182719083046,5,7,7,18.73111456153391,18.185109219051196,0.5460053424827152,2.9149645136653426
cvrp,3,2,20,random_removal,greedy_insertion,14815507402480885731,5,7,7,20.402360695984335,19.910371523234204,0.4919891727501309,2.4114325792062186
cvrp,3,2,20,random_removal,regret_2,2841539475166756585,5,7,7,20.402360695984335,19.894120356181247,0.5082403398030877,2.491085945280447
cvrp,3,2,20,random_removal,regret_3,14784659305036784211,5,7,7,20.402360695984335,19.894120356181247,0.5082403398030877,2.491085945280447
cvrp,3,2,20,random_removal,greedy_with_noise,12200007970731423494,5,7,7,20.402360695984335,19.91366994068886,0.488690755295476,2.3952657370265094
cvrp,3,2,20,random_removal,best_position_first,16296458888455061947,5,7,7,20.402360695984335,20.06535535872638,0.33700533725795623,1.6517958008863494
cvrp,3,2,20,random_removal,sequential_insertion,812558947227311780,5,7,7,20.402360695984335,19.894120356181247,0.5082403398030877,2.491085945280447
cvrp,3,2,20,shaw_removal,greedy_insertion,9166300386850286585,5,7,7,20.402360695984335,20.223390651558482,0.17897004442585285,0.8772026291108478
cvrp,3,2,20,shaw_removal,regret_2,16375242398657313864,5,7,7,20.402360695984335,19.98693737317397,0.41542332281036565,2.036153212858994
cvrp,3,2,20,shaw_removal,regret_3,18266606619548197592,5,7,7,20.402360695984335,19.98693737317397,0.41542332281036565,2.036153212858994
cvrp,3,2,20,shaw_removal,greedy_with_noise,6935801498595765108,5,7,7,20.402360695984335,20.241228672203786,0.16113202378054936,0.7897714690058584
cvrp,3,2,20,shaw_removal,best_position_first,8155998922855786888,5,7,7,20.402360695984335,20.230360615980505,0.17200008000382994,0.8430400901484092
cvrp,3,2,20,shaw_removal,sequential_insertion,14885004458159422585,5,7,7,20.402360695984335,19.98693737317397,0.41542332281036565,2.036153212858994
cvrp,3,2,20,worst_removal,greedy_insertion,1534868751859400627,5,7,7,20.402360695984335,19.307179532977454,1.095181163006881,5.36791393567725
cvrp,3,2,20,worst_removal,regret_2,10200419063240715122,5,7,7,20.402360695984335,19.9069262645313,0.49543443145303456,2.428319148139302
cvrp,3,2,20,worst_removal,regret_3,4962149038548559859,5,7,7,20.402360695984335,19.9069262645313,0.49543443145303456,2.428319148139302
cvrp,3,2,20,worst_removal,greedy_with_noise,4538709126561376378,5,7,7,20.402360695984335,19.45059515632853,0.9517655396558062,4.664977518229722
cvrp,3,2,20,worst_removal,best_position_first,15886666191562583017,5,7,7,20.402360695984335,20.10565079689583,0.29670989908850487,1.4542919984102838
cvrp,3,2,20,worst_removal,sequential_insertion,17447325968307385942,5,7,7,20.402360695984335,20.006205360180836,0.39615533580349904,1.9417132247910496
cvrp,3,2,20,route_removal,greedy_insertion,17912400018202262092,5,7,7,20.402360695984335,19.396497988607358,1.005862707376977,4.930129029504681
cvrp,3,2,20,route_removal,regret_2,13697180346686686087,5,7,7,20.402360695984335,19.492268211371346,0.9100924846129885,4.460721473236752
cvrp,3,2,20,route_removal,regret_3,5796619086634944470,5,7,7,20.402360695984335,19.396497988607358,1.005862707376977,4.930129029504681
cvrp,3,2,20,route_removal,greedy_with_noise,15805642333871090389,5,7,7,20.402360695984335,19.492268211371346,0.9100924846129885,4.460721473236752
cvrp,3,2,20,route_removal,best_position_first,9352181069530264263,5,7,7,20.402360695984335,19.492268211371346,0.9100924846129885,4.460721473236752
cvrp,3,2,20,route_removal,sequential_insertion,15485058307057019068,5,7,7,20.402360695984335,19.492268211371346,0.9100924846129885,4.460721473236752
cvrp,3,2,20,cluster_removal,greedy_insertion,7543343458662921748,5,7,7,20.402360695984335,20.060636376427535,0.3417243195567998,1.6749253904919896
cvrp,3,2,20,cluster_removal,regret_2,12740464787281126106,5,7,7,20.402360695984335,20.060636376427535,0.3417243195567998,1.6749253904919896
cvrp,3,2,20,cluster_removal,regret_3,391765724145194657,5,7,7,20.402360695984335,20.060636376427535,0.3417243195567998,1.6749253904919896
cvrp,3,2,20,cluster_removal,greedy_with_noise,6218665562871514014,5,7,7,20.402360695984335,20.162876088987293,0.239484606997042,1.1738083183882648
cvrp,3,2,20,cluster_removal,best_position_first,11820210422208175456,5,7,7,20.402360695984335,20.14214378567684,0.26021691030749494,1.2754254970049215
cvrp,3,2,20,cluster_removal,sequential_insertion,15821079279557413690,5,7,7,20.402360695984335,20.14214378567684,0.26021691030749494,1.2754254970049215
cvrp,3,2,20,time_oriented_removal,greedy_insertion,6690962886440132883,5,7,7,20.402360695984335,19.038027218641023,1.3643334773433118,6.687135364741613
cvrp,3,2,20,time_oriented_removal,regret_2,18110541296658274064,5,7,7,20.402360695984335,19.264103140983835,1.1382575550005,5.5790482874098775
cvrp,3,2,20,time_oriented_removal,regret_3,16520622271534930085,5,7,7,20.402360695984335,19.038027218641023,1.3643334773433118,6.687135364741613
cvrp,3,2,20,time_oriented_removal,greedy_with_noise,2258032140279689483,5,7,7,20.402360695984335,19.13758017339042,1.2647805225939166,6.19918715015589
cvrp,3,2,20,time_oriented_removal,best_position_first,3621203796822637320,5,7,7,20.402360695984335,19.051241049292848,1.3511196466914868,6.62236917984407
cvrp,3,2,20,time_oriented_removal,sequential_insertion,11406730288832236095,5,7,7,20.402360695984335,19.2348185254328,1.1675421705515348,5.722583714448959
cvrp,3,3,21,random_removal,greedy_insertion,318849936800285479,5,8,8,20.688330958506253,20.514740343040003,0.17359061546624943,0.8390750119688877
cvrp,3,3,21,random_removal,regret_2,17568921543378790191,5,8,8,20.688330958506253,19.78814310361682,0.9001878548894311,4.351186457210596
cvrp,3,3,21,random_removal,regret_3,3760239261964161915,5,8,8,20.688330958506253,19.78814310361682,0.9001878548894311,4.351186457210596
cvrp,3,3,21,random_removal,greedy_with_noise,14969499778066268476,5,8,8,20.688330958506253,20.497593244895466,0.19073771361078684,0.9219579578137151
cvrp,3,3,21,random_removal,best_position_first,14127563189425953286,5,8,8,20.688330958506253,20.497593244895466,0.19073771361078684,0.9219579578137151
cvrp,3,3,21,random_removal,sequential_insertion,6654658989988840021,5,8,8,20.688330958506253,20.431327860159094,0.25700309834715895,1.2422611512867794
cvrp,3,3,21,shaw_removal,greedy_insertion,5718853112781297147,5,8,8,20.688330958506253,19.223482978050765,1.4648479804554881,7.080551753514937
cvrp,3,3,21,shaw_removal,regret_2,11990838425357659311,5,8,8,20.688330958506253,19.209707910450714,1.478623048055539,7.1471355085200114
cvrp,3,3,21,shaw_removal,regret_3,14821926113616264172,5,8,8,20.688330958506253,19.218787430028367,1.4695435284778853,7.103248354955696
cvrp,3,3,21,shaw_removal,greedy_with_noise,8212893700575441478,5,8,8,20.688330958506253,19.218787430028367,1.4695435284778853,7.103248354955696
cvrp,3,3,21,shaw_removal,best_position_first,8125330387814657577,5,8,8,20.688330958506253,19.223482978050765,1.4648479804554881,7.080551753514937
cvrp,3,3,21,shaw_removal,sequential_insertion,1034612921228264263,5,8,8,20.688330958506253,19.209707910450714,1.478623048055539,7.1471355085200114
cvrp,3,3,21,worst_removal,greedy_insertion,1088372432574765658,5,8,7,20.688330958506253,19.589225303790307,1.0991056547159452,5.312684029080823
cvrp,3,3,21,worst_removal,regret_2,6338829113394411662,5,8,7,20.688330958506253,19.341447993377294,1.3468829651289589,6.5103510178290716
cvrp,3,3,21,worst_removal,regret_3,12891506689235186040,5,8,7,20.688330958506253,18.529008391696088,2.1593225668101645,10.437393771111987
cvrp,3,3,21,worst_removal,greedy_with_noise,599541372927524217,5,8,7,20.688330958506253,19.341447993377294,1.3468829651289589,6.5103510178290716
cvrp,3,3,21,worst_removal,best_position_first,11162813235285925714,5,8,7,20.688330958506253,19.726515753510924,0.9618152049953288,4.649071048430164
cvrp,3,3,21,worst_removal,sequential_insertion,15824848830752132020,5,8,7,20.688330958506253,19.65347272314385,1.0348582353624032,5.002134959257837
cvrp,3,3,21,route_removal,greedy_insertion,3152351695461439794,5,8,8,20.688330958506253,20.393940834339457,0.2943901241667959,1.422976675872221
cvrp,3,3,21,route_removal,regret_2,10440873515259011621,5,8,8,20.688330958506253,20.393940834339457,0.2943901241667959,1.422976675872221
cvrp,3,3,21,route_removal,regret_3,12076261021455600553,5,8,8,20.688330958506253,20.124539506337857,0.5637914521683953,2.725166439473387
cvrp,3,3,21,route_removal,greedy_with_noise,13396419127120426185,5,8,8,20.688330958506253,20.154206158554498,0.5341247999517549,2.581768442427895
cvrp,3,3,21,route_removal,best_position_first,17905780824008867086,5,8,8,20.688330958506253,20.154206158554498,0.5341247999517549,2.581768442427895
cvrp,3,3,21,route_removal,sequential_insertion,10057319592282338062,5,8,8,20.688330958506253,20.124539506337857,0.5637914521683953,2.725166439473387
cvrp,3,3,21,cluster_removal,greedy_insertion,17113590592306781476,5,8,8,20.688330958506253,20.02014723084819,0.6681837276580644,3.229761400270585
cvrp,3,3,21,cluster_removal,regret_2,9504118977234905837,5,8,8,20.688330958506253,20.018227220833843,0.6701037376724095,3.2390420426684465
cvrp,3,3,21,cluster_removal,regret_3,18351162609667303526,5,8,8,20.688330958506253,20.018227220833843,0.6701037376724095,3.2390420426684465
cvrp,3,3,21,cluster_removal,greedy_with_noise,9119492644260459270,5,8,8,20.688330958506253,20.07763933318015,0.6106916253261012,2.9518651192836227
cvrp,3,3,21,cluster_removal,best_position_first,4749958188107693031,5,8,8,20.688330958506253,20.02014723084819,0.6681837276580644,3.229761400270585
cvrp,3,3,21,cluster_removal,sequential_insertion,6144223639416545844,5,8,8,20.688330958506253,20.02012922089836,0.668201737607891,3.2298484539331676
cvrp,3,3,21,time_oriented_removal,greedy_insertion,15288829136856149926,5,8,8,20.688330958506253,19.707273621612156,0.9810573368940965,4.742080638896214
cvrp,3,3,21,time_oriented_removal,regret_2,15071344163929748163,5,8,8,20.688330958506253,19.6957888836581,0.9925420748481528,4.797593758717676
cvrp,3,3,21,time_oriented_removal,regret_3,11394418772341873162,5,8,8,20.688330958506253,19.6957888836581,0.9925420748481528,4.797593758717676
cvrp,3,3,21,time_oriented_removal,greedy_with_noise,9325169377402580198,5,8,8,20.688330958506253,19.84952494204145,0.838806016464801,4.054488581737987
cvrp,3,3,21,time_oriented_removal,best_position_first,9716830318217130301,5,8,8,20.688330958506253,19.708055846780297,0.9802751117259554,4.738299641919174
cvrp,3,3,21,time_oriented_removal,sequential_insertion,16991384563071386198,5,8,8,20.688330958506253,19.707273621612156,0.9810573368940965,4.742080638896214
cvrp,3,4,22,random_removal,greedy_insertion,5713013399268537169,5,7,7,20.818850875478862,20.19720514107374,0.6216457344051207,2.985975249658548
cvrp,3,4,22,random_removal,regret_2,9472851510036708656,5,7,7,20.818850875478862,20.193992944479326,0.6248579309995357,3.0014045190914653
cvrp,3,4,22,random_removal,regret_3,5690862198403917389,5,7,7,20.818850875478862,20.193992944479326,0.6248579309995357,3.0014045190914653
cvrp,3,4,22,random_removal,greedy_with_noise,12512575785130401870,5,7,7,20.818850875478862,20.22485839841631,0.5939924770625531,2.8531472779901472
cvrp,3,4,22,random_removal,best_position_first,2608379148026330210,5,7,7,20.818850875478862,20.723179137214963,0.09567173826389919,0.4595437992045207
cvrp,3,4,22,random_removal,sequential_insertion,14154291650298517503,5,7,7,20.818850875478862,20.44820465525006,0.370646220228803,1.780339474285598
cvrp,3,4,22,shaw_removal,greedy_insertion,5274533332361290169,5,7,7,20.818850875478862,20.23299350921516,0.5858573662637028,2.814071582374151
cvrp,3,4,22,shaw_removal,regret_2,8452440781895587117,5,7,7,20.818850875478862,20.23299350921516,0.5858573662637028,2.814071582374151
cvrp,3,4,22,shaw_removal,regret_3,6253863523980284936,5,7,7,20.818850875478862,20.23299350921516,0.5858573662637028,2.814071582374151
cvrp,3,4,22,shaw_removal,greedy_with_noise,12267615035595101157,5,7,7,20.818850875478862,20.23299350921516,0.5858573662637028,2.814071582374151
cvrp,3,4,22,shaw_removal,best_position_first,18005096000338479523,5,7,7,20.818850875478862,20.23299350921516,0.5858573662637028,2.814071582374151
cvrp,3,4,22,shaw_removal,sequential_insertion,6805348941461310908,5,7,7,20.818850875478862,20.23299350921516,0.5858573662637028,2.814071582374151
cvrp,3,4,22,worst_removal,greedy_insertion,9549661253612166916,5,7,7,20.818850875478862,19.81176479416968,1.0070860813091826,4.837375930750156
cvrp,3,4,22,worst_removal,regret_2,3875325645031546185,5,7,7,20.818850875478862,19.572330505976044,1.246520369502818,5.9874600041975
cvrp,3,4,22,worst_removal,regret_3,15708330697723401233,5,7,7,20.818850875478862,19.572330505976044,1.246520369502818,5.9874600041975
cvrp,3,4,22,worst_removal,greedy_with_noise,7827904971111301552,5,7,7,20.818850875478862,19.844442259972798,0.9744086155060643,4.680414982239752
cvrp,3,4,22,worst_removal,best_position_first,15226889028389436908,5,7,7,20.818850875478862,19.81176479416968,1.0070860813091826,4.837375930750156
cvrp,3,4,22,worst_removal,sequential_insertion,11160712627049394793,5,7,7,20.818850875478862,19.81176479416968,1.0070860813091826,4.837375930750156
cvrp,3,4,22,route_removal,greedy_insertion,49910908974272249,5,7,7,20.818850875478862,20.606966615786096,0.21188425969276636,1.0177519449084038
cvrp,3,4,22,route_removal,regret_2,5927128878004883699,5,7,7,20.818850875478862,20.606966615786096,0.21188425969276636,1.0177519449084038
cvrp,3,4,22,route_removal,regret_3,1116910044810304617,5,7,7,20.818850875478862,20.606966615786096,0.21188425969276636,1.0177519449084038
cvrp,3,4,22,route_removal,greedy_with_noise,546174663167814821,5,7,7,20.818850875478862,20.888624726052957,-0.06977385057409435,-0.33514746318816435
cvrp,3,4,22,route_removal,best_position_first,8443482873382037119,5,7,7,20.818850875478862,20.73296121691152,0.08588965856734276,0.4125571535194888
cvrp,3,4,22,route_removal,sequential_insertion,10653809144341655498,5,7,7,20.818850875478862,20.606966615786096,0.21188425969276636,1.0177519449084038
cvrp,3,4,22,cluster_removal,greedy_insertion,15565821032781428157,5,7,7,20.818850875478862,20.782715952260332,0.036134923218529735,0.1735682888294793
cvrp,3,4,22,cluster_removal,regret_2,5179992733861504138,5,7,7,20.818850875478862,20.76504665735706,0.05380421812180103,0.25843990354517327
cvrp,3,4,22,cluster_removal,regret_3,17274116486097878195,5,7,7,20.818850875478862,20.582794712877735,0.23605616260112683,1.133857790773465
cvrp,3,4,22,cluster_removal,greedy_with_noise,17229934091459259949,5,7,7,20.818850875478862,20.672814603741575,0.1460362717372874,0.7014617310568941
cvrp,3,4,22,cluster_removal,best_position_first,3082346279850601633,5,7,7,20.818850875478862,20.549035845380537,0.2698150300983251,1.296013078301657
cvrp,3,4,22,cluster_removal,sequential_insertion,15586638298253040207,5,7,7,20.818850875478862,20.76504665735706,0.05380421812180103,0.25843990354517327
cvrp,3,4,22,time_oriented_removal,greedy_insertion,18028733332308935379,5,7,7,20.818850875478862,20.583802827482234,0.23504804799662793,1.1290154744970837
cvrp,3,4,22,time_oriented_removal,regret_2,8641208760694182821,5,7,7,20.818850875478862,20.663355446785797,0.1554954286930652,0.7468972693214923
cvrp,3,4,22,time_oriented_removal,regret_3,15081415867149642085,5,7,7,20.818850875478862,20.583802827482234,0.23504804799662793,1.1290154744970837
cvrp,3,4,22,time_oriented_removal,greedy_with_noise,14257648923929201991,5,7,7,20.818850875478862,20.7281472529177,0.09070362256116127,0.43568025489819434
cvrp,3,4,22,time_oriented_removal,best_position_first,12475531514327008924,5,7,7,20.818850875478862,20.583802827482234,0.23504804799662793,1.1290154744970837
cvrp,3,4,22,time_oriented_removal,sequential_insertion,9317299156382065194,5,7,7,20.818850875478862,20.583802827482234,0.23504804799662793,1.1290154744970837
cvrp,3,5,23,random_removal,greedy_insertion,10957050790445632929,5,7,7,19.295761140894054,18.512282128774228,0.7834790121198267,4.060368525496397
cvrp,3,5,23,random_removal,regret_2,4503792466011551881,5,7,7,19.295761140894054,18.512282128774228,0.7834790121198267,4.060368525496397
cvrp,3,5,23,random_removal,regret_3,16037398950254008630,5,7,7,19.295761140894054,18.512282128774228,0.7834790121198267,4.060368525496397
cvrp,3,5,23,random_removal,greedy_with_noise,3615626972279806109,5,7,7,19.295761140894054,18.564055718155124,0.7317054227389299,3.7920526554830007
cvrp,3,5,23,random_removal,best_position_first,6820679399840011865,5,7,7,19.295761140894054,18.51843976931724,0.7773213715768144,4.028456643409703
cvrp,3,5,23,random_removal,sequential_insertion,15356868050909449615,5,7,7,19.295761140894054,18.51843976931724,0.7773213715768144,4.028456643409703
cvrp,3,5,23,shaw_removal,greedy_insertion,3492386855188917202,5,7,7,19.295761140894054,18.878467185864825,0.41729395502922983,2.1626198209141743
cvrp,3,5,23,shaw_removal,regret_2,4163804175664125491,5,7,7,19.295761140894054,18.997188649814596,0.29857249107945805,1.54734756975554
cvrp,3,5,23,shaw_removal,regret_3,4651405164492834125,5,7,7,19.295761140894054,18.997188649814596,0.29857249107945805,1.54734756975554
cvrp,3,5,23,shaw_removal,greedy_with_noise,17485315550426216730,5,7,7,19.295761140894054,19.047271828977546,0.24848931191650792,1.2877922259820964
cvrp,3,5,23,shaw_removal,best_position_first,9671348656145873911,5,7,7,19.295761140894054,19.01788217806097,0.27787896283308555,1.4401036621673802
cvrp,3,5,23,shaw_removal,sequential_insertion,18402948996048907299,5,7,7,19.295761140894054,19.01788217806097,0.27787896283308555,1.4401036621673802
cvrp,3,5,23,worst_removal,greedy_insertion,12584891653264830364,5,7,7,19.295761140894054,18.64951996420443,0.6462411766896246,3.34913544985809
cvrp,3,5,23,worst_removal,regret_2,17412352638542110118,5,7,7,19.295761140894054,18.657497602196617,0.6382635386974371,3.3077914576002243
cvrp,3,5,23,worst_removal,regret_3,15558795150068325699,5,7,7,19.295761140894054,18.64951996420443,0.6462411766896246,3.34913544985809
cvrp,3,5,23,worst_removal,greedy_with_noise,8894528205381825486,5,7,7,19.295761140894054,18.6957143271336,0.6000468137604535,3.1097338393599685
cvrp,3,5,23,worst_removal,best_position_first,4780130519305213664,5,7,7,19.295761140894054,18.64951996420443,0.6462411766896246,3.34913544985809
cvrp,3,5,23,worst_removal,sequential_insertion,16427140073189160154,5,7,7,19.295761140894054,18.64951996420443,0.6462411766896246,3.34913544985809
cvrp,3,5,23,route_removal,greedy_insertion,10706128239780368762,5,7,7,19.295761140894054,18.697938012328603,0.5978231285654516,3.098209623348146
cvrp,3,5,23,route_removal,regret_2,8764493923289240497,5,7,7,19.295761140894054,18.697938012328603,0.5978231285654516,3.098209623348146
cvrp,3,5,23,route_removal,regret_3,1214725923045870009,5,7,7,19.295761140894054,18.697938012328603,0.5978231285654516,3.098209623348146
cvrp,3,5,23,route_removal,greedy_with_noise,5003025104051224527,5,7,7,19.295761140894054,18.697938012328603,0.5978231285654516,3.098209623348146
cvrp,3,5,23,route_removal,best_position_first,17821379573454164790,5,7,7,19.295761140894054,18.697938012328603,0.5978231285654516,3.098209623348146
cvrp,3,5,23,route_removal,sequential_insertion,2681637626963079595,5,7,7,19.295761140894054,18.697938012328603,0.5978231285654516,3.098209623348146
cvrp,3,5,23,cluster_removal,greedy_insertion,3259989942601134051,5,7,7,19.295761140894054,18.95750939439946,0.33825174649459555,1.7529847308159772
cvrp,3,5,23,cluster_removal,regret_2,10075268010649721390,5,7,7,19.295761140894054,18.95750939439946,0.33825174649459555,1.7529847308159772
cvrp,3,5,23,cluster_removal,regret_3,17711118631435494024,5,7,7,19.295761140894054,18.95750939439946,0.33825174649459555,1.7529847308159772
cvrp,3,5,23,cluster_removal,greedy_with_noise,1783798890081503480,5,7,7,19.295761140894054,19.07561286559782,0.2201482752962356,1.1409152180562037
cvrp,3,5,23,cluster_removal,best_position_first,13206700339313327644,5,7,7,19.295761140894054,18.95750939439946,0.33825174649459555,1.7529847308159772
cvrp,3,5,23,cluster_removal,sequential_insertion,12557441444547948363,5,7,7,19.295761140894054,19.033783767817503,0.2619773730765509,1.3576939057425146
cvrp,3,5,23,time_oriented_removal,greedy_insertion,6091255769779678471,5,7,7,19.295761140894054,18.721900693382892,0.5738604475111622,2.974023379129437
cvrp,3,5,23,time_oriented_removal,regret_2,8501771944112782411,5,7,7,19.295761140894054,19.814017094136336,-0.5182559532422815,-2.6858539005436115
cvrp,3,5,23,time_oriented_removal,regret_3,11272291802119445457,5,7,7,19.295761140894054,19.814017094136336,-0.5182559532422815,-2.6858539005436115
cvrp,3,5,23,time_oriented_removal,greedy_with_noise,14980729944695074059,5,7,7,19.295761140894054,18.805727839117413,0.4900333017766414,2.5395904219507566
cvrp,3,5,23,time_oriented_removal,best_position_first,8317674972853613247,5,7,7,19.295761140894054,18.78873763988217,0.5070235010118829,2.6276418810830613
cvrp,3,5,23,time_oriented_removal,sequential_insertion,12594261492895909824,5,7,7,19.295761140894054,18.78873763988217,0.5070235010118829,2.6276418810830613
cvrp,4,0,24,random_removal,greedy_insertion,10412968381318969042,5,7,7,19.96556518120988,19.974658488513427,-0.00909330730354796,-0.04554495312812838
cvrp,4,0,24,random_removal,regret_2,6743615649453871538,5,7,7,19.96556518120988,19.770752673597794,0.19481250761208457,0.975742513893009
cvrp,4,0,24,random_removal,regret_3,5982083278698882379,5,7,7,19.96556518120988,19.770752673597794,0.19481250761208457,0.975742513893009
cvrp,4,0,24,random_removal,greedy_with_noise,13744129830557274202,5,7,7,19.96556518120988,20.127706137465058,-0.162140956255179,-0.8121030122792323
cvrp,4,0,24,random_removal,best_position_first,6768944494695756902,5,7,7,19.96556518120988,19.962277595159815,0.003287586050063851,0.016466280920301144
cvrp,4,0,24,random_removal,sequential_insertion,11326202925034572971,5,7,7,19.96556518120988,19.863930141271084,0.1016350399387953,0.5090516547683144
cvrp,4,0,24,shaw_removal,greedy_insertion,2849745879904783470,5,7,7,19.96556518120988,19.507935998296585,0.45762918291329413,2.2920923037229173
cvrp,4,0,24,shaw_removal,regret_2,17611538222144367178,5,7,7,19.96556518120988,19.40937110172376,0.5561940794861187,2.785766766119737
cvrp,4,0,24,shaw_removal,regret_3,5512496629613439471,5,7,7,19.96556518120988,19.40937110172376,0.5561940794861187,2.785766766119737
cvrp,4,0,24,shaw_removal,greedy_with_noise,1788515905937378634,5,7,7,19.96556518120988,19.835432811278906,0.13013236993097266,0.6517840529425316
cvrp,4,0,24,shaw_removal,best_position_first,5717567862635225295,5,7,7,19.96556518120988,19.40937110172376,0.5561940794861187,2.785766766119737
cvrp,4,0,24,shaw_removal,sequential_insertion,10786532486136955391,5,7,7,19.96556518120988,19.40937110172376,0.5561940794861187,2.785766766119737
cvrp,4,0,24,worst_removal,greedy_insertion,14035599981382636105,5,7,7,19.96556518120988,18.08832428304999,1.87724089815989,9.402392975715063
cvrp,4,0,24,worst_removal,regret_2,15541543030813091270,5,7,7,19.96556518120988,17.944590541163706,2.020974640046173,10.122301180575475
cvrp,4,0,24,worst_removal,regret_3,773633966238035309,5,7,7,19.96556518120988,17.986182303227324,1.9793828779825553,9.91398370152529
cvrp,4,0,24,worst_removal,greedy_with_noise,2153533538141490950,5,7,7,19.96556518120988,18.497863905531116,1.4677012756787633,7.351163176988627
cvrp,4,0,24,worst_removal,best_position_first,4295260336723662497,5,7,7,19.96556518120988,18.497863905531116,1.4677012756787633,7.351163176988627
cvrp,4,0,24,worst_removal,sequential_insertion,2594302686770476218,5,7,7,19.96556518120988,18.152928400506415,1.812636780703464,9.078815271452392
cvrp,4,0,24,route_removal,greedy_insertion,7398789975483021665,5,7,7,19.96556518120988,19.13073142511511,0.8348337560947705,4.181368012964915
cvrp,4,0,24,route_removal,regret_2,15124790929929245398,5,7,7,19.96556518120988,19.13073142511511,0.8348337560947705,4.181368012964915
cvrp,4,0,24,route_removal,regret_3,10586823107252374360,5,7,7,19.96556518120988,19.13073142511511,0.8348337560947705,4.181368012964915
cvrp,4,0,24,route_removal,greedy_with_noise,13058917692005419784,5,7,7,19.96556518120988,19.285161638371935,0.6804035428379436,3.4078852096723478
cvrp,4,0,24,route_removal,best_position_first,11398059234655810059,5,7,7,19.96556518120988,19.13905617816095,0.8265090030489297,4.139672458793099
cvrp,4,0,24,route_removal,sequential_insertion,12531653985711458413,5,7,7,19.96556518120988,19.13073142511511,0.8348337560947705,4.181368012964915
cvrp,4,0,24,cluster_removal,greedy_insertion,13128171200309517716,5,7,7,19.96556518120988,19.761144820652834,0.2044203605570445,1.0238646324394056
cvrp,4,0,24,cluster_removal,regret_2,9136021509438422163,5,7,7,19.96556518120988,19.781889446944966,0.1836757342649129,0.9199626086106242
cvrp,4,0,24,cluster_removal,regret_3,17633788553029658707,5,7,7,19.96556518120988,19.781889446944966,0.1836757342649129,0.9199626086106242
cvrp,4,0,24,cluster_removal,greedy_with_noise,7016992052214131371,5,7,8,19.96556518120988,19.88094631557209,0.08461886563778975,0.42382404339561
cvrp,4,0,24,cluster_removal,best_position_first,674263006327896747,5,7,7,19.96556518120988,19.778296766674263,0.18726841453561605,0.9379569916300656
cvrp,4,0,24,cluster_removal,sequential_insertion,15313252818224268435,5,7,7,19.96556518120988,20.173821816737895,-0.20825663552801643,-1.0430790896118096
cvrp,4,0,24,time_oriented_removal,greedy_insertion,12617871196670423575,5,7,7,19.96556518120988,19.62135273471646,0.34421244649341887,1.724030566474353
cvrp,4,0,24,time_oriented_removal,regret_2,14412592653923102469,5,7,7,19.96556518120988,19.62135273471646,0.34421244649341887,1.724030566474353
cvrp,4,0,24,time_oriented_removal,regret_3,11399298630100870236,5,7,7,19.96556518120988,19.62135273471646,0.34421244649341887,1.724030566474353
cvrp,4,0,24,time_oriented_removal,greedy_with_noise,8853358451742499902,5,7,7,19.96556518120988,20.076902313493097,-0.11133713228321795,-0.5576457829904072
cvrp,4,0,24,time_oriented_removal,best_position_first,5910651249839268540,5,7,7,19.96556518120988,19.858844827525814,0.1067203536840644,0.5345220769632996
cvrp,4,0,24,time_oriented_removal,sequential_insertion,90774609467652168,5,7,7,19.96556518120988,19.8758845110939,0.08968067011597824,0.4491767165217997
cvrp,4,1,25,random_removal,greedy_insertion,12311615449954199666,5,7,7,19.02477777593512,18.742783272768563,0.2819945031665583,1.482248604886516
cvrp,4,1,25,random_removal,regret_2,17998955034077832936,5,7,7,19.02477777593512,18.742068288590826,0.28270948734429524,1.4860067784965192
cvrp,4,1,25,random_removal,regret_3,5588409735583810840,5,7,7,19.02477777593512,18.742068288590826,0.28270948734429524,1.4860067784965192
cvrp,4,1,25,random_removal,greedy_with_noise,10840936108345791582,5,7,7,19.02477777593512,18.735806044365308,0.2889717315698128,1.5189230327585734
cvrp,4,1,25,random_removal,best_position_first,1147319316489001920,5,7,7,19.02477777593512,18.742068288590826,0.28270948734429524,1.4860067784965192
cvrp,4,1,25,random_removal,sequential_insertion,2639740499956217265,5,7,7,19.02477777593512,19.000062859257397,0.02471491667772341,0.12990909522730865
cvrp,4,1,25,shaw_removal,greedy_insertion,4225760947066522713,5,7,7,19.02477777593512,18.598373939947244,0.4264038359878768,2.2413078408056086
cvrp,4,1,25,shaw_removal,regret_2,11093650137324833099,5,7,7,19.02477777593512,18.597691009573985,0.4270867663611355,2.2448975299010714
cvrp,4,1,25,shaw_removal,regret_3,1400962220509726473,5,7,7,19.02477777593512,18.597691009573985,0.4270867663611355,2.2448975299010714
cvrp,4,1,25,shaw_removal,greedy_with_noise,13952034955012108444,5,7,7,19.02477777593512,18.640498736753216,0.3842790391819051,2.0198871372257945
cvrp,4,1,25,shaw_removal,best_position_first,16303396797988633977,5,7,7,19.02477777593512,18.597691009573985,0.4270867663611355,2.2448975299010714
cvrp,4,1,25,shaw_removal,sequential_insertion,4761283385817874741,5,7,7,19.02477777593512,18.597691009573985,0.4270867663611355,2.2448975299010714
cvrp,4,1,25,worst_removal,greedy_insertion,1257736768230197744,5,7,7,19.02477777593512,18.3078060081953,0.7169717677398211,3.7686209856639437
cvrp,4,1,25,worst_removal,regret_2,3637721261513705535,5,7,7,19.02477777593512,18.69814293383689,0.3266348420982297,1.7168917605513248
cvrp,4,1,25,worst_removal,regret_3,6265639359967217652,5,7,7,19.02477777593512,18.3078060081953,0.7169717677398211,3.7686209856639437
cvrp,4,1,25,worst_removal,greedy_with_noise,9888540726633225429,5,7,7,19.02477777593512,18.338247159392942,0.6865306165421785,3.608613065696814
cvrp,4,1,25,worst_removal,best_position_first,17084477406007165965,5,7,7,19.02477777593512,18.314127849746804,0.7106499261883172,3.7353914697875457
cvrp,4,1,25,worst_removal,sequential_insertion,14995601828907916880,5,7,7,19.02477777593512,18.57905202978094,0.4457257461541815,2.342869658735201
cvrp,4,1,25,route_removal,greedy_insertion,5888463404089971206,5,7,7,19.02477777593512,18.776816964706786,0.24796081122833513,1.303357201585747
cvrp,4,1,25,route_removal,regret_2,6816617291844850790,5,7,7,19.02477777593512,18.776816964706786,0.24796081122833513,1.303357201585747
cvrp,4,1,25,route_removal,regret_3,6430771256329142620,5,7,7,19.02477777593512,18.776816964706786,0.24796081122833513,1.303357201585747
cvrp,4,1,25,route_removal,greedy_with_noise,694029826842369665,5,7,7,19.02477777593512,18.8147974111388,0.2099803647963192,1.1037204600724861
cvrp,4,1,25,route_removal,best_position_first,11235552394111717409,5,7,7,19.02477777593512,18.776816964706786,0.24796081122833513,1.303357201585747
cvrp,4,1,25,route_removal,sequential_insertion,817996234439574219,5,7,7,19.02477777593512,18.776816964706786,0.24796081122833513,1.303357201585747
cvrp,4,1,25,cluster_removal,greedy_insertion,13951333005139617839,5,7,7,19.02477777593512,18.520554747525043,0.5042230284100775,2.6503491097167022
cvrp,4,1,25,cluster_removal,regret_2,10915883054576837408,5,7,7,19.02477777593512,18.520554747525043,0.5042230284100775,2.6503491097167022
cvrp,4,1,25,cluster_removal,regret_3,8797483098273810424,5,7,7,19.02477777593512,18.416193479312305,0.6085842966228157,3.1989035761176035
cvrp,4,1,25,cluster_removal,greedy_with_noise,8456372086278804024,5,7,7,19.02477777593512,18.55518305762383,0.46959471831129207,2.46833221308526
cvrp,4,1,25,cluster_removal,best_position_first,3944169980551512727,5,7,7,19.02477777593512,18.578492621406077,0.4462851545290434,2.3458100787571867
cvrp,4,1,25,cluster_removal,sequential_insertion,13895951155933382330,5,7,7,19.02477777593512,18.57237750302842,0.4524002729067007,2.3779529949566727
cvrp,4,1,25,time_oriented_removal,greedy_insertion,8564968413461014417,5,7,7,19.02477777593512,18.222322863921228,0.8024549120138929,4.217946309096638
cvrp,4,1,25,time_oriented_removal,regret_2,15364895726088474579,5,7,7,19.02477777593512,18.00326823808782,1.021509537847301,5.369363836351518
cvrp,4,1,25,time_oriented_removal,regret_3,7233441474464264423,5,7,7,19.02477777593512,18.00326823808782,1.021509537847301,5.369363836351518
cvrp,4,1,25,time_oriented_removal,greedy_with_noise,13454465547807649476,5,7,8,19.02477777593512,18.988642740270024,0.03613503566509735,0.18993670302317742
cvrp,4,1,25,time_oriented_removal,best_position_first,10542731291194780074,5,7,7,19.02477777593512,18.222322863921228,0.8024549120138929,4.217946309096638
cvrp,4,1,25,time_oriented_removal,sequential_insertion,4065345209776525455,5,7,7,19.02477777593512,18.222322863921228,0.8024549120138929,4.217946309096638
cvrp,4,2,26,random_removal,greedy_insertion,6088180998569242053,5,7,7,21.16960756954206,20.65480403361165,0.5148035359304082,2.4318048137608645
cvrp,4,2,26,random_removal,regret_2,10021540607470941961,5,7,7,21.16960756954206,20.65480403361165,0.5148035359304082,2.4318048137608645
cvrp,4,2,26,random_removal,regret_3,17008491281270626440,5,7,7,21.16960756954206,20.65480403361165,0.5148035359304082,2.4318048137608645
cvrp,4,2,26,random_removal,greedy_with_noise,4698963755598307345,5,7,7,21.16960756954206,20.656416195611197,0.5131913739308622,2.424189358470775
cvrp,4,2,26,random_removal,best_position_first,4098533221682853746,5,7,7,21.16960756954206,20.82676432141447,0.3428432481275898,1.6195068661587202
cvrp,4,2,26,random_removal,sequential_insertion,9980733265848405834,5,7,7,21.16960756954206,20.65480403361165,0.5148035359304082,2.4318048137608645
cvrp,4,2,26,shaw_removal,greedy_insertion,8846829960383181202,5,7,7,21.16960756954206,20.66084705203882,0.5087605175032373,2.4032590865558627
cvrp,4,2,26,shaw_removal,regret_2,14103308427690283004,5,7,7,21.16960756954206,20.66084705203882,0.5087605175032373,2.4032590865558627
cvrp,4,2,26,shaw_removal,regret_3,14085389411298373593,5,7,7,21.16960756954206,20.66084705203882,0.5087605175032373,2.4032590865558627
cvrp,4,2,26,shaw_removal,greedy_with_noise,1491336090462619147,5,7,7,21.16960756954206,20.877179993203658,0.292427576338401,1.3813556787851538
cvrp,4,2,26,shaw_removal,best_position_first,11087972123201223620,5,7,7,21.16960756954206,20.66084705203882,0.5087605175032373,2.4032590865558627
cvrp,4,2,26,shaw_removal,sequential_insertion,16346768763128986015,5,7,7,21.16960756954206,20.66084705203882,0.5087605175032373,2.4032590865558627
cvrp,4,2,26,worst_removal,greedy_insertion,6947100743546626929,5,7,7,21.16960756954206,18.671772047131785,2.4978355224102735,11.799158365146335
cvrp,4,2,26,worst_removal,regret_2,7957250965255922004,5,7,7,21.16960756954206,18.68730516613747,2.4823024034045886,11.725783745637406
cvrp,4,2,26,worst_removal,regret_3,4606624164092207722,5,7,7,21.16960756954206,18.68730516613747,2.4823024034045886,11.725783745637406
cvrp,4,2,26,worst_removal,greedy_with_noise,13545963221196439915,5,7,7,21.16960756954206,18.733529849671843,2.436077719870216,11.507429752146855
cvrp,4,2,26,worst_removal,best_position_first,2207166657286070481,5,7,7,21.16960756954206,18.671772047131785,2.4978355224102735,11.799158365146335
cvrp,4,2,26,worst_removal,sequential_insertion,6419528726766238816,5,7,7,21.16960756954206,18.671772047131785,2.4978355224102735,11.799158365146335
cvrp,4,2,26,route_removal,greedy_insertion,2519313033705662473,5,7,7,21.16960756954206,20.66286851332399,0.5067390562180698,2.39371020248455
cvrp,4,2,26,route_removal,regret_2,11804382574489141674,5,7,7,21.16960756954206,20.303105221118383,0.8665023484236762,4.0931431798025555
cvrp,4,2,26,route_removal,regret_3,15033843385456061001,5,7,7,21.16960756954206,20.303105221118383,0.8665023484236762,4.0931431798025555
cvrp,4,2,26,route_removal,greedy_with_noise,13437039075127641209,5,7,7,21.16960756954206,20.71913487683732,0.45047269270473933,2.1279217917712394
cvrp,4,2,26,route_removal,best_position_first,311883945876595946,5,7,7,21.16960756954206,20.66286851332399,0.5067390562180698,2.39371020248455
cvrp,4,2,26,route_removal,sequential_insertion,9585341700807401165,5,7,7,21.16960756954206,20.95653423720093,0.21307333234112846,1.0065058203898376
cvrp,4,2,26,cluster_removal,greedy_insertion,15217371354820423329,5,7,7,21.16960756954206,19.40300931406147,1.766598255480588,8.34497403731893
cvrp,4,2,26,cluster_removal,regret_2,5241181961719845018,5,7,7,21.16960756954206,20.05459357031736,1.1150139992247006,5.267050867909974
cvrp,4,2,26,cluster_removal,regret_3,8857026255546602595,5,7,7,21.16960756954206,19.769177819738868,1.400429749803191,6.6152844128205315
cvrp,4,2,26,cluster_removal,greedy_with_noise,14641201678109456083,5,7,7,21.16960756954206,19.806351897267017,1.3632556722750415,6.439683247772796
cvrp,4,2,26,cluster_removal,best_position_first,16004036001180172712,5,7,7,21.16960756954206,19.497064718290396,1.672542851251663,7.900679527276865
cvrp,4,2,26,cluster_removal,sequential_insertion,8745885430344498279,5,7,7,21.16960756954206,19.85642203719957,1.3131855323424872,6.203164267588235
cvrp,4,2,26,time_oriented_removal,greedy_insertion,6185529936094619813,5,7,7,21.16960756954206,19.555235499615065,1.6143720699269934,7.625895116967988
cvrp,4,2,26,time_oriented_removal,regret_2,14877485342089914329,5,7,7,21.16960756954206,19.496613424109388,1.6729941454326713,7.90281132957658
cvrp,4,2,26,time_oriented_removal,regret_3,9722732841031929786,5,7,7,21.16960756954206,19.496613424109388,1.6729941454326713,7.90281132957658
cvrp,4,2,26,time_oriented_removal,greedy_with_noise,7217067412813578218,5,7,7,21.16960756954206,19.60162336306089,1.5679842064811673,7.406770301860093
cvrp,4,2,26,time_oriented_removal,best_position_first,3310065006262298080,5,7,7,21.16960756954206,19.555235499615065,1.6143720699269934,7.625895116967988
cvrp,4,2,26,time_oriented_removal,sequential_insertion,2289083986979479379,5,7,7,21.16960756954206,19.555235499615065,1.6143720699269934,7.625895116967988
cvrp,4,3,27,random_removal,greedy_insertion,4135029676058732154,5,7,8,18.93507233070578,19.495889514946505,-0.5608171842407259,-2.9617905569406515
cvrp,4,3,27,random_removal,regret_2,6647199957132153506,5,7,7,18.93507233070578,18.838001343373133,0.0970709873326463,0.512651790483169
cvrp,4,3,27,random_removal,regret_3,7029911364691506953,5,7,7,18.93507233070578,18.838001343373133,0.0970709873326463,0.512651790483169
cvrp,4,3,27,random_removal,greedy_with_noise,4781548419747366037,5,7,8,18.93507233070578,19.049433951473635,-0.1143616207678555,-0.6039671714504237
cvrp,4,3,27,random_removal,best_position_first,736465040551951995,5,7,8,18.93507233070578,19.427807441725548,-0.4927351110197691,-2.602235166647515
cvrp,4,3,27,random_removal,sequential_insertion,5052200401555125390,5,7,8,18.93507233070578,19.427807441725548,-0.4927351110197691,-2.602235166647515
cvrp,4,3,27,shaw_removal,greedy_insertion,16018579212726014513,5,7,7,18.93507233070578,18.93507233070578,0.0,0.0
cvrp,4,3,27,shaw_removal,regret_2,2304662677192281410,5,7,7,18.93507233070578,18.93507233070578,0.0,0.0
cvrp,4,3,27,shaw_removal,regret_3,4512938023044131032,5,7,7,18.93507233070578,18.93507233070578,0.0,0.0
cvrp,4,3,27,shaw_removal,greedy_with_noise,7353902360187353414,5,7,7,18.93507233070578,18.93507233070578,0.0,0.0
cvrp,4,3,27,shaw_removal,best_position_first,13313698656798629795,5,7,7,18.93507233070578,18.93507233070578,0.0,0.0
cvrp,4,3,27,shaw_removal,sequential_insertion,10459039218032861178,5,7,7,18.93507233070578,18.93507233070578,0.0,0.0
cvrp,4,3,27,worst_removal,greedy_insertion,4540072958317449873,5,7,8,18.93507233070578,18.279017556071267,0.6560547746345122,3.4647598022143846
cvrp,4,3,27,worst_removal,regret_2,16896712348164060075,5,7,8,18.93507233070578,18.279017556071267,0.6560547746345122,3.4647598022143846
cvrp,4,3,27,worst_removal,regret_3,3495627698064602474,5,7,7,18.93507233070578,18.02332428309852,0.9117480476072579,4.815128411887475
cvrp,4,3,27,worst_removal,greedy_with_noise,10644223761013456944,5,7,8,18.93507233070578,18.960276504644508,-0.025204173938728758,-0.13310841119870867
cvrp,4,3,27,worst_removal,best_position_first,10339836669454400667,5,7,7,18.93507233070578,18.180363336921626,0.7547089937841527,3.985772964596972
cvrp,4,3,27,worst_removal,sequential_insertion,17322011286972971424,5,7,7,18.93507233070578,18.180363336921626,0.7547089937841527,3.985772964596972
cvrp,4,3,27,route_removal,greedy_insertion,2592538643913490832,5,7,7,18.93507233070578,18.513714655993326,0.42135767471245344,2.2252762881141206
cvrp,4,3,27,route_removal,regret_2,3888050167165666595,5,7,7,18.93507233070578,18.44480783176982,0.4902644989359608,2.589187357583687
cvrp,4,3,27,route_removal,regret_3,17207081073165318297,5,7,7,18.93507233070578,18.44480783176982,0.4902644989359608,2.589187357583687
cvrp,4,3,27,route_removal,greedy_with_noise,10464867289548899150,5,7,7,18.93507233070578,18.90618333076883,0.02888899993694949,0.152568732943798
cvrp,4,3,27,route_removal,best_position_first,13828741689838620597,5,7,7,18.93507233070578,18.882555578510846,0.05251675219493279,0.27735173796917467
cvrp,4,3,27,route_removal,sequential_insertion,12260874869108408581,5,7,7,18.93507233070578,18.889310130680258,0.04576220002552134,0.24167956280426636
cvrp,4,3,27,cluster_removal,greedy_insertion,4525425949568544726,5,7,7,18.93507233070578,18.86988424759165,0.06518808311412982,0.34427163506747493
cvrp,4,3,27,cluster_removal,regret_2,16160638792010456887,5,7,7,18.93507233070578,18.92788361887845,0.007188711827328831,0.03796506135163457
cvrp,4,3,27,cluster_removal,regret_3,12849715703716195312,5,7,7,18.93507233070578,18.92788361887845,0.007188711827328831,0.03796506135163457
cvrp,4,3,27,cluster_removal,greedy_with_noise,17594700909756580627,5,7,7,18.93507233070578,19.217742807151193,-0.2826704764454142,-1.4928407534362877
cvrp,4,3,27,cluster_removal,best_position_first,6283764780769954795,5,7,7,18.93507233070578,19.08655473742536,-0.15148240671958035,-0.8000096544333298
cvrp,4,3,27,cluster_removal,sequential_insertion,11556261514175943281,5,7,7,18.93507233070578,18.86988424759165,0.06518808311412982,0.34427163506747493
cvrp,4,3,27,time_oriented_removal,greedy_insertion,3154716642288486121,5,7,7,18.93507233070578,18.836543109528655,0.09852922117712382,0.5203530224563514
cvrp,4,3,27,time_oriented_removal,regret_2,2978743746015698642,5,7,7,18.93507233070578,18.863135109371644,0.07193722133413516,0.3799152180553292
cvrp,4,3,27,time_oriented_removal,regret_3,15527955850991107399,5,7,7,18.93507233070578,18.802710614302455,0.13236171640332373,0.6990293677868942
cvrp,4,3,27,time_oriented_removal,greedy_with_noise,6950029021363929575,5,7,7,18.93507233070578,19.125273430708923,-0.1902011000031436,-1.0044910137190595
cvrp,4,3,27,time_oriented_removal,best_position_first,1239677962854652583,5,7,7,18.93507233070578,18.863135109371644,0.07193722133413516,0.3799152180553292
cvrp,4,3,27,time_oriented_removal,sequential_insertion,4007352950608718080,5,7,7,18.93507233070578,18.836543109528655,0.09852922117712382,0.5203530224563514
cvrp,4,4,28,random_removal,greedy_insertion,3057052174458711374,5,7,7,20.97755839858585,19.76580461392442,1.211753784661429,5.77642908501266
cvrp,4,4,28,random_removal,regret_2,9444316567194891279,5,7,7,20.97755839858585,19.76580461392442,1.211753784661429,5.77642908501266
cvrp,4,4,28,random_removal,regret_3,9426362104528424215,5,7,7,20.97755839858585,19.76580461392442,1.211753784661429,5.77642908501266
cvrp,4,4,28,random_removal,greedy_with_noise,6404144513824903021,5,7,7,20.97755839858585,19.867788515121212,1.1097698834646366,5.29027192954662
cvrp,4,4,28,random_removal,best_position_first,4123141348938806655,5,7,7,20.97755839858585,19.76580461392442,1.211753784661429,5.77642908501266
cvrp,4,4,28,random_removal,sequential_insertion,2561637590726757118,5,7,7,20.97755839858585,19.76580461392442,1.211753784661429,5.77642908501266
cvrp,4,4,28,shaw_removal,greedy_insertion,6013660814724882342,5,7,7,20.97755839858585,20.347664715460873,0.6298936831249762,3.002702560310541
cvrp,4,4,28,shaw_removal,regret_2,5389037740636318873,5,7,7,20.97755839858585,20.347664715460873,0.6298936831249762,3.002702560310541
cvrp,4,4,28,shaw_removal,regret_3,4920113398348874598,5,7,7,20.97755839858585,20.347664715460873,0.6298936831249762,3.002702560310541
cvrp,4,4,28,shaw_removal,greedy_with_noise,8353308765252340362,5,7,7,20.97755839858585,20.357521703708667,0.6200366948771823,2.9557143071473013
cvrp,4,4,28,shaw_removal,best_position_first,5949833043033759145,5,7,7,20.97755839858585,20.347664715460873,0.6298936831249762,3.002702560310541
cvrp,4,4,28,shaw_removal,sequential_insertion,2574964716984806753,5,7,7,20.97755839858585,20.347664715460873,0.6298936831249762,3.002702560310541
cvrp,4,4,28,worst_removal,greedy_insertion,10669948722245921604,5,7,7,20.97755839858585,18.457020036744126,2.520538361841723,12.015403861355185
cvrp,4,4,28,worst_removal,regret_2,5365105332048940386,5,7,7,20.97755839858585,18.457020036744126,2.520538361841723,12.015403861355185
cvrp,4,4,28,worst_removal,regret_3,11714738635992577214,5,7,7,20.97755839858585,18.457020036744126,2.520538361841723,12.015403861355185
cvrp,4,4,28,worst_removal,greedy_with_noise,11421606591296608417,5,7,7,20.97755839858585,18.531371853486718,2.446186545099131,11.660968824970759
cvrp,4,4,28,worst_removal,best_position_first,15623775992320319518,5,7,7,20.97755839858585,18.504205095221145,2.4733533033647035,11.79047273457448
cvrp,4,4,28,worst_removal,sequential_insertion,9826689220202945540,5,7,7,20.97755839858585,19.06904149896097,1.9085168996248782,9.09789816031944
cvrp,4,4,28,route_removal,greedy_insertion,12144751482412652298,5,7,7,20.97755839858585,20.664393559732623,0.31316483885322555,1.492856475014446
cvrp,4,4,28,route_removal,regret_2,10422768736555603378,5,7,7,20.97755839858585,20.681400448883192,0.29615794970265696,1.411784651366394
cvrp,4,4,28,route_removal,regret_3,13218441704229789185,5,7,7,20.97755839858585,20.664393559732623,0.31316483885322555,1.492856475014446
cvrp,4,4,28,route_removal,greedy_with_noise,609951956262128197,5,7,7,20.97755839858585,20.787700178983002,0.1898582196028471,0.9050539438166738
cvrp,4,4,28,route_removal,best_position_first,11439522144459014717,5,7,7,20.97755839858585,20.664393559732623,0.31316483885322555,1.492856475014446
cvrp,4,4,28,route_removal,sequential_insertion,16967849971661365019,5,7,7,20.97755839858585,20.664393559732623,0.31316483885322555,1.492856475014446
cvrp,4,4,28,cluster_removal,greedy_insertion,2567277352824698862,5,7,7,20.97755839858585,20.507684640476104,0.4698737581097454,2.2398877370848878
cvrp,4,4,28,cluster_removal,regret_2,13937675201175836519,5,7,7,20.97755839858585,20.498299137454467,0.4792592611313822,2.2846284206444647
cvrp,4,4,28,cluster_removal,regret_3,10579625576200535759,5,7,7,20.97755839858585,20.507684640476104,0.4698737581097454,2.2398877370848878
cvrp,4,4,28,cluster_removal,greedy_with_noise,1540408180615173090,5,7,7,20.97755839858585,20.40093152808708,0.5766268704987674,2.7487797175558777
cvrp,4,4,28,cluster_removal,best_position_first,3365649117470917337,5,7,7,20.97755839858585,20.312153188487684,0.6654052100981644,3.171985974035096
cvrp,4,4,28,cluster_removal,sequential_insertion,15793258367382540520,5,7,7,20.97755839858585,20.524224386522214,0.4533340120636353,2.161042784150684
cvrp,4,4,28,time_oriented_removal,greedy_insertion,14007035595399004149,5,7,8,20.97755839858585,20.020968024602748,0.9565903739831008,4.560065360359512
cvrp,4,4,28,time_oriented_removal,regret_2,1895037237463761668,5,7,7,20.97755839858585,19.25898437211057,1.7185740264752773,8.192440673129676
cvrp,4,4,28,time_oriented_removal,regret_3,15837888118812260422,5,7,7,20.97755839858585,19.166457946357305,1.811100452228544,8.633514052572654
cvrp,4,4,28,time_oriented_removal,greedy_with_noise,18148455501684255783,5,7,7,20.97755839858585,19.36975545223042,1.6078029463554273,7.6643950444862705
cvrp,4,4,28,time_oriented_removal,best_position_first,10068201466557491722,5,7,8,20.97755839858585,20.200365925032145,0.7771924735537041,3.7048757476279826
cvrp,4,4,28,time_oriented_removal,sequential_insertion,16323287061411755436,5,7,7,20.97755839858585,19.328610528855233,1.6489478697306161,7.860532853250339
cvrp,4,5,29,random_removal,greedy_insertion,7809111399819808791,5,7,7,20.42291657346311,19.278020464597482,1.1448961088656269,5.605938332790668
cvrp,4,5,29,random_removal,regret_2,16206602576132246672,5,7,7,20.42291657346311,19.278020464597482,1.1448961088656269,5.605938332790668
cvrp,4,5,29,random_removal,regret_3,9121949932850701580,5,7,7,20.42291657346311,19.278020464597482,1.1448961088656269,5.605938332790668
cvrp,4,5,29,random_removal,greedy_with_noise,14463121666849123678,5,7,7,20.42291657346311,19.702524128754554,0.7203924447085548,3.52737299845121
cvrp,4,5,29,random_removal,best_position_first,10578659914267476967,5,7,7,20.42291657346311,19.278020464597482,1.1448961088656269,5.605938332790668
cvrp,4,5,29,random_removal,sequential_insertion,7823513548333818728,5,7,7,20.42291657346311,19.278020464597482,1.1448961088656269,5.605938332790668
cvrp,4,5,29,shaw_removal,greedy_insertion,5078680808251782277,5,7,7,20.42291657346311,19.1903940653281,1.232522508135009,6.034997517134794
cvrp,4,5,29,shaw_removal,regret_2,13159460057771934940,5,7,7,20.42291657346311,19.05272038514704,1.3701961883160685,6.709111225065954
cvrp,4,5,29,shaw_removal,regret_3,3520538103189486545,5,7,7,20.42291657346311,19.141711553075687,1.2812050203874215,6.273369505177231
cvrp,4,5,29,shaw_removal,greedy_with_noise,5084748065342991969,5,7,7,20.42291657346311,19.53658253808163,0.8863340353814806,4.339899407576071
cvrp,4,5,29,shaw_removal,best_position_first,2013665179535359870,5,7,7,20.42291657346311,19.11416751534018,1.3087490581229275,6.408237792164683
cvrp,4,5,29,shaw_removal,sequential_insertion,6539024867382520348,5,7,7,20.42291657346311,19.41405247353568,1.008864099927429,4.939863002908777
cvrp,4,5,29,worst_removal,greedy_insertion,2518052248167200181,5,7,7,20.42291657346311,19.473358744895457,0.9495578285676523,4.649472200270737
cvrp,4,5,29,worst_removal,regret_2,4643421801174062389,5,7,7,20.42291657346311,19.15596865709908,1.2669479163640283,6.203560161481834
cvrp,4,5,29,worst_removal,regret_3,15594230242235948530,5,7,7,20.42291657346311,19.154778129728648,1.2681384437344612,6.209389531474853
cvrp,4,5,29,worst_removal,greedy_with_noise,12733274181834304808,5,7,8,20.42291657346311,19.85897418126227,0.5639423922008397,2.761321529039631
cvrp,4,5,29,worst_removal,best_position_first,8438295114002432063,5,7,8,20.42291657346311,19.837441972071993,0.5854746013911161,2.8667531362874157
cvrp,4,5,29,worst_removal,sequential_insertion,10690495712895228944,5,7,7,20.42291657346311,19.154778129728648,1.2681384437344612,6.209389531474853
cvrp,4,5,29,route_removal,greedy_insertion,1126791611828786484,5,7,7,20.42291657346311,19.48549350362688,0.9374230698362283,4.590054836018309
cvrp,4,5,29,route_removal,regret_2,806537074933921538,5,7,7,20.42291657346311,19.70760838938642,0.7153081840766902,3.5024781181652527
cvrp,4,5,29,route_removal,regret_3,15933303414889429399,5,7,7,20.42291657346311,19.48549350362688,0.9374230698362283,4.590054836018309
cvrp,4,5,29,route_removal,greedy_with_noise,3963856504572086755,5,7,7,20.42291657346311,19.743789971180014,0.6791266022830946,3.3253164396976005
cvrp,4,5,29,route_removal,best_position_first,8032847263632095291,5,7,7,20.42291657346311,19.48549350362688,0.9374230698362283,4.590054836018309
cvrp,4,5,29,route_removal,sequential_insertion,1920168668391493876,5,7,7,20.42291657346311,19.81968918707519,0.6032273863879176,2.953678943054256
cvrp,4,5,29,cluster_removal,greedy_insertion,13744614849067174934,5,7,7,20.42291657346311,19.30037584105489,1.1225407324082184,5.496476119707664
cvrp,4,5,29,cluster_removal,regret_2,6404246122920966498,5,7,7,20.42291657346311,19.213037503075128,1.2098790703879807,5.924124823386192
cvrp,4,5,29,cluster_removal,regret_3,10273242167257266042,5,7,7,20.42291657346311,19.213037503075128,1.2098790703879807,5.924124823386192
cvrp,4,5,29,cluster_removal,greedy_with_noise,12224216854190725957,5,7,7,20.42291657346311,19.24466535266225,1.1782512208008598,5.769260313837065
cvrp,4,5,29,cluster_removal,best_position_first,1312159483886000744,5,7,7,20.42291657346311,19.30037584105489,1.1225407324082184,5.496476119707664
cvrp,4,5,29,cluster_removal,sequential_insertion,16748687437520929094,5,7,7,20.42291657346311,19.24466535266225,1.1782512208008598,5.769260313837065
cvrp,4,5,29,time_oriented_removal,greedy_insertion,9713537894026472552,5,7,7,20.42291657346311,19.939886640226042,0.48302993323706644,2.3651368867887372
cvrp,4,5,29,time_oriented_removal,regret_2,4992114697722560019,5,7,7,20.42291657346311,19.939886640226042,0.48302993323706644,2.3651368867887372
cvrp,4,5,29,time_oriented_removal,regret_3,4107489288999568090,5,7,7,20.42291657346311,19.939886640226042,0.48302993323706644,2.3651368867887372
cvrp,4,5,29,time_oriented_removal,greedy_with_noise,9307055320245227256,5,7,7,20.42291657346311,19.9461247846346,0.4767917888285105,2.334592060411384
cvrp,4,5,29,time_oriented_removal,best_position_first,1863096135200821478,5,7,7,20.42291657346311,19.939886640226042,0.48302993323706644,2.3651368867887372
cvrp,4,5,29,time_oriented_removal,sequential_insertion,1096883383372899398,5,7,7,20.42291657346311,19.939886640226042,0.48302993323706644,2.3651368867887372
cvrp,5,0,30,random_removal,greedy_insertion,4622898660534283557,5,7,7,21.520402037034142,21.27231249087375,0.24808954616039003,1.1528109267357385
cvrp,5,0,30,random_removal,regret_2,12670146378244411735,5,7,7,21.520402037034142,21.570254725598428,-0.04985268856428604,-0.23165314699277126
cvrp,5,0,30,random_removal,regret_3,15535733145804244569,5,7,7,21.520402037034142,21.21259378242686,0.3078082546072807,1.4303090345504605
cvrp,5,0,30,random_removal,greedy_with_noise,14235388501071412518,5,7,7,21.520402037034142,21.315976732753228,0.20442530428091388,0.9499139650324441
cvrp,5,0,30,random_removal,best_position_first,10441357241241157790,5,7,7,21.520402037034142,21.323093057697008,0.19730897933713365,0.9168461583458689
cvrp,5,0,30,random_removal,sequential_insertion,16341564533912104390,5,7,7,21.520402037034142,21.570254725598428,-0.04985268856428604,-0.23165314699277126
cvrp,5,0,30,shaw_removal,greedy_insertion,17829885858113003641,5,7,7,21.520402037034142,21.549006099423455,-0.0286040623893129,-0.13291602238698233
cvrp,5,0,30,shaw_removal,regret_2,593252035101794451,5,7,7,21.520402037034142,21.4360466133477,0.08435542368644278,0.391978846590676
cvrp,5,0,30,shaw_removal,regret_3,13507595062225168049,5,7,7,21.520402037034142,21.4360466133477,0.08435542368644278,0.391978846590676
cvrp,5,0,30,shaw_removal,greedy_with_noise,16068616202794616344,5,7,7,21.520402037034142,22.012245338019003,-0.4918433009848613,-2.285474500608564
cvrp,5,0,30,shaw_removal,best_position_first,11950255253487876744,5,7,7,21.520402037034142,21.439049337276458,0.08135269975768367,0.3780259291517185
cvrp,5,0,30,shaw_removal,sequential_insertion,478286176163379867,5,7,7,21.520402037034142,21.552049565011206,-0.03164752797706427,-0.1470582562658565
cvrp,5,0,30,worst_removal,greedy_insertion,12507845466219157817,5,7,7,21.520402037034142,19.986361352812388,1.534040684221754,7.1283086699860245
cvrp,5,0,30,worst_removal,regret_2,18078076494465894443,5,7,7,21.520402037034142,19.474410573239574,2.045991463794568,9.507217663841276
cvrp,5,0,30,worst_removal,regret_3,15136877353071848034,5,7,7,21.520402037034142,19.986361352812388,1.534040684221754,7.1283086699860245
cvrp,5,0,30,worst_removal,greedy_with_noise,16704083759765195815,5,7,7,21.520402037034142,19.625812337602184,1.8945896994319575,8.803691009915086
cvrp,5,0,30,worst_removal,best_position_first,5509201048088165901,5,7,7,21.520402037034142,19.597699239472995,1.922702797561147,8.934325642487515
cvrp,5,0,30,worst_removal,sequential_insertion,1862601937792347873,5,7,7,21.520402037034142,19.986361352812388,1.534040684221754,7.1283086699860245
cvrp,5,0,30,route_removal,greedy_insertion,8396771637453826959,5,7,7,21.520402037034142,20.77716188784934,0.7432401491848033,3.4536536441362586
cvrp,5,0,30,route_removal,regret_2,1781009073450906749,5,7,7,21.520402037034142,20.71804084057662,0.8023611964575217,3.728374567894922
cvrp,5,0,30,route_removal,regret_3,2435466770735993107,5,7,7,21.520402037034142,20.71804084057662,0.8023611964575217,3.728374567894922
cvrp,5,0,30,route_removal,greedy_with_noise,5642282657457876905,5,7,7,21.520402037034142,20.919244519615326,0.601157517418816,2.7934307007103905
cvrp,5,0,30,route_removal,best_position_first,16171527758464107510,5,7,7,21.520402037034142,21.08496900569355,0.4354330313405903,2.0233498918433774
cvrp,5,0,30,route_removal,sequential_insertion,5944724052298679440,5,7,7,21.520402037034142,20.71804084057662,0.8023611964575217,3.728374567894922
cvrp,5,0,30,cluster_removal,greedy_insertion,16162211342523587421,5,7,7,21.520402037034142,21.54521890075685,-0.02481686372270886,-0.11531784434139235
cvrp,5,0,30,cluster_removal,regret_2,4940017604260967108,5,7,7,21.520402037034142,21.487730525009873,0.03267151202426888,0.1518164575552304
cvrp,5,0,30,cluster_removal,regret_3,14659258165537365114,5,7,7,21.520402037034142,21.453599297486356,0.0668027395477857,0.31041585297907476
cvrp,5,0,30,cluster_removal,greedy_with_noise,9990928936439611431,5,7,7,21.520402037034142,21.5883298675536,-0.06792783051945861,-0.3156438732072134
cvrp,5,0,30,cluster_removal,best_position_first,3439154547854861831,5,7,7,21.520402037034142,20.928933478528585,0.5914685585055572,2.7484084985387716
cvrp,5,0,30,cluster_removal,sequential_insertion,9370261674398323355,5,7,7,21.520402037034142,21.533900864166224,-0.01349882713208217,-0.06272572003465474
cvrp,5,0,30,time_oriented_removal,greedy_insertion,14788809382625249106,5,7,7,21.520402037034142,20.518754588134794,1.001647448899348,4.654408626640096
cvrp,5,0,30,time_oriented_removal,regret_2,9746271295358061819,5,7,7,21.520402037034142,20.518754588134794,1.001647448899348,4.654408626640096
cvrp,5,0,30,time_oriented_removal,regret_3,9799519071648543121,5,7,7,21.520402037034142,20.518754588134794,1.001647448899348,4.654408626640096
cvrp,5,0,30,time_oriented_removal,greedy_with_noise,5449112078633268055,5,7,7,21.520402037034142,20.682978903374234,0.8374231336599074,3.891298741625729
cvrp,5,0,30,time_oriented_removal,best_position_first,5977535500186483431,5,7,7,21.520402037034142,20.607068925807027,0.9133331112271144,4.244033683271218
cvrp,5,0,30,time_oriented_removal,sequential_insertion,14307589867798174149,5,7,7,21.520402037034142,20.518754588134794,1.001647448899348,4.654408626640096
cvrp,5,1,31,random_removal,greedy_insertion,485748709788033605,5,7,7,18.41088230052051,18.30598798330755,0.10489431721295972,0.5697408494648525
cvrp,5,1,31,random_removal,regret_2,2306731698620832743,5,7,7,18.41088230052051,18.364955897866047,0.04592640265446235,0.24945248090127614
cvrp,5,1,31,random_removal,regret_3,3455407233958727905,5,7,7,18.41088230052051,18.19053921441651,0.22034308610399833,1.196808944337061
cvrp,5,1,31,random_removal,greedy_with_noise,15953575251762481897,5,7,7,18.41088230052051,18.39829409597479,0.012588204545718185,0.06837371691503505
cvrp,5,1,31,random_removal,best_position_first,15289650420411186709,5,7,7,18.41088230052051,18.364955897866047,0.04592640265446235,0.24945248090127614
cvrp,5,1,31,random_removal,sequential_insertion,8365382703388377949,5,7,7,18.41088230052051,18.364955897866047,0.04592640265446235,0.24945248090127614
cvrp,5,1,31,shaw_removal,greedy_insertion,14366581598110324896,5,7,7,18.41088230052051,18.301914559093596,0.10896774142691257,0.5918659391127162
cvrp,5,1,31,shaw_removal,regret_2,7336434531790606679,5,7,7,18.41088230052051,18.277691150216473,0.13319115030403594,0.7234370853604902
cvrp,5,1,31,shaw_removal,regret_3,13665523921660310335,5,7,7,18.41088230052051,18.315264444378894,0.09561785614161522,0.5193550997765704
cvrp,5,1,31,shaw_removal,greedy_with_noise,3610211315534970242,5,7,7,18.41088230052051,18.277691150216473,0.13319115030403594,0.7234370853604902
cvrp,5,1,31,shaw_removal,best_position_first,662565714458676266,5,7,7,18.41088230052051,18.277691150216473,0.13319115030403594,0.7234370853604902
cvrp,5,1,31,shaw_removal,sequential_insertion,15328997129554860684,5,7,7,18.41088230052051,18.315264444378894,0.09561785614161522,0.5193550997765704
cvrp,5,1,31,worst_removal,greedy_insertion,8123104980585527688,5,7,7,18.41088230052051,17.54168338320029,0.8691989173202188,4.721114953277633
cvrp,5,1,31,worst_removal,regret_2,9945160569873661554,5,7,7,18.41088230052051,17.456899155901073,0.9539831446194356,5.181626437275441
cvrp,5,1,31,worst_removal,regret_3,1864008835098630261,5,7,7,18.41088230052051,17.131651927444153,1.2792303730763557,6.948229597014965
cvrp,5,1,31,worst_removal,greedy_with_noise,9797498642886960236,5,7,7,18.41088230052051,17.39191669504661,1.0189656054738983,5.534583236378032
cvrp,5,1,31,worst_removal,best_position_first,10814524548651230132,5,7,7,18.41088230052051,17.39191669504661,1.0189656054738983,5.534583236378032
cvrp,5,1,31,worst_removal,sequential_insertion,13031734611237487982,5,7,7,18.41088230052051,17.54168338320029,0.8691989173202188,4.721114953277633
cvrp,5,1,31,route_removal,greedy_insertion,4465711280937330029,5,7,7,18.41088230052051,18.069451115885574,0.34143118463493494,1.8545074541337003
cvrp,5,1,31,route_removal,regret_2,4640694670315297084,5,7,7,18.41088230052051,18.01165574340883,0.3992265571116782,2.1684270780460713
cvrp,5,1,31,route_removal,regret_3,6867507109828926436,5,7,7,18.41088230052051,18.01165574340883,0.3992265571116782,2.1684270780460713
cvrp,5,1,31,route_removal,greedy_with_noise,13724280158299236785,5,7,7,18.41088230052051,18.118316998660802,0.29256530185970675,1.5890889805505704
cvrp,5,1,31,route_removal,best_position_first,8089870732341926881,5,7,7,18.41088230052051,18.069451115885574,0.34143118463493494,1.8545074541337003
cvrp,5,1,31,route_removal,sequential_insertion,14214474615957966879,5,7,7,18.41088230052051,18.060521626184062,0.35036067433644646,1.9030086044629222
cvrp,5,1,31,cluster_removal,greedy_insertion,14629541699974720501,5,7,7,18.41088230052051,18.170163968645543,0.24071833187496594,1.3074785224614704
cvrp,5,1,31,cluster_removal,regret_2,13830968387138294900,5,7,7,18.41088230052051,18.164240882615257,0.24664141790525207,1.3396501801452452
cvrp,5,1,31,cluster_removal,regret_3,4818380334596103970,5,7,7,18.41088230052051,18.164240882615257,0.24664141790525207,1.3396501801452452
cvrp,5,1,31,cluster_removal,greedy_with_noise,17831772914591163260,5,7,7,18.41088230052051,18.19227565562499,0.2186066448955195,1.187377341982894
cvrp,5,1,31,cluster_removal,best_position_first,7918428851001486205,5,7,7,18.41088230052051,18.1799416106411,0.2309406898794073,1.2543705733911417
cvrp,5,1,31,cluster_removal,sequential_insertion,15177276539768631331,5,7,7,18.41088230052051,18.17527658606168,0.23560571445882772,1.2797089819653387
cvrp,5,1,31,time_oriented_removal,greedy_insertion,13679692253873456291,5,7,7,18.41088230052051,17.388565276255896,1.0223170242646127,5.5527867028714315
cvrp,5,1,31,time_oriented_removal,regret_2,6326782521448859844,5,7,7,18.41088230052051,18.24572470279322,0.16515759772729055,0.8970650891762055
cvrp,5,1,31,time_oriented_removal,regret_3,9012509747677159156,5,7,7,18.41088230052051,17.590409225927974,0.8204730745925346,4.456457117046141
cvrp,5,1,31,time_oriented_removal,greedy_with_noise,9036539547140421468,5,7,7,18.41088230052051,17.800276691501374,0.6106056090191352,3.3165472412034935
cvrp,5,1,31,time_oriented_removal,best_position_first,6401229316338030033,5,7,7,18.41088230052051,17.77981261314786,0.6310696873726478,3.4276993197376875
cvrp,5,1,31,time_oriented_removal,sequential_insertion,9565155268286753275,5,7,7,18.41088230052051,17.69376448497089,0.7171178155496172,3.8950757701022454
cvrp,5,2,32,random_removal,greedy_insertion,13456248621919608072,5,7,7,21.239063261461954,20.307788532756856,0.9312747287050982,4.384725998697343
cvrp,5,2,32,random_removal,regret_2,4986641908590133822,5,7,7,21.239063261461954,20.307788532756856,0.9312747287050982,4.384725998697343
cvrp,5,2,32,random_removal,regret_3,9650590749275766430,5,7,7,21.239063261461954,20.307788532756856,0.9312747287050982,4.384725998697343
cvrp,5,2,32,random_removal,greedy_with_noise,3956509769040649289,5,7,7,21.239063261461954,20.325568975253407,0.9134942862085467,4.301010242132816
cvrp,5,2,32,random_removal,best_position_first,14006857080698695873,5,7,7,21.239063261461954,20.307788532756856,0.9312747287050982,4.384725998697343
cvrp,5,2,32,random_removal,sequential_insertion,10679291925786393328,5,7,7,21.239063261461954,20.307788532756856,0.9312747287050982,4.384725998697343
cvrp,5,2,32,shaw_removal,greedy_insertion,15862568826298968141,5,7,7,21.239063261461954,19.894963607368314,1.3440996540936396,6.328431897147242
cvrp,5,2,32,shaw_removal,regret_2,13306428453851162765,5,7,7,21.239063261461954,19.886796219631268,1.352267041830686,6.366886454377484
cvrp,5,2,32,shaw_removal,regret_3,15139014569066335613,5,7,7,21.239063261461954,19.886796219631268,1.352267041830686,6.366886454377484
cvrp,5,2,32,shaw_removal,greedy_with_noise,15736695436809868436,5,7,7,21.239063261461954,20.0051037957092,1.2339594657527542,5.809858234151786
cvrp,5,2,32,shaw_removal,best_position_first,74716205866332010,5,7,7,21.239063261461954,19.984101923087977,1.2549613383739775,5.908741468137585
cvrp,5,2,32,shaw_removal,sequential_insertion,4273981517862589975,5,7,7,21.239063261461954,19.886796219631268,1.352267041830686,6.366886454377484
cvrp,5,2,32,worst_removal,greedy_insertion,3776223502266398814,5,7,7,21.239063261461954,19.810133924344996,1.4289293371169585,6.727835966804312
cvrp,5,2,32,worst_removal,regret_2,9919045413852077160,5,7,7,21.239063261461954,19.834191519054627,1.4048717424073267,6.614565459468501
cvrp,5,2,32,worst_removal,regret_3,17641545065234610583,5,7,7,21.239063261461954,19.03216437698915,2.2068988844728032,10.390754325202266
cvrp,5,2,32,worst_removal,greedy_with_noise,12639796566158790220,5,7,7,21.239063261461954,19.921150048163636,1.3179132132983185,6.205138131914026
cvrp,5,2,32,worst_removal,best_position_first,8790259629894968275,5,7,7,21.239063261461954,19.810133924344996,1.4289293371169585,6.727835966804312
cvrp,5,2,32,worst_removal,sequential_insertion,15595390718860031326,5,7,7,21.239063261461954,19.03216437698915,2.2068988844728032,10.390754325202266
cvrp,5,2,32,route_removal,greedy_insertion,1794368375944589675,5,7,7,21.239063261461954,21.036910510504214,0.20215275095774032,0.9517969247002728
cvrp,5,2,32,route_removal,regret_2,4493226416938958339,5,7,7,21.239063261461954,20.950220915807847,0.28884234565410694,1.3599580268599143
cvrp,5,2,32,route_removal,regret_3,3744118952850328613,5,7,7,21.239063261461954,20.66626492511525,0.572798336346704,2.6969096014043155
cvrp,5,2,32,route_removal,greedy_with_noise,17901438278279240619,5,7,7,21.239063261461954,20.38070026702748,0.8583629944344757,4.041435273616638
cvrp,5,2,32,route_removal,best_position_first,13373894609367067165,5,7,7,21.239063261461954,20.51283257665195,0.7262306848100053,3.419315983335964
cvrp,5,2,32,route_removal,sequential_insertion,10901750014466797279,5,7,7,21.239063261461954,20.742240399553012,0.4968228619089423,2.339193851408795
cvrp,5,2,32,cluster_removal,greedy_insertion,16698655838892983406,5,7,7,21.239063261461954,20.527089990753602,0.7119732707083521,3.3521877210103694
cvrp,5,2,32,cluster_removal,regret_2,1106686059585297556,5,7,7,21.239063261461954,20.574921299136918,0.6641419623250364,3.1269833050034492
cvrp,5,2,32,cluster_removal,regret_3,13417477030741626177,5,7,7,21.239063261461954,20.481633264246117,0.7574299972158371,3.566211879928742
cvrp,5,2,32,cluster_removal,greedy_with_noise,9760782536891305101,5,7,7,21.239063261461954,20.766440665347307,0.47262259611464685,2.2252516050094138
cvrp,5,2,32,cluster_removal,best_position_first,12887742615799388792,5,7,7,21.239063261461954,20.72394107722618,0.5151221842357749,2.4253526527719256
cvrp,5,2,32,cluster_removal,sequential_insertion,11512820455607159614,5,7,7,21.239063261461954,20.481633264246117,0.7574299972158371,3.566211879928742
cvrp,5,2,32,time_oriented_removal,greedy_insertion,17373779862284399226,5,7,7,21.239063261461954,20.22694104956179,1.012122211900163,4.765380654695104
cvrp,5,2,32,time_oriented_removal,regret_2,16140890489889012242,5,7,7,21.239063261461954,20.115422457236924,1.1236408042250297,5.2904442648554255
cvrp,5,2,32,time_oriented_removal,regret_3,17342801165238245077,5,7,7,21.239063261461954,20.115422457236924,1.1236408042250297,5.2904442648554255
cvrp,5,2,32,time_oriented_removal,greedy_with_noise,12985353029101294948,5,7,7,21.239063261461954,20.115422457236924,1.1236408042250297,5.2904442648554255
cvrp,5,2,32,time_oriented_removal,best_position_first,8865162884138935489,5,7,7,21.239063261461954,20.47272644263626,0.7663368188256925,3.608147917786008
cvrp,5,2,32,time_oriented_removal,sequential_insertion,5062377342029445413,5,7,7,21.239063261461954,20.144080139960607,1.0949831215013468,5.155515137469276
cvrp,5,3,33,random_removal,greedy_insertion,12484975898605521340,5,7,7,21.6812353444762,22.210696850690987,-0.5294615062147869,-2.442026470367518
cvrp,5,3,33,random_removal,regret_2,13323708314214723363,5,7,7,21.6812353444762,21.494323960196056,0.18691138428014398,0.8620882588582021
cvrp,5,3,33,random_removal,regret_3,10068358512674620821,5,7,7,21.6812353444762,21.494323960196056,0.18691138428014398,0.8620882588582021
cvrp,5,3,33,random_removal,greedy_with_noise,1420062766377054348,5,7,7,21.6812353444762,22.005359419589524,-0.32412407511332475,-1.4949520632176658
cvrp,5,3,33,random_removal,best_position_first,7994329808307052918,5,7,7,21.6812353444762,21.984333177045105,-0.30309783256890555,-1.3979730755799706
cvrp,5,3,33,random_removal,sequential_insertion,10679081799943688725,5,7,7,21.6812353444762,22.34927409192782,-0.6680387474516216,-3.0811839677844746
cvrp,5,3,33,shaw_removal,greedy_insertion,2197083302327773070,5,7,7,21.6812353444762,21.312594315453573,0.3686410290226263,1.7002768669108432
cvrp,5,3,33,shaw_removal,regret_2,13920300333076437493,5,7,7,21.6812353444762,21.312594315453573,0.3686410290226263,1.7002768669108432
cvrp,5,3,33,shaw_removal,regret_3,4017950124087344709,5,7,7,21.6812353444762,21.312594315453573,0.3686410290226263,1.7002768669108432
cvrp,5,3,33,shaw_removal,greedy_with_noise,13266794458863474278,5,7,7,21.6812353444762,21.35896804042701,0.32226730404919124,1.4863881090211788
cvrp,5,3,33,shaw_removal,best_position_first,14967391582907380120,5,7,7,21.6812353444762,21.322576318861145,0.35865902561505436,1.6542370391566785
cvrp,5,3,33,shaw_removal,sequential_insertion,16126628007633988405,5,7,7,21.6812353444762,21.367701229077575,0.31353411539862464,1.4461081687326676
cvrp,5,3,33,worst_removal,greedy_insertion,13548053945601506361,5,7,7,21.6812353444762,19.7228293998279,1.9584059446482982,9.032723059976597
cvrp,5,3,33,worst_removal,regret_2,595353459004954324,5,7,7,21.6812353444762,19.7228293998279,1.9584059446482982,9.032723059976597
cvrp,5,3,33,worst_removal,regret_3,17258912419239472927,5,7,7,21.6812353444762,19.671138861327123,2.010096483149077,9.27113446818055
cvrp,5,3,33,worst_removal,greedy_with_noise,2913138822305286724,5,7,7,21.6812353444762,19.731096869367427,1.9501384751087727,8.994591148172818
cvrp,5,3,33,worst_removal,best_position_first,7254501763270340209,5,7,7,21.6812353444762,19.7228293998279,1.9584059446482982,9.032723059976597
cvrp,5,3,33,worst_removal,sequential_insertion,10655026052203598823,5,7,7,21.6812353444762,19.7228293998279,1.9584059446482982,9.032723059976597
cvrp,5,3,33,route_removal,greedy_insertion,938429383542547984,5,7,7,21.6812353444762,21.6812353444762,0.0,0.0
cvrp,5,3,33,route_removal,regret_2,15254032234448184968,5,7,7,21.6812353444762,21.6812353444762,0.0,0.0
cvrp,5,3,33,route_removal,regret_3,355553131246061958,5,7,7,21.6812353444762,21.6812353444762,0.0,0.0
cvrp,5,3,33,route_removal,greedy_with_noise,7112513790584618150,5,7,7,21.6812353444762,21.694453830374016,-0.013218485897816379,-0.06096740193904171
cvrp,5,3,33,route_removal,best_position_first,2288838664718156567,5,7,7,21.6812353444762,21.68301101992873,-0.0017756754525315444,-0.008189918260280031
cvrp,5,3,33,route_removal,sequential_insertion,4173662767312414619,5,7,7,21.6812353444762,21.6812353444762,0.0,0.0
cvrp,5,3,33,cluster_removal,greedy_insertion,4959288556086799490,5,7,7,21.6812353444762,20.11368462420444,1.5675507202717611,7.229988030507363
cvrp,5,3,33,cluster_removal,regret_2,2654878074472496324,5,7,7,21.6812353444762,20.11368462420444,1.5675507202717611,7.229988030507363
cvrp,5,3,33,cluster_removal,regret_3,13930685002669640549,5,7,7,21.6812353444762,20.265835939127932,1.4153994053482677,6.5282230595263275
cvrp,5,3,33,cluster_removal,greedy_with_noise,14025551790173111181,5,7,7,21.6812353444762,20.333952864999777,1.3472824794764229,6.21404849894623
cvrp,5,3,33,cluster_removal,best_position_first,7056246426282172659,5,7,7,21.6812353444762,20.200990160808033,1.480245183668167,6.827310160835895
cvrp,5,3,33,cluster_removal,sequential_insertion,11555397926384021063,5,7,7,21.6812353444762,20.127995431025987,1.5532399134502128,7.163982534998574
cvrp,5,3,33,time_oriented_removal,greedy_insertion,337182745725139949,5,7,7,21.6812353444762,20.82096496955271,0.8602703749234912,3.9678106955407646
cvrp,5,3,33,time_oriented_removal,regret_2,1861233529839107987,5,7,7,21.6812353444762,20.82096496955271,0.8602703749234912,3.9678106955407646
cvrp,5,3,33,time_oriented_removal,regret_3,3788368757102468585,5,7,7,21.6812353444762,20.82096496955271,0.8602703749234912,3.9678106955407646
cvrp,5,3,33,time_oriented_removal,greedy_with_noise,15572001374207401048,5,7,7,21.6812353444762,20.862766962242667,0.818468382233533,3.775008062176941
cvrp,5,3,33,time_oriented_removal,best_position_first,9084498271456343706,5,7,7,21.6812353444762,21.57772180055688,0.10351354391931977,0.47743379136231856
cvrp,5,3,33,time_oriented_removal,sequential_insertion,8449554135184330945,5,7,7,21.6812353444762,21.57772180055688,0.10351354391931977,0.47743379136231856
cvrp,5,4,34,random_removal,greedy_insertion,17064583385337491641,5,7,7,21.826895881308776,21.597487814210545,0.22940806709823036,1.051033863659383
cvrp,5,4,34,random_removal,regret_2,649748830064167977,5,7,7,21.826895881308776,21.441641687815817,0.3852541934929583,1.765043438095412
cvrp,5,4,34,random_removal,regret_3,16876787507111529227,5,7,7,21.826895881308776,21.441641687815817,0.3852541934929583,1.765043438095412
cvrp,5,4,34,random_removal,greedy_with_noise,8555886575995134513,5,7,7,21.826895881308776,21.619034540609675,0.20786134069910034,0.9523174611241909
cvrp,5,4,34,random_removal,best_position_first,893847394439386384,5,7,7,21.826895881308776,21.58166824435328,0.24522763695549443,1.1235112784199994
cvrp,5,4,34,random_removal,sequential_insertion,4754490145652359325,5,7,7,21.826895881308776,21.58166824435328,0.24522763695549443,1.1235112784199994
cvrp,5,4,34,shaw_removal,greedy_insertion,8749909394472605498,5,7,7,21.826895881308776,20.80652245885344,1.0203734224553358,4.674844412159961
cvrp,5,4,34,shaw_removal,regret_2,9844016326940968586,5,7,7,21.826895881308776,20.80652245885344,1.0203734224553358,4.674844412159961
cvrp,5,4,34,shaw_removal,regret_3,6828063402679327470,5,7,7,21.826895881308776,20.543152664659083,1.2837432166496932,5.881474047571798
cvrp,5,4,34,shaw_removal,greedy_with_noise,6218281223698169783,5,7,7,21.826895881308776,21.01281142663656,0.8140844546722157,3.7297307830626893
cvrp,5,4,34,shaw_removal,best_position_first,6601669464181734067,5,7,7,21.826895881308776,21.01281142663656,0.8140844546722157,3.7297307830626893
cvrp,5,4,34,shaw_removal,sequential_insertion,1881015484863444565,5,7,7,21.826895881308776,20.829941778235842,0.9969541030729339,4.5675487183070524
cvrp,5,4,34,worst_removal,greedy_insertion,18255976987593478063,5,7,7,21.826895881308776,20.641401376627027,1.185494504681749,5.431347229254593
cvrp,5,4,34,worst_removal,regret_2,6664968828938164192,5,7,7,21.826895881308776,20.745131107545845,1.0817647737629308,4.95610910339884
cvrp,5,4,34,worst_removal,regret_3,4064264163959912992,5,7,7,21.826895881308776,20.745131107545845,1.0817647737629308,4.95610910339884
cvrp,5,4,34,worst_removal,greedy_with_noise,15476684923169939086,5,7,7,21.826895881308776,20.907523404334416,0.9193724769743596,4.212108226354139
cvrp,5,4,34,worst_removal,best_position_first,1956615834010634479,5,7,7,21.826895881308776,20.667542592348248,1.1593532889605278,5.3115811577830785
cvrp,5,4,34,worst_removal,sequential_insertion,7865322553940585159,5,7,7,21.826895881308776,20.667542592348248,1.1593532889605278,5.3115811577830785
cvrp,5,4,34,route_removal,greedy_insertion,16815187109332649138,5,7,7,21.826895881308776,21.202776177013455,0.624119704295321,2.859406613240773
cvrp,5,4,34,route_removal,regret_2,15583201444700059958,5,7,7,21.826895881308776,21.330246671152977,0.4966492101557982,2.2754000974600257
cvrp,5,4,34,route_removal,regret_3,14304650633573506987,5,7,7,21.826895881308776,21.330246671152977,0.4966492101557982,2.2754000974600257
cvrp,5,4,34,route_removal,greedy_with_noise,4632508387476375067,5,7,7,21.826895881308776,21.554621483047622,0.2722743982611533,1.247426110161237
cvrp,5,4,34,route_removal,best_position_first,11407056211738651054,5,7,7,21.826895881308776,21.330246671152977,0.4966492101557982,2.2754000974600257
cvrp,5,4,34,route_removal,sequential_insertion,985285194121999861,5,7,7,21.826895881308776,21.295762791600175,0.5311330897086002,2.4333881125232755
cvrp,5,4,34,cluster_removal,greedy_insertion,228046235798106443,5,7,7,21.826895881308776,21.667656916054884,0.15923896525389125,0.7295538775637529
cvrp,5,4,34,cluster_removal,regret_2,1809898014770523322,5,7,7,21.826895881308776,21.650770201586425,0.17612567972235027,0.8069204191017083
cvrp,5,4,34,cluster_removal,regret_3,4987062815876469384,5,7,7,21.826895881308776,21.650770201586425,0.17612567972235027,0.8069204191017083
cvrp,5,4,34,cluster_removal,greedy_with_noise,17841910343183382480,5,7,7,21.826895881308776,21.650770201586425,0.17612567972235027,0.8069204191017083
cvrp,5,4,34,cluster_removal,best_position_first,6253188675124521937,5,7,7,21.826895881308776,21.667656916054884,0.15923896525389125,0.7295538775637529
cvrp,5,4,34,cluster_removal,sequential_insertion,16088276528683424951,5,7,7,21.826895881308776,21.667656916054884,0.15923896525389125,0.7295538775637529
cvrp,5,4,34,time_oriented_removal,greedy_insertion,16680233297565131805,5,7,7,21.826895881308776,21.02805104752767,0.7988448337811072,3.6599104065236743
cvrp,5,4,34,time_oriented_removal,regret_2,7582334755545181995,5,7,7,21.826895881308776,20.258472382842704,1.5684234984660712,7.185737756733305
cvrp,5,4,34,time_oriented_removal,regret_3,14793014730715467393,5,7,7,21.826895881308776,20.258472382842704,1.5684234984660712,7.185737756733305
cvrp,5,4,34,time_oriented_removal,greedy_with_noise,7011936598734802821,5,7,7,21.826895881308776,20.553111383459143,1.2737844978496327,5.835848142476476
cvrp,5,4,34,time_oriented_removal,best_position_first,1858698012119482305,5,7,7,21.826895881308776,21.08760093422984,0.7392949470789354,3.3870823918302673
cvrp,5,4,34,time_oriented_removal,sequential_insertion,5960308148031275611,5,7,7,21.826895881308776,20.80828573386575,1.0186101474430274,4.666765961509456
cvrp,5,5,35,random_removal,greedy_insertion,1996957743724481644,5,7,7,24.09001729819297,23.373953798248465,0.7160634999445037,2.9724490899316076
cvrp,5,5,35,random_removal,regret_2,13544388512183429204,5,7,7,24.09001729819297,23.373953798248465,0.7160634999445037,2.9724490899316076
cvrp,5,5,35,random_removal,regret_3,9502007985633803688,5,7,7,24.09001729819297,23.373953798248465,0.7160634999445037,2.9724490899316076
cvrp,5,5,35,random_removal,greedy_with_noise,3399836801797953111,5,7,7,24.09001729819297,23.575419260864756,0.5145980373282129,2.1361464002220276
cvrp,5,5,35,random_removal,best_position_first,12375194608498309724,5,7,7,24.09001729819297,23.532943356148028,0.5570739420449407,2.3124680034444296
cvrp,5,5,35,random_removal,sequential_insertion,16404230424742175742,5,7,7,24.09001729819297,23.532943356148028,0.5570739420449407,2.3124680034444296
cvrp,5,5,35,shaw_removal,greedy_insertion,2095971781854044665,5,7,7,24.09001729819297,20.759570009178507,3.3304472890144616,13.825009952418274
cvrp,5,5,35,shaw_removal,regret_2,8803219347106634326,5,7,7,24.09001729819297,20.759570009178507,3.3304472890144616,13.825009952418274
cvrp,5,5,35,shaw_removal,regret_3,9910758597751191816,5,7,7,24.09001729819297,20.759570009178507,3.3304472890144616,13.825009952418274
cvrp,5,5,35,shaw_removal,greedy_with_noise,16841964743971616127,5,7,7,24.09001729819297,20.759570009178507,3.3304472890144616,13.825009952418274
cvrp,5,5,35,shaw_removal,best_position_first,6110000140861892449,5,7,7,24.09001729819297,20.759570009178507,3.3304472890144616,13.825009952418274
cvrp,5,5,35,shaw_removal,sequential_insertion,15146309083056850334,5,7,7,24.09001729819297,20.759570009178507,3.3304472890144616,13.825009952418274
cvrp,5,5,35,worst_removal,greedy_insertion,14237538485784617261,5,7,7,24.09001729819297,21.37225863575663,2.7177586624363386,11.281679995473487
cvrp,5,5,35,worst_removal,regret_2,6791581869688817632,5,7,7,24.09001729819297,21.84473172887736,2.245285569315609,9.320398327335496
cvrp,5,5,35,worst_removal,regret_3,16285727559315321405,5,7,7,24.09001729819297,21.875836551215475,2.214180746977494,9.191279190752525
cvrp,5,5,35,worst_removal,greedy_with_noise,1147316857302050972,5,7,7,24.09001729819297,21.501419410500898,2.588597887692071,10.745521083068073
cvrp,5,5,35,worst_removal,best_position_first,1703167759152431961,5,7,7,24.09001729819297,21.310293302827283,2.7797239953656856,11.538904106865035
cvrp,5,5,35,worst_removal,sequential_insertion,17832215357313113089,5,7,7,24.09001729819297,21.48111152887901,2.60890576931396,10.829821070778802
cvrp,5,5,35,route_removal,greedy_insertion,17117683719313918395,5,7,7,24.09001729819297,23.717328834541522,0.37268846365144626,1.547065986039795
cvrp,5,5,35,route_removal,regret_2,9990487896437467698,5,7,7,24.09001729819297,23.703828949802713,0.38618834839025595,1.6031053178995625
cvrp,5,5,35,route_removal,regret_3,5502587294370398067,5,7,7,24.09001729819297,23.717328834541522,0.37268846365144626,1.547065986039795
cvrp,5,5,35,route_removal,greedy_with_noise,12887373862614847562,5,7,7,24.09001729819297,23.817351655685663,0.27266564250730596,1.131861547180205
cvrp,5,5,35,route_removal,best_position_first,2870458631011393820,5,7,7,24.09001729819297,23.724432412434336,0.3655848857586328,1.5175783447281124
cvrp,5,5,35,route_removal,sequential_insertion,5635076707448861883,5,7,7,24.09001729819297,23.703828949802713,0.38618834839025595,1.6031053178995625
cvrp,5,5,35,cluster_removal,greedy_insertion,5151625433163240587,5,7,7,24.09001729819297,24.107652465097306,-0.01763516690433775,-0.07320528950247202
cvrp,5,5,35,cluster_removal,regret_2,11449207142344955907,5,7,7,24.09001729819297,24.354939293802683,-0.26492199560971486,-1.0997169173041113
cvrp,5,5,35,cluster_removal,regret_3,11291306298985007487,5,7,7,24.09001729819297,24.03490904111315,0.05510825707981937,0.22875972398721825
cvrp,5,5,35,cluster_removal,greedy_with_noise,6768412356971435883,5,7,7,24.09001729819297,24.085166922082106,0.0048503761108626975,0.020134382017345135
cvrp,5,5,35,cluster_removal,best_position_first,5725109093563399076,5,7,7,24.09001729819297,23.99026548858252,0.09975180961044927,0.4140794436786553
cvrp,5,5,35,cluster_removal,sequential_insertion,9406850702658518717,5,7,7,24.09001729819297,23.99026548858252,0.09975180961044927,0.4140794436786553
cvrp,5,5,35,time_oriented_removal,greedy_insertion,4946537570292390680,5,7,7,24.09001729819297,23.15507901801712,0.9349382801758495,3.881019546822744
cvrp,5,5,35,time_oriented_removal,regret_2,6283405903071823031,5,7,7,24.09001729819297,23.14504841430176,0.9449688838912103,3.9226575564231494
cvrp,5,5,35,time_oriented_removal,regret_3,10357690242942867,5,7,7,24.09001729819297,23.178486831556587,0.9115304666363819,3.7838514408404236
cvrp,5,5,35,time_oriented_removal,greedy_with_noise,13771402080484331524,5,7,7,24.09001729819297,23.30016729171116,0.7898500064818101,3.278744040341798
cvrp,5,5,35,time_oriented_removal,best_position_first,13836453732034404939,5,7,7,24.09001729819297,23.24989465751698,0.8401226406759896,3.48743062438153
cvrp,5,5,35,time_oriented_removal,sequential_insertion,5075021260707061409,5,7,7,24.09001729819297,23.34405660269784,0.7459606954951283,3.096555250506541
cvrp,6,0,36,random_removal,greedy_insertion,6149562493170508877,5,7,7,20.952082628247716,20.752598785380563,0.19948384286715282,0.9520955334445254
cvrp,6,0,36,random_removal,regret_2,5996887762959376438,5,7,7,20.952082628247716,20.752598785380563,0.19948384286715282,0.9520955334445254
cvrp,6,0,36,random_removal,regret_3,337960303125621521,5,7,7,20.952082628247716,20.752598785380563,0.19948384286715282,0.9520955334445254
cvrp,6,0,36,random_removal,greedy_with_noise,7358620086271385279,5,7,7,20.952082628247716,21.28085402371402,-0.32877139546630474,-1.5691585476235823
cvrp,6,0,36,random_removal,best_position_first,8598263789909767003,5,7,7,20.952082628247716,20.752598785380563,0.19948384286715282,0.9520955334445254
cvrp,6,0,36,random_removal,sequential_insertion,9334218727364961758,5,7,7,20.952082628247716,20.752598785380563,0.19948384286715282,0.9520955334445254
cvrp,6,0,36,shaw_removal,greedy_insertion,2894941807376463442,5,7,7,20.952082628247716,20.447033762443155,0.5050488658045609,2.4104948169861222
cvrp,6,0,36,shaw_removal,regret_2,12621515192668165990,5,7,7,20.952082628247716,20.24534833660009,0.7067342916476242,3.3730980551537204
cvrp,6,0,36,shaw_removal,regret_3,7844908551828352641,5,7,7,20.952082628247716,20.24534833660009,0.7067342916476242,3.3730980551537204
cvrp,6,0,36,shaw_removal,greedy_with_noise,16202470569739719656,5,7,7,20.952082628247716,20.655275756015453,0.29680687223226343,1.4165984236436082
cvrp,6,0,36,shaw_removal,best_position_first,17883158060626585960,5,7,7,20.952082628247716,20.655275756015453,0.29680687223226343,1.4165984236436082
cvrp,6,0,36,shaw_removal,sequential_insertion,533715920173825863,5,7,7,20.952082628247716,20.343486053506663,0.6085965747410533,2.904706828143852
cvrp,6,0,36,worst_removal,greedy_insertion,13437729853714865574,5,7,7,20.952082628247716,20.08702315927754,0.8650594689701769,4.128751706066198
cvrp,6,0,36,worst_removal,regret_2,10168267813761923520,5,7,7,20.952082628247716,20.08702315927754,0.8650594689701769,4.128751706066198
cvrp,6,0,36,worst_removal,regret_3,8903629169912011191,5,7,7,20.952082628247716,20.08702315927754,0.8650594689701769,4.128751706066198
cvrp,6,0,36,worst_removal,greedy_with_noise,15789455160094869831,5,7,7,20.952082628247716,20.19060233358582,0.7614802946618973,3.634389517132131
cvrp,6,0,36,worst_removal,best_position_first,9920355798648329727,5,7,7,20.952082628247716,20.163712949686207,0.7883696785615086,3.7627270403116118
cvrp,6,0,36,worst_removal,sequential_insertion,830057615232362920,5,7,7,20.952082628247716,20.08702315927754,0.8650594689701769,4.128751706066198
cvrp,6,0,36,route_removal,greedy_insertion,13618191307117844962,5,7,7,20.952082628247716,20.715367330632454,0.23671529761526244,1.1297936430248778
cvrp,6,0,36,route_removal,regret_2,2777975509165188375,5,7,7,20.952082628247716,20.79351748631815,0.1585651419295644,0.7567989528438857
cvrp,6,0,36,route_removal,regret_3,17616305477391277598,5,7,7,20.952082628247716,20.665979192282492,0.2861034359652237,1.3655131140972947
cvrp,6,0,36,route_removal,greedy_with_noise,3464689134146698034,5,7,7,20.952082628247716,20.79351748631815,0.1585651419295644,0.7567989528438857
cvrp,6,0,36,route_removal,best_position_first,18391834391958026348,5,7,7,20.952082628247716,20.79351748631815,0.1585651419295644,0.7567989528438857
cvrp,6,0,36,route_removal,sequential_insertion,13635175460632098233,5,7,7,20.952082628247716,20.79351748631815,0.1585651419295644,0.7567989528438857
cvrp,6,0,36,cluster_removal,greedy_insertion,15242134671591527629,5,7,7,20.952082628247716,20.097187632496823,0.8548949957508931,4.0802387567826734
cvrp,6,0,36,cluster_removal,regret_2,13798910639481684752,5,7,7,20.952082628247716,20.464121373033024,0.48796125521469236,2.3289391506924484
cvrp,6,0,36,cluster_removal,regret_3,5772812804836515067,5,7,7,20.952082628247716,20.227548877420276,0.7245337508274403,3.4580512290010725
cvrp,6,0,36,cluster_removal,greedy_with_noise,9056170969048477598,5,7,7,20.952082628247716,20.925934123417232,0.026148504830484143,0.12480145909328641
cvrp,6,0,36,cluster_removal,best_position_first,1578732967811790808,5,7,7,20.952082628247716,20.925934123417232,0.026148504830484143,0.12480145909328641
cvrp,6,0,36,cluster_removal,sequential_insertion,17098397711106046424,5,7,7,20.952082628247716,20.227548877420276,0.7245337508274403,3.4580512290010725
cvrp,6,0,36,time_oriented_removal,greedy_insertion,17335412279366872415,5,7,7,20.952082628247716,20.06340043425107,0.8886821939966474,4.241498135362072
cvrp,6,0,36,time_oriented_removal,regret_2,18297346037496883322,5,7,7,20.952082628247716,20.02026875390536,0.9318138743423567,4.447356813523062
cvrp,6,0,36,time_oriented_removal,regret_3,16042749685151414090,5,7,7,20.952082628247716,20.06340043425107,0.8886821939966474,4.241498135362072
cvrp,6,0,36,time_oriented_removal,greedy_with_noise,8450659353054433883,5,7,7,20.952082628247716,20.9321877177259,0.01989491052181691,0.09495433401448351
cvrp,6,0,36,time_oriented_removal,best_position_first,1304605040451874824,5,7,7,20.952082628247716,20.02026875390536,0.9318138743423567,4.447356813523062
cvrp,6,0,36,time_oriented_removal,sequential_insertion,14792077794596923152,5,7,7,20.952082628247716,20.06340043425107,0.8886821939966474,4.241498135362072
cvrp,6,1,37,random_removal,greedy_insertion,5914278533897635015,5,7,7,22.124915718204925,20.78256658286851,1.3423491353364128,6.067137847815144
cvrp,6,1,37,random_removal,regret_2,13520119053123319500,5,7,7,22.124915718204925,20.751034435783858,1.3738812824210669,6.209656569632053
cvrp,6,1,37,random_removal,regret_3,2028808228752208535,5,7,7,22.124915718204925,20.751034435783858,1.3738812824210669,6.209656569632053
cvrp,6,1,37,random_removal,greedy_with_noise,6322017177960034388,5,7,7,22.124915718204925,20.80031061346362,1.3246051047413054,5.986938533968687
cvrp,6,1,37,random_removal,best_position_first,13364222576045083227,5,7,7,22.124915718204925,20.772972799654923,1.3519429185500016,6.1104997450344625
cvrp,6,1,37,random_removal,sequential_insertion,3516297109372467924,5,7,7,22.124915718204925,20.78256658286851,1.3423491353364128,6.067137847815144
cvrp,6,1,37,shaw_removal,greedy_insertion,431378795090428693,5,7,7,22.124915718204925,20.58129270083765,1.543623017367274,6.976853774394915
cvrp,6,1,37,shaw_removal,regret_2,886733322587871008,5,7,7,22.124915718204925,20.58129270083765,1.543623017367274,6.976853774394915
cvrp,6,1,37,shaw_removal,regret_3,6495316914351616227,5,7,7,22.124915718204925,20.58129270083765,1.543623017367274,6.976853774394915
cvrp,6,1,37,shaw_removal,greedy_with_noise,17230158114774433337,5,7,7,22.124915718204925,20.860344614115554,1.2645711040893701,5.715597384395232
cvrp,6,1,37,shaw_removal,best_position_first,15793864776065049880,5,7,7,22.124915718204925,20.87784456186208,1.2470711563428445,5.636501274066882
cvrp,6,1,37,shaw_removal,sequential_insertion,1538367144197616972,5,7,7,22.124915718204925,20.58129270083765,1.543623017367274,6.976853774394915
cvrp,6,1,37,worst_removal,greedy_insertion,11348706565463478882,5,7,7,22.124915718204925,20.004528496910964,2.12038722129396,9.583707564360362
cvrp,6,1,37,worst_removal,regret_2,1759603556044651086,5,7,7,22.124915718204925,20.004528496910964,2.12038722129396,9.583707564360362
cvrp,6,1,37,worst_removal,regret_3,4478541885351029263,5,7,7,22.124915718204925,20.004528496910964,2.12038722129396,9.583707564360362
cvrp,6,1,37,worst_removal,greedy_with_noise,7021649523828232987,5,7,7,22.124915718204925,20.64120936908171,1.4837063491232136,6.70604294280942
cvrp,6,1,37,worst_removal,best_position_first,17397809335016572716,5,7,7,22.124915718204925,20.311130910343596,1.8137848078613281,8.197928665413633
cvrp,6,1,37,worst_removal,sequential_insertion,2823612263638255778,5,7,7,22.124915718204925,20.311130910343596,1.8137848078613281,8.197928665413633
cvrp,6,1,37,route_removal,greedy_insertion,10229353491094892836,5,7,7,22.124915718204925,21.386321671938425,0.738594046266499,3.338290891923108
cvrp,6,1,37,route_removal,regret_2,7310488927111110987,5,7,7,22.124915718204925,21.36478326223007,0.7601324559748548,3.4356400072041815
cvrp,6,1,37,route_removal,regret_3,6790891946571494938,5,7,7,22.124915718204925,21.386321671938425,0.738594046266499,3.338290891923108
cvrp,6,1,37,route_removal,greedy_with_noise,10192913343027567585,5,7,7,22.124915718204925,21.454340847840648,0.6705748703642769,3.030858417293366
cvrp,6,1,37,route_removal,best_position_first,17014108314075606443,5,7,7,22.124915718204925,21.36478326223007,0.7601324559748548,3.4356400072041815
cvrp,6,1,37,route_removal,sequential_insertion,10831154208854073825,5,7,7,22.124915718204925,21.399381046863873,0.7255346713410518,3.279265243682099
cvrp,6,1,37,cluster_removal,greedy_insertion,5314329076989130987,5,7,7,22.124915718204925,20.50166206511735,1.6232536530875734,7.336767623263398
cvrp,6,1,37,cluster_removal,regret_2,13970848348046335938,5,7,7,22.124915718204925,20.50166206511735,1.6232536530875734,7.336767623263398
cvrp,6,1,37,cluster_removal,regret_3,1921901539968717166,5,7,7,22.124915718204925,20.598834533099147,1.5260811851057774,6.897568354803179
cvrp,6,1,37,cluster_removal,greedy_with_noise,10977314411596234955,5,7,7,22.124915718204925,20.612851328277713,1.512064389927211,6.834215366899894
cvrp,6,1,37,cluster_removal,best_position_first,10279703858782046226,5,7,7,22.124915718204925,20.611639240436972,1.5132764777679526,6.839693750890953
cvrp,6,1,37,cluster_removal,sequential_insertion,12953298558657323813,5,7,7,22.124915718204925,20.786518128623662,1.3383975895812625,6.049277685971007
cvrp,6,1,37,time_oriented_removal,greedy_insertion,12236503454009948464,5,7,7,22.124915718204925,21.028412247249896,1.096503470955028,4.955966770317675
cvrp,6,1,37,time_oriented_removal,regret_2,7361424750243902110,5,7,7,22.124915718204925,21.042176673513662,1.0827390446912624,4.893754437221915
cvrp,6,1,37,time_oriented_removal,regret_3,13509903135973152108,5,7,7,22.124915718204925,21.11818687465965,1.0067288435452753,4.550204196786675
cvrp,6,1,37,time_oriented_removal,greedy_with_noise,3649525685365752602,5,7,7,22.124915718204925,21.090068248866178,1.0348474693387466,4.677294515012542
cvrp,6,1,37,time_oriented_removal,best_position_first,1677425312515251495,5,7,7,22.124915718204925,21.028412247249896,1.096503470955028,4.955966770317675
cvrp,6,1,37,time_oriented_removal,sequential_insertion,10954736110185410356,5,7,7,22.124915718204925,21.028412247249896,1.096503470955028,4.955966770317675
cvrp,6,2,38,random_removal,greedy_insertion,7413856729927958166,5,8,8,21.466726522706306,21.045013428591744,0.4217130941145619,1.9644965135625003
cvrp,6,2,38,random_removal,regret_2,10687308297210835181,5,8,8,21.466726522706306,21.045013428591744,0.4217130941145619,1.9644965135625003
cvrp,6,2,38,random_removal,regret_3,13492361686786076835,5,8,8,21.466726522706306,21.045013428591744,0.4217130941145619,1.9644965135625003
cvrp,6,2,38,random_removal,greedy_with_noise,8271992015260648431,5,8,8,21.466726522706306,21.045013428591744,0.4217130941145619,1.9644965135625003
cvrp,6,2,38,random_removal,best_position_first,11176380651334982730,5,8,8,21.466726522706306,21.045013428591744,0.4217130941145619,1.9644965135625003
cvrp,6,2,38,random_removal,sequential_insertion,13305500462361085816,5,8,8,21.466726522706306,21.045013428591744,0.4217130941145619,1.9644965135625003
cvrp,6,2,38,shaw_removal,greedy_insertion,10000438739055290925,5,8,8,21.466726522706306,21.693873166094143,-0.22714664338783663,-1.058133587100826
cvrp,6,2,38,shaw_removal,regret_2,13421047617125798516,5,8,8,21.466726522706306,21.51685470406204,-0.050128181355734824,-0.2335157216574778
cvrp,6,2,38,shaw_removal,regret_3,17903826563624297342,5,8,8,21.466726522706306,21.51685470406204,-0.050128181355734824,-0.2335157216574778
cvrp,6,2,38,shaw_removal,greedy_with_noise,12194054563422932543,5,8,8,21.466726522706306,21.627319695246914,-0.160593172540608,-0.7481027550741912
cvrp,6,2,38,shaw_removal,best_position_first,5191527169342598199,5,8,8,21.466726522706306,21.46382063402775,0.002905888678554902,0.013536710757838253
cvrp,6,2,38,shaw_removal,sequential_insertion,186056697606061573,5,8,8,21.466726522706306,21.494814705202934,-0.028088182496627923,-0.13084520579752953
cvrp,6,2,38,worst_removal,greedy_insertion,12321872592815041269,5,8,7,21.466726522706306,20.085099224095828,1.3816272986104785,6.4361340661282025
cvrp,6,2,38,worst_removal,regret_2,9904461281223972913,5,8,7,21.466726522706306,20.005979158681253,1.4607473640250532,6.8047047717310605
cvrp,6,2,38,worst_removal,regret_3,6495351397526500355,5,8,7,21.466726522706306,20.085099224095828,1.3816272986104785,6.4361340661282025
cvrp,6,2,38,worst_removal,greedy_with_noise,1783392861868271396,5,8,7,21.466726522706306,19.368990512806405,2.0977360098999007,9.772034910311232
cvrp,6,2,38,worst_removal,best_position_first,9399812994875339936,5,8,7,21.466726522706306,19.356248068586826,2.1104784541194803,9.83139395700194
cvrp,6,2,38,worst_removal,sequential_insertion,12424778119353177048,5,8,7,21.466726522706306,20.005979158681253,1.4607473640250532,6.8047047717310605
cvrp,6,2,38,route_removal,greedy_insertion,4480959400277546192,5,8,8,21.466726522706306,21.352324847136853,0.11440167556945369,0.532925574136541
cvrp,6,2,38,route_removal,regret_2,10542829453217565659,5,8,8,21.466726522706306,21.31749157935383,0.1492349433524751,0.6951918970720697
cvrp,6,2,38,route_removal,regret_3,4566337933959222664,5,8,8,21.466726522706306,21.31749157935383,0.1492349433524751,0.6951918970720697
cvrp,6,2,38,route_removal,greedy_with_noise,14172990653345070918,5,8,8,21.466726522706306,21.404032799039683,0.06269372366662296,0.29205069343157203
cvrp,6,2,38,route_removal,best_position_first,3305564347328349818,5,8,8,21.466726522706306,21.418387538043344,0.04833898466296205,0.22518097769509368
cvrp,6,2,38,route_removal,sequential_insertion,10187912420022058751,5,8,8,21.466726522706306,21.418387538043344,0.04833898466296205,0.22518097769509368
cvrp,6,2,38,cluster_removal,greedy_insertion,16831059043063039290,5,8,8,21.466726522706306,21.447121804950118,0.019604717756187995,0.09132607030443704
cvrp,6,2,38,cluster_removal,regret_2,18094697442764276629,5,8,8,21.466726522706306,21.434938572888587,0.03178794981771915,0.1480800986778102
cvrp,6,2,38,cluster_removal,regret_3,12635611983234645232,5,8,8,21.466726522706306,21.35872009529824,0.10800642740806765,0.5031341285026596
cvrp,6,2,38,cluster_removal,greedy_with_noise,16330551908752856340,5,8,8,21.466726522706306,21.45145238042377,0.015274142282535763,0.07115263832321908
cvrp,6,2,38,cluster_removal,best_position_first,11500738064433806803,5,8,8,21.466726522706306,21.361961200869345,0.10476532183696108,0.4880358527237311
cvrp,6,2,38,cluster_removal,sequential_insertion,13227104338737771582,5,8,8,21.466726522706306,21.43860877152412,0.028117751182186623,0.13098294773749147
cvrp,6,2,38,time_oriented_removal,greedy_insertion,12169808842750867066,5,8,8,21.466726522706306,20.81790346545507,0.648823057251235,3.022459230404534
cvrp,6,2,38,time_oriented_removal,regret_2,10875857763459760584,5,8,8,21.466726522706306,20.45746623690916,1.009260285797147,4.701509961146651
cvrp,6,2,38,time_oriented_removal,regret_3,6228588875344905969,5,8,8,21.466726522706306,20.417579181902745,1.049147340803561,4.887318705503755
cvrp,6,2,38,time_oriented_removal,greedy_with_noise,3752765441799185526,5,8,8,21.466726522706306,20.88848742788681,0.578239094819498,2.693652868814763
cvrp,6,2,38,time_oriented_removal,best_position_first,14530475041551510463,5,8,8,21.466726522706306,21.07160138124984,0.3951251414564645,1.8406399365945392
cvrp,6,2,38,time_oriented_removal,sequential_insertion,2363594993023046447,5,8,8,21.466726522706306,20.398676524458526,1.0680499982477798,4.975374317635509
cvrp,6,3,39,random_removal,greedy_insertion,18067083012000496973,5,7,7,20.278461471123972,19.94558938911043,0.3328720820135409,1.641505606761847
cvrp,6,3,39,random_removal,regret_2,6400637661360919789,5,7,7,20.278461471123972,19.94558938911043,0.3328720820135409,1.641505606761847
cvrp,6,3,39,random_removal,regret_3,10361188517563493658,5,7,7,20.278461471123972,19.94558938911043,0.3328720820135409,1.641505606761847
cvrp,6,3,39,random_removal,greedy_with_noise,370844160413303118,5,7,7,20.278461471123972,20.197612530091924,0.08084894103204832,0.39869366395066613
cvrp,6,3,39,random_removal,best_position_first,3905996240364809781,5,7,7,20.278461471123972,20.15628416563787,0.12217730548610106,0.602497904784732
cvrp,6,3,39,random_removal,sequential_insertion,5879423772598955380,5,7,7,20.278461471123972,20.15628416563787,0.12217730548610106,0.602497904784732
cvrp,6,3,39,shaw_removal,greedy_insertion,16978733070472709705,5,7,7,20.278461471123972,20.492872745794365,-0.21441127467039323,-1.0573350200936573
cvrp,6,3,39,shaw_removal,regret_2,11842871092465185399,5,7,7,20.278461471123972,20.50022188915484,-0.22176041803086832,-1.093576148992613
cvrp,6,3,39,shaw_removal,regret_3,1840383898351264524,5,7,7,20.278461471123972,20.50022188915484,-0.22176041803086832,-1.093576148992613
cvrp,6,3,39,shaw_removal,greedy_with_noise,3260275552791604312,5,7,7,20.278461471123972,20.839422490233787,-0.5609610191098149,-2.766289838647816
cvrp,6,3,39,shaw_removal,best_position_first,9695663869628842472,5,7,7,20.278461471123972,20.65696891438072,-0.3785074432567477,-1.866549115650282
cvrp,6,3,39,shaw_removal,sequential_insertion,5478789556561835555,5,7,7,20.278461471123972,20.78110545005938,-0.5026439789354065,-2.4787086517937227
cvrp,6,3,39,worst_removal,greedy_insertion,17560491076659390970,5,7,7,20.278461471123972,19.511061395893222,0.7674000752307499,3.7843111338772357
cvrp,6,3,39,worst_removal,regret_2,18392203922501013218,5,7,7,20.278461471123972,19.511061395893222,0.7674000752307499,3.7843111338772357
cvrp,6,3,39,worst_removal,regret_3,18211329618757432093,5,7,7,20.278461471123972,19.566525387947443,0.7119360831765285,3.510799299001593
cvrp,6,3,39,worst_removal,greedy_with_noise,9880256198827508147,5,7,7,20.278461471123972,19.530725606235748,0.7477358648882237,3.6873402153954387
cvrp,6,3,39,worst_removal,best_position_first,9554894521171366667,5,7,7,20.278461471123972,19.973777195437147,0.30468427568682444,1.5025019334957306
cvrp,6,3,39,worst_removal,sequential_insertion,12543060583624015159,5,7,7,20.278461471123972,19.626952520997385,0.6515089501265869,3.212812525517873
cvrp,6,3,39,route_removal,greedy_insertion,8145434212965540632,5,7,7,20.278461471123972,20.056676152141762,0.2217853189822101,1.0936989440645037
cvrp,6,3,39,route_removal,regret_2,8578329052628361293,5,7,7,20.278461471123972,20.056676152141762,0.2217853189822101,1.0936989440645037
cvrp,6,3,39,route_removal,regret_3,3976617376711457592,5,7,7,20.278461471123972,20.056676152141762,0.2217853189822101,1.0936989440645037
cvrp,6,3,39,route_removal,greedy_with_noise,13825523829856462050,5,7,7,20.278461471123972,20.056676152141762,0.2217853189822101,1.0936989440645037
cvrp,6,3,39,route_removal,best_position_first,16062898460257693111,5,7,7,20.278461471123972,20.056676152141762,0.2217853189822101,1.0936989440645037
cvrp,6,3,39,route_removal,sequential_insertion,15558988171365111529,5,7,7,20.278461471123972,20.056676152141762,0.2217853189822101,1.0936989440645037
cvrp,6,3,39,cluster_removal,greedy_insertion,1218294792434949939,5,7,7,20.278461471123972,19.55229519081944,0.7261662803045326,3.5809732475936373
cvrp,6,3,39,cluster_removal,regret_2,4587999777958667198,5,7,7,20.278461471123972,19.63944935471134,0.6390121164126334,3.1511863822734822
cvrp,6,3,39,cluster_removal,regret_3,3957594914762931509,5,7,7,20.278461471123972,19.55229519081944,0.7261662803045326,3.5809732475936373
cvrp,6,3,39,cluster_removal,greedy_with_noise,3487112482560935867,5,7,7,20.278461471123972,19.49518960935707,0.7832718617669023,3.8625803189372236
cvrp,6,3,39,cluster_removal,best_position_first,10461457340682419250,5,7,7,20.278461471123972,19.76669598407001,0.5117654870539603,2.5236899149509036
cvrp,6,3,39,cluster_removal,sequential_insertion,5548137259141099989,5,7,7,20.278461471123972,19.554305678039782,0.72415579308419,3.5710588503736833
cvrp,6,3,39,time_oriented_removal,greedy_insertion,14045319301369729751,5,7,7,20.278461471123972,20.250404632646067,0.028056838477905188,0.1383578261982914
cvrp,6,3,39,time_oriented_removal,regret_2,8902585856345203151,5,7,7,20.278461471123972,20.280622702009957,-0.002161230885985077,-0.010657765575867856
cvrp,6,3,39,time_oriented_removal,regret_3,13576955915698834607,5,7,7,20.278461471123972,20.23276571447156,0.045695756652410324,0.22534133922082775
cvrp,6,3,39,time_oriented_removal,greedy_with_noise,18102606669229427223,5,7,7,20.278461471123972,20.258883160344176,0.01957831077979577,0.09654731848209887
cvrp,6,3,39,time_oriented_removal,best_position_first,2634463341285016522,5,7,7,20.278461471123972,20.280622702009957,-0.002161230885985077,-0.010657765575867856
cvrp,6,3,39,time_oriented_removal,sequential_insertion,4882905279393039979,5,7,7,20.278461471123972,20.250404632646067,0.028056838477905188,0.1383578261982914
cvrp,6,4,40,random_removal,greedy_insertion,10711975674803094859,5,7,7,22.19070512412754,21.41287111229601,0.7778340118315299,3.5052244058067603
cvrp,6,4,40,random_removal,regret_2,13408509989063723106,5,7,7,22.19070512412754,21.41287111229601,0.7778340118315299,3.5052244058067603
cvrp,6,4,40,random_removal,regret_3,8591983153505280872,5,7,7,22.19070512412754,21.41287111229601,0.7778340118315299,3.5052244058067603
cvrp,6,4,40,random_removal,greedy_with_noise,9947855119755021735,5,7,7,22.19070512412754,21.41287111229601,0.7778340118315299,3.5052244058067603
cvrp,6,4,40,random_removal,best_position_first,5999938766691317999,5,7,7,22.19070512412754,21.41287111229601,0.7778340118315299,3.5052244058067603
cvrp,6,4,40,random_removal,sequential_insertion,2694267725009982509,5,7,7,22.19070512412754,21.41287111229601,0.7778340118315299,3.5052244058067603
cvrp,6,4,40,shaw_removal,greedy_insertion,14465188972694751730,5,7,7,22.19070512412754,21.230550877610597,0.960154246516943,4.32683072099852
cvrp,6,4,40,shaw_removal,regret_2,15445475871524194212,5,7,7,22.19070512412754,21.230550877610597,0.960154246516943,4.32683072099852
cvrp,6,4,40,shaw_removal,regret_3,12706761672322950316,5,7,7,22.19070512412754,21.230550877610597,0.960154246516943,4.32683072099852
cvrp,6,4,40,shaw_removal,greedy_with_noise,2751874063225809896,5,7,7,22.19070512412754,21.230550877610597,0.960154246516943,4.32683072099852
cvrp,6,4,40,shaw_removal,best_position_first,10862582596325705213,5,7,7,22.19070512412754,21.432554049740514,0.7581510743870261,3.416525388202751
cvrp,6,4,40,shaw_removal,sequential_insertion,6089680920623880526,5,7,7,22.19070512412754,21.230550877610597,0.960154246516943,4.32683072099852
cvrp,6,4,40,worst_removal,greedy_insertion,16012259439755314192,5,7,7,22.19070512412754,20.706945048429755,1.4837600756977842,6.686403462161821
cvrp,6,4,40,worst_removal,regret_2,13370870991750006678,5,7,7,22.19070512412754,20.525223896852943,1.6654812272745971,7.505310074458835
cvrp,6,4,40,worst_removal,regret_3,14951280726671759815,5,7,7,22.19070512412754,20.525223896852943,1.6654812272745971,7.505310074458835
cvrp,6,4,40,worst_removal,greedy_with_noise,5634671084980400934,5,7,7,22.19070512412754,21.188263191844765,1.0024419322827747,4.51739557925466
cvrp,6,4,40,worst_removal,best_position_first,10046992342509063372,5,7,7,22.19070512412754,20.52828047921171,1.6624246449158306,7.491535918380112
cvrp,6,4,40,worst_removal,sequential_insertion,2360155091048326689,5,7,7,22.19070512412754,20.725636511341065,1.4650686127864745,6.602172416745481
cvrp,6,4,40,route_removal,greedy_insertion,13317776705320541830,5,7,7,22.19070512412754,22.069268524288947,0.12143659983859223,0.5472408342110611
cvrp,6,4,40,route_removal,regret_2,454037345976719569,5,7,7,22.19070512412754,22.069268524288947,0.12143659983859223,0.5472408342110611
cvrp,6,4,40,route_removal,regret_3,15047515932616644834,5,7,7,22.19070512412754,22.069268524288947,0.12143659983859223,0.5472408342110611
cvrp,6,4,40,route_removal,greedy_with_noise,11374349381810175469,5,7,7,22.19070512412754,22.08428367550187,0.10642144862567093,0.4795766877635667
cvrp,6,4,40,route_removal,best_position_first,9491931066675852549,5,7,7,22.19070512412754,22.069268524288947,0.12143659983859223,0.5472408342110611
cvrp,6,4,40,route_removal,sequential_insertion,5698288872232085256,5,7,7,22.19070512412754,22.069268524288947,0.12143659983859223,0.5472408342110611
cvrp,6,4,40,cluster_removal,greedy_insertion,925971779617887756,5,7,7,22.19070512412754,21.74993006274122,0.4407750613863186,1.9863048917137478
cvrp,6,4,40,cluster_removal,regret_2,8617595045506301183,5,7,7,22.19070512412754,21.74993006274122,0.4407750613863186,1.9863048917137478
cvrp,6,4,40,cluster_removal,regret_3,13953347297048319567,5,7,7,22.19070512412754,21.74993006274122,0.4407750613863186,1.9863048917137478
cvrp,6,4,40,cluster_removal,greedy_with_noise,6311251602768307129,5,7,7,22.19070512412754,21.74993006274122,0.4407750613863186,1.9863048917137478
cvrp,6,4,40,cluster_removal,best_position_first,9887189245494302881,5,7,7,22.19070512412754,21.74993006274122,0.4407750613863186,1.9863048917137478
cvrp,6,4,40,cluster_removal,sequential_insertion,1415972340890145054,5,7,7,22.19070512412754,21.76741255663188,0.42329256749566113,1.9075219337461387
cvrp,6,4,40,time_oriented_removal,greedy_insertion,1934158927940281762,5,7,7,22.19070512412754,21.96384659291172,0.226858531215818,1.0223133061651068
cvrp,6,4,40,time_oriented_removal,regret_2,4437828754559352954,5,7,7,22.19070512412754,21.96384659291172,0.226858531215818,1.0223133061651068
cvrp,6,4,40,time_oriented_removal,regret_3,14911588491416953743,5,7,7,22.19070512412754,21.96384659291172,0.226858531215818,1.0223133061651068
cvrp,6,4,40,time_oriented_removal,greedy_with_noise,8608627147975263547,5,7,7,22.19070512412754,22.091084823396955,0.09962030073058514,0.44892805421613147
cvrp,6,4,40,time_oriented_removal,best_position_first,2710642765718123973,5,7,7,22.19070512412754,21.96384659291172,0.226858531215818,1.0223133061651068
cvrp,6,4,40,time_oriented_removal,sequential_insertion,13330005195313266773,5,7,7,22.19070512412754,21.96384659291172,0.226858531215818,1.0223133061651068
cvrp,6,5,41,random_removal,greedy_insertion,9019816815536147077,5,7,7,20.602919420765982,20.392336160921978,0.21058325984400383,1.0221039821752345
cvrp,6,5,41,random_removal,regret_2,13555615934380850137,5,7,7,20.602919420765982,20.238883089295108,0.36403633147087433,1.7669162512180523
cvrp,6,5,41,random_removal,regret_3,3254326261975328720,5,7,7,20.602919420765982,20.238883089295108,0.36403633147087433,1.7669162512180523
cvrp,6,5,41,random_removal,greedy_with_noise,12485006981331959794,5,7,7,20.602919420765982,20.644132744510205,-0.041213323744223374,-0.2000363293305116
cvrp,6,5,41,random_removal,best_position_first,1777050087125872175,5,7,7,20.602919420765982,20.392336160921978,0.21058325984400383,1.0221039821752345
cvrp,6,5,41,random_removal,sequential_insertion,4958165623727703488,5,7,7,20.602919420765982,20.238883089295108,0.36403633147087433,1.7669162512180523
cvrp,6,5,41,shaw_removal,greedy_insertion,6118161408387991615,5,7,7,20.602919420765982,19.37697083166589,1.225948589100092,5.950363460939621
cvrp,6,5,41,shaw_removal,regret_2,10432677942104295394,5,7,7,20.602919420765982,19.37697083166589,1.225948589100092,5.950363460939621
cvrp,6,5,41,shaw_removal,regret_3,8046022747465294228,5,7,7,20.602919420765982,19.37697083166589,1.225948589100092,5.950363460939621
cvrp,6,5,41,shaw_removal,greedy_with_noise,11480023830180387345,5,7,7,20.602919420765982,19.37882725995481,1.2240921608111712,5.941352950094009
cvrp,6,5,41,shaw_removal,best_position_first,16498353774091420754,5,7,7,20.602919420765982,19.37697083166589,1.225948589100092,5.950363460939621
cvrp,6,5,41,shaw_removal,sequential_insertion,11538857435768393004,5,7,7,20.602919420765982,19.37697083166589,1.225948589100092,5.950363460939621
cvrp,6,5,41,worst_removal,greedy_insertion,16237085017213852623,5,7,7,20.602919420765982,19.511538828804206,1.0913805919617765,5.29721332046641
cvrp,6,5,41,worst_removal,regret_2,15228315061643509565,5,7,7,20.602919420765982,19.496771017389552,1.1061484033764302,5.368891567189877
cvrp,6,5,41,worst_removal,regret_3,15836755293623520820,5,7,7,20.602919420765982,19.496771017389552,1.1061484033764302,5.368891567189877
cvrp,6,5,41,worst_removal,greedy_with_noise,9400153505261503322,5,7,7,20.602919420765982,19.685731625592517,0.917187795173465,4.451737039989673
cvrp,6,5,41,worst_removal,best_position_first,14471910810778439304,5,7,7,20.602919420765982,19.665683677670934,0.937235743095048,4.549043385329141
cvrp,6,5,41,worst_removal,sequential_insertion,2200758567723883955,5,7,7,20.602919420765982,19.496771017389552,1.1061484033764302,5.368891567189877
cvrp,6,5,41,route_removal,greedy_insertion,4316375037126066150,5,7,7,20.602919420765982,20.233161244334013,0.3697581764319686,1.7946882617969373
cvrp,6,5,41,route_removal,regret_2,15162940909850894138,5,7,7,20.602919420765982,20.233161244334013,0.3697581764319686,1.7946882617969373
cvrp,6,5,41,route_removal,regret_3,6794382791605950208,5,7,7,20.602919420765982,20.233161244334013,0.3697581764319686,1.7946882617969373
cvrp,6,5,41,route_removal,greedy_with_noise,7407625923612032620,5,7,7,20.602919420765982,20.4807267443409,0.12219267642508314,0.593084280579787
cvrp,6,5,41,route_removal,best_position_first,6445249343204748672,5,7,7,20.602919420765982,20.2715758945825,0.3313435261834812,1.6082358010366007
cvrp,6,5,41,route_removal,sequential_insertion,5168569784613540610,5,7,7,20.602919420765982,20.324256498571682,0.2786629221943002,1.3525409506452364
cvrp,6,5,41,cluster_removal,greedy_insertion,14780314782777508153,5,7,7,20.602919420765982,20.142929112980834,0.45999030778514793,2.232646249742243
cvrp,6,5,41,cluster_removal,regret_2,17545696882347842517,5,7,7,20.602919420765982,20.11014344097571,0.49277597979027377,2.39177744535368
cvrp,6,5,41,cluster_removal,regret_3,12895353323248068212,5,7,7,20.602919420765982,20.142929112980834,0.45999030778514793,2.232646249742243
cvrp,6,5,41,cluster_removal,greedy_with_noise,6454925868203073863,5,7,7,20.602919420765982,20.177552892620515,0.42536652814546727,2.064593465898499
cvrp,6,5,41,cluster_removal,best_position_first,10663812445037105662,5,7,7,20.602919420765982,20.11014344097571,0.49277597979027377,2.39177744535368
cvrp,6,5,41,cluster_removal,sequential_insertion,9728223206618143692,5,7,7,20.602919420765982,20.142929112980834,0.45999030778514793,2.232646249742243
cvrp,6,5,41,time_oriented_removal,greedy_insertion,9915974115099457534,5,7,7,20.602919420765982,20.589911370580662,0.01300805018532003,0.06313692695516261
cvrp,6,5,41,time_oriented_removal,regret_2,9882082683511712181,5,7,7,20.602919420765982,20.589911370580662,0.01300805018532003,0.06313692695516261
cvrp,6,5,41,time_oriented_removal,regret_3,5273777511033999165,5,7,7,20.602919420765982,20.50975012182483,0.09316929894115233,0.4522140626694178
cvrp,6,5,41,time_oriented_removal,greedy_with_noise,2873866284715341904,5,7,7,20.602919420765982,20.619819543754215,-0.016900122988232624,-0.08202780704563035
cvrp,6,5,41,time_oriented_removal,best_position_first,11014989781700886765,5,7,7,20.602919420765982,20.589911370580662,0.01300805018532003,0.06313692695516261
cvrp,6,5,41,time_oriented_removal,sequential_insertion,17862490836385477904,5,7,7,20.602919420765982,20.50975012182483,0.09316929894115233,0.4522140626694178
cvrp,7,0,42,random_removal,greedy_insertion,14979207018123107614,5,6,6,18.05017378310315,17.978294034567423,0.07187974853572854,0.3982219196305771
cvrp,7,0,42,random_removal,regret_2,12389427224721888321,5,6,7,18.05017378310315,18.632712484459315,-0.5825387013561638,-3.2273301540258905
cvrp,7,0,42,random_removal,regret_3,17453369854352747740,5,6,7,18.05017378310315,18.632712484459315,-0.5825387013561638,-3.2273301540258905
cvrp,7,0,42,random_removal,greedy_with_noise,4201251909870218343,5,6,7,18.05017378310315,19.359666381930616,-1.3094925988274646,-7.254736794020711
cvrp,7,0,42,random_removal,best_position_first,1004821227070120855,5,6,6,18.05017378310315,17.978294034567423,0.07187974853572854,0.3982219196305771
cvrp,7,0,42,random_removal,sequential_insertion,9906575563632141601,5,6,7,18.05017378310315,19.096870144288232,-1.0466963611850808,-5.798815976857231
cvrp,7,0,42,shaw_removal,greedy_insertion,9572688956532009730,5,6,6,18.05017378310315,17.929117443372782,0.12105633973036944,0.6706657851886768
cvrp,7,0,42,shaw_removal,regret_2,15801884725510609506,5,6,6,18.05017378310315,17.872780784134658,0.17739299896849303,0.9827772358322191
cvrp,7,0,42,shaw_removal,regret_3,4284712035121653390,5,6,6,18.05017378310315,17.929117443372782,0.12105633973036944,0.6706657851886768
cvrp,7,0,42,shaw_removal,greedy_with_noise,15310656598526972274,5,6,7,18.05017378310315,18.2363172624798,-0.18614347937664988,-1.0312558849206184
cvrp,7,0,42,shaw_removal,best_position_first,6332968332305109572,5,6,6,18.05017378310315,17.929117443372782,0.12105633973036944,0.6706657851886768
cvrp,7,0,42,shaw_removal,sequential_insertion,7491043891855071824,5,6,6,18.05017378310315,17.929117443372782,0.12105633973036944,0.6706657851886768
cvrp,7,0,42,worst_removal,greedy_insertion,14212373724889386024,5,6,7,18.05017378310315,16.98450847383465,1.0656653092684998,5.903906090178888
cvrp,7,0,42,worst_removal,regret_2,12414170981004404403,5,6,6,18.05017378310315,17.47552365294643,0.5746501301567228,3.1836265792335774
cvrp,7,0,42,worst_removal,regret_3,17213663355800686879,5,6,7,18.05017378310315,16.98450847383465,1.0656653092684998,5.903906090178888
cvrp,7,0,42,worst_removal,greedy_with_noise,62825042486470880,5,6,7,18.05017378310315,17.436220466965093,0.6139533161380584,3.4013706655433027
cvrp,7,0,42,worst_removal,best_position_first,15174551377402206381,5,6,7,18.05017378310315,16.98450847383465,1.0656653092684998,5.903906090178888
cvrp,7,0,42,worst_removal,sequential_insertion,9590690822370826283,5,6,7,18.05017378310315,16.98450847383465,1.0656653092684998,5.903906090178888
cvrp,7,0,42,route_removal,greedy_insertion,10407175386550818618,5,6,6,18.05017378310315,17.939933579015886,0.11024020408726543,0.6107431729574913
cvrp,7,0,42,route_removal,regret_2,14947830897346309968,5,6,6,18.05017378310315,17.939933579015886,0.11024020408726543,0.6107431729574913
cvrp,7,0,42,route_removal,regret_3,4883040208282498313,5,6,6,18.05017378310315,17.939933579015886,0.11024020408726543,0.6107431729574913
cvrp,7,0,42,route_removal,greedy_with_noise,5899363042940392742,5,6,6,18.05017378310315,18.07203930876628,-0.021865525663127272,-0.12113748003687194
cvrp,7,0,42,route_removal,best_position_first,8057618507002333446,5,6,6,18.05017378310315,17.939933579015886,0.11024020408726543,0.6107431729574913
cvrp,7,0,42,route_removal,sequential_insertion,11532367239014730485,5,6,6,18.05017378310315,17.939933579015886,0.11024020408726543,0.6107431729574913
cvrp,7,0,42,cluster_removal,greedy_insertion,7137321456923794015,5,6,6,18.05017378310315,17.981908998240538,0.06826478486261323,0.37819461287689204
cvrp,7,0,42,cluster_removal,regret_2,5126153303101624952,5,6,6,18.05017378310315,17.78025926244257,0.2699145206605813,1.4953569084927565
cvrp,7,0,42,cluster_removal,regret_3,12429951292616597154,5,6,6,18.05017378310315,17.804944693737923,0.24522908936522825,1.3585968329833384
cvrp,7,0,42,cluster_removal,greedy_with_noise,7463294098431968517,5,6,6,18.05017378310315,18.054806773237562,-0.004632990134410875,-0.025667288249312244
cvrp,7,0,42,cluster_removal,best_position_first,4252268656442384810,5,6,6,18.05017378310315,17.804944693737923,0.24522908936522825,1.3585968329833384
cvrp,7,0,42,cluster_removal,sequential_insertion,14980637480408297899,5,6,6,18.05017378310315,17.97097982890925,0.07919395419390085,0.4387434444982168
cvrp,7,0,42,time_oriented_removal,greedy_insertion,5264313585556280170,5,6,6,18.05017378310315,17.251201453567187,0.7989723295359639,4.426396882028279
cvrp,7,0,42,time_oriented_removal,regret_2,16885107928993510379,5,6,6,18.05017378310315,17.282248460787923,0.7679253223152287,4.254392957889896
cvrp,7,0,42,time_oriented_removal,regret_3,5357783941447871770,5,6,6,18.05017378310315,17.282248460787923,0.7679253223152287,4.254392957889896
cvrp,7,0,42,time_oriented_removal,greedy_with_noise,15185337417808158064,5,6,7,18.05017378310315,18.398070112842998,-0.3478963297398465,-1.9273849322465462
cvrp,7,0,42,time_oriented_removal,best_position_first,17229389681488380883,5,6,7,18.05017378310315,18.398070112842998,-0.3478963297398465,-1.9273849322465462
cvrp,7,0,42,time_oriented_removal,sequential_insertion,387657977078491166,5,6,7,18.05017378310315,18.398070112842998,-0.3478963297398465,-1.9273849322465462
cvrp,7,1,43,random_removal,greedy_insertion,13468827187248802229,5,6,7,17.29260452519994,18.274872802369714,-0.9822682771697728,-5.680279542265283
cvrp,7,1,43,random_removal,regret_2,14575963733195910679,5,6,6,17.29260452519994,17.144012252299426,0.14859227290051535,0.8592822017295124
cvrp,7,1,43,random_removal,regret_3,11858016463302387367,5,6,6,17.29260452519994,17.144012252299426,0.14859227290051535,0.8592822017295124
cvrp,7,1,43,random_removal,greedy_with_noise,11672631926524735107,5,6,7,17.29260452519994,17.844129613937195,-0.5515250887372538,-3.1893696980899233
cvrp,7,1,43,random_removal,best_position_first,11080218747386414321,5,6,7,17.29260452519994,18.274872802369714,-0.9822682771697728,-5.680279542265283
cvrp,7,1,43,random_removal,sequential_insertion,16460805409317199487,5,6,6,17.29260452519994,17.144012252299426,0.14859227290051535,0.8592822017295124
cvrp,7,1,43,shaw_removal,greedy_insertion,3168698649726788638,5,6,7,17.29260452519994,17.727351061086626,-0.4347465358866849,-2.51406047743209
cvrp,7,1,43,shaw_removal,regret_2,15754816143748881528,5,6,7,17.29260452519994,17.727351061086626,-0.4347465358866849,-2.51406047743209
cvrp,7,1,43,shaw_removal,regret_3,44716196806984865,5,6,6,17.29260452519994,16.52435279491284,0.7682517302871013,4.442660613486843
cvrp,7,1,43,shaw_removal,greedy_with_noise,13268123066178297443,5,6,7,17.29260452519994,17.601913728244874,-0.3093092030449327,-1.7886791003297775
cvrp,7,1,43,shaw_removal,best_position_first,706506020207370650,5,6,7,17.29260452519994,17.57897483328891,-0.28637030808896924,-1.6560276254028203
cvrp,7,1,43,shaw_removal,sequential_insertion,8332597159626852777,5,6,6,17.29260452519994,16.52435279491284,0.7682517302871013,4.442660613486843
cvrp,7,1,43,worst_removal,greedy_insertion,79420594450285846,5,6,7,17.29260452519994,15.930883624812788,1.3617209003871533,7.874585337349053
cvrp,7,1,43,worst_removal,regret_2,13239847268896915486,5,6,7,17.29260452519994,15.930883624812788,1.3617209003871533,7.874585337349053
cvrp,7,1,43,worst_removal,regret_3,8112138976536122679,5,6,6,17.29260452519994,15.01131260228715,2.281291922912791,13.192298011490054
cvrp,7,1,43,worst_removal,greedy_with_noise,8715224517514405430,5,6,7,17.29260452519994,15.9837282739667,1.308876251233242,7.568994302309174
cvrp,7,1,43,worst_removal,best_position_first,9609814804687298992,5,6,7,17.29260452519994,15.930883624812788,1.3617209003871533,7.874585337349053
cvrp,7,1,43,worst_removal,sequential_insertion,14086399402370673519,5,6,6,17.29260452519994,15.01131260228715,2.281291922912791,13.192298011490054
cvrp,7,1,43,route_removal,greedy_insertion,11315038942387665700,5,6,6,17.29260452519994,17.458368549678973,-0.1657640244790315,-0.9585833310272553
cvrp,7,1,43,route_removal,regret_2,15723529676170800766,5,6,6,17.29260452519994,17.14429786097992,0.1483066642200228,0.8576305784585567
cvrp,7,1,43,route_removal,regret_3,9898479680262700502,5,6,6,17.29260452519994,17.14429786097992,0.1483066642200228,0.8576305784585567
cvrp,7,1,43,route_removal,greedy_with_noise,5332851587723023278,5,6,6,17.29260452519994,17.14429786097992,0.1483066642200228,0.8576305784585567
cvrp,7,1,43,route_removal,best_position_first,18100488508515827194,5,6,6,17.29260452519994,17.14429786097992,0.1483066642200228,0.8576305784585567
cvrp,7,1,43,route_removal,sequential_insertion,4510196843372440307,5,6,6,17.29260452519994,17.14429786097992,0.1483066642200228,0.8576305784585567
cvrp,7,1,43,cluster_removal,greedy_insertion,8646662599608658390,5,6,7,17.29260452519994,18.050636867498266,-0.7580323422983248,-4.383563743643529
cvrp,7,1,43,cluster_removal,regret_2,16006805941764959830,5,6,7,17.29260452519994,18.050636867498266,-0.7580323422983248,-4.383563743643529
cvrp,7,1,43,cluster_removal,regret_3,14563837851627852582,5,6,7,17.29260452519994,18.050636867498266,-0.7580323422983248,-4.383563743643529
cvrp,7,1,43,cluster_removal,greedy_with_noise,1135393618651335465,5,6,7,17.29260452519994,17.913092181250576,-0.6204876560506349,-3.588167734631407
cvrp,7,1,43,cluster_removal,best_position_first,2720247033982644734,5,6,7,17.29260452519994,17.912977770712256,-0.6203732455123152,-3.5875061192098956
cvrp,7,1,43,cluster_removal,sequential_insertion,7514499154912052019,5,6,7,17.29260452519994,17.912977770712256,-0.6203732455123152,-3.5875061192098956
cvrp,7,1,43,time_oriented_removal,greedy_insertion,10352997006521681426,5,6,6,17.29260452519994,17.29260452519994,0.0,0.0
cvrp,7,1,43,time_oriented_removal,regret_2,6085756767483867077,5,6,6,17.29260452519994,17.332743195529545,-0.040138670329604054,-0.2321146607563441
cvrp,7,1,43,time_oriented_removal,regret_3,7287554117846772505,5,6,6,17.29260452519994,17.332743195529545,-0.040138670329604054,-0.2321146607563441
cvrp,7,1,43,time_oriented_removal,greedy_with_noise,852659829439883851,5,6,6,17.29260452519994,17.360102208169806,-0.06749768296986502,-0.39032687569708124
cvrp,7,1,43,time_oriented_removal,best_position_first,13591231134650248560,5,6,6,17.29260452519994,17.29260452519994,0.0,0.0
cvrp,7,1,43,time_oriented_removal,sequential_insertion,986598611784181104,5,6,6,17.29260452519994,17.29260452519994,0.0,0.0
cvrp,7,2,44,random_removal,greedy_insertion,15612967972780020407,5,6,7,16.42306923558097,16.64591774166829,-0.22284850608731688,-1.3569236230491575
cvrp,7,2,44,random_removal,regret_2,2948109847678401497,5,6,6,16.42306923558097,15.908473464430907,0.5145957711500646,3.1333715018090564
cvrp,7,2,44,random_removal,regret_3,17067148405898282129,5,6,6,16.42306923558097,16.204666711029674,0.21840252455129772,1.3298520600407835
cvrp,7,2,44,random_removal,greedy_with_noise,1869893331585935381,5,6,6,16.42306923558097,15.987195527804259,0.43587370777671275,2.6540331866371356
cvrp,7,2,44,random_removal,best_position_first,7866879389618167502,5,6,6,16.42306923558097,15.908473464430907,0.5145957711500646,3.1333715018090564
cvrp,7,2,44,random_removal,sequential_insertion,12317501936140291103,5,6,6,16.42306923558097,16.204666711029674,0.21840252455129772,1.3298520600407835
cvrp,7,2,44,shaw_removal,greedy_insertion,15836380235406143585,5,6,6,16.42306923558097,16.366306843140443,0.05676239244052894,0.34562597055580735
cvrp,7,2,44,shaw_removal,regret_2,12416137748235255217,5,6,6,16.42306923558097,16.320245736123898,0.10282349945707381,0.6260918588487969
cvrp,7,2,44,shaw_removal,regret_3,10748069060796214453,5,6,6,16.42306923558097,16.320245736123898,0.10282349945707381,0.6260918588487969
cvrp,7,2,44,shaw_removal,greedy_with_noise,13886785774919387670,5,6,6,16.42306923558097,16.366306843140443,0.05676239244052894,0.34562597055580735
cvrp,7,2,44,shaw_removal,best_position_first,10203742872074328817,5,6,6,16.42306923558097,16.366306843140443,0.05676239244052894,0.34562597055580735
cvrp,7,2,44,shaw_removal,sequential_insertion,3540691192207713716,5,6,6,16.42306923558097,16.320245736123898,0.10282349945707381,0.6260918588487969
cvrp,7,2,44,worst_removal,greedy_insertion,12350499914268450087,5,6,6,16.42306923558097,15.337958476562266,1.085110759018706,6.607234880723681
cvrp,7,2,44,worst_removal,regret_2,6034926623883065859,5,6,6,16.42306923558097,15.301698890020708,1.1213703455602637,6.828019351771276
cvrp,7,2,44,worst_removal,regret_3,14165656370968995729,5,6,6,16.42306923558097,15.301698890020708,1.1213703455602637,6.828019351771276
cvrp,7,2,44,worst_removal,greedy_with_noise,12942853400850675995,5,6,6,16.42306923558097,15.342665950851558,1.0804032847294138,6.578571089432506
cvrp,7,2,44,worst_removal,best_position_first,14785223366133635687,5,6,6,16.42306923558097,15.301698890020708,1.1213703455602637,6.828019351771276
cvrp,7,2,44,worst_removal,sequential_insertion,9767268321595435864,5,6,6,16.42306923558097,15.337958476562266,1.085110759018706,6.607234880723681
cvrp,7,2,44,route_removal,greedy_insertion,4740580831738740700,5,6,6,16.42306923558097,16.426406158437096,-0.0033369228561248576,-0.02031850933743453
cvrp,7,2,44,route_removal,regret_2,10837290929664667499,5,6,6,16.42306923558097,16.103350900374476,0.3197183352064954,1.9467636080703965
cvrp,7,2,44,route_removal,regret_3,3262347252938502143,5,6,6,16.42306923558097,16.103350900374476,0.3197183352064954,1.9467636080703965
cvrp,7,2,44,route_removal,greedy_with_noise,6531451203847854063,5,6,6,16.42306923558097,16.426406158437096,-0.0033369228561248576,-0.02031850933743453
cvrp,7,2,44,route_removal,best_position_first,14073156406555490551,5,6,6,16.42306923558097,16.162338076721724,0.26073115885924736,1.5875909375962873
cvrp,7,2,44,route_removal,sequential_insertion,12717475779536725763,5,6,6,16.42306923558097,16.426406158437096,-0.0033369228561248576,-0.02031850933743453
cvrp,7,2,44,cluster_removal,greedy_insertion,12233289069606459383,5,6,6,16.42306923558097,16.309619684380937,0.1134495512000342,0.6907938435420039
cvrp,7,2,44,cluster_removal,regret_2,11764577798795255828,5,6,6,16.42306923558097,16.309619684380937,0.1134495512000342,0.6907938435420039
cvrp,7,2,44,cluster_removal,regret_3,3271064915887992849,5,6,6,16.42306923558097,16.322302629542747,0.10076660603822418,0.6135674434100962
cvrp,7,2,44,cluster_removal,greedy_with_noise,5521620375101971398,5,6,6,16.42306923558097,16.33566199422461,0.08740724135636313,0.5322223276450254
cvrp,7,2,44,cluster_removal,best_position_first,908003100137413024,5,6,7,16.42306923558097,17.297834900909717,-0.874765665328745,-5.32644448355332
cvrp,7,2,44,cluster_removal,sequential_insertion,14465734429027936677,5,6,6,16.42306923558097,16.309619684380937,0.1134495512000342,0.6907938435420039
cvrp,7,2,44,time_oriented_removal,greedy_insertion,15425809167764748087,5,6,7,16.42306923558097,17.77413563089063,-1.3510663953096582,-8.226637639586519
cvrp,7,2,44,time_oriented_removal,regret_2,115063126965781335,5,6,6,16.42306923558097,16.420194260124504,0.0028749754564678653,0.017505713549810547
cvrp,7,2,44,time_oriented_removal,regret_3,5733281859604284593,5,6,6,16.42306923558097,16.420194260124504,0.0028749754564678653,0.017505713549810547
cvrp,7,2,44,time_oriented_removal,greedy_with_noise,16761060251269027785,5,6,7,16.42306923558097,17.37858480539293,-0.9555155698119577,-5.818130314775818
cvrp,7,2,44,time_oriented_removal,best_position_first,1469485463206796946,5,6,7,16.42306923558097,17.317641079152,-0.894571843571029,-5.447044220168772
cvrp,7,2,44,time_oriented_removal,sequential_insertion,3888977033851237383,5,6,7,16.42306923558097,17.75039305914239,-1.327323823561418,-8.082069219349933
cvrp,7,3,45,random_removal,greedy_insertion,11850854022763771643,5,6,6,16.419550830967303,15.905181267545153,0.5143695634221501,3.132665252036299
cvrp,7,3,45,random_removal,regret_2,11149486857260978339,5,6,6,16.419550830967303,15.905181267545153,0.5143695634221501,3.132665252036299
cvrp,7,3,45,random_removal,regret_3,15614085667644860938,5,6,6,16.419550830967303,15.905181267545153,0.5143695634221501,3.132665252036299
cvrp,7,3,45,random_removal,greedy_with_noise,15863979761085517754,5,6,6,16.419550830967303,16.035731668296357,0.38381916267094596,2.33757407021794
cvrp,7,3,45,random_removal,best_position_first,18009360409714802761,5,6,6,16.419550830967303,15.905181267545153,0.5143695634221501,3.132665252036299
cvrp,7,3,45,random_removal,sequential_insertion,9085509651758057056,5,6,6,16.419550830967303,15.905181267545153,0.5143695634221501,3.132665252036299
cvrp,7,3,45,shaw_removal,greedy_insertion,3429674456746620598,5,6,7,16.419550830967303,17.741243249364334,-1.3216924183970313,-8.04950410643583
cvrp,7,3,45,shaw_removal,regret_2,5930225308122303577,5,6,7,16.419550830967303,17.91967151688407,-1.500120685916766,-9.13618588815192
cvrp,7,3,45,shaw_removal,regret_3,7566801987809959646,5,6,7,16.419550830967303,17.71712120107634,-1.2975703701090353,-7.902593581681998
cvrp,7,3,45,shaw_removal,greedy_with_noise,4842124541368632821,5,6,6,16.419550830967303,16.37491835056048,0.044632480406821884,0.2718252214466485
cvrp,7,3,45,shaw_removal,best_position_first,10934208593790654431,5,6,6,16.419550830967303,16.295442762321525,0.1241080686457785,0.755855442840193
cvrp,7,3,45,shaw_removal,sequential_insertion,13265784723012468412,5,6,7,16.419550830967303,17.828896563658567,-1.4093457326912642,-8.583339137592214
cvrp,7,3,45,worst_removal,greedy_insertion,17928160739068429743,5,6,7,16.419550830967303,16.349865590634366,0.06968524033293733,0.4244040598328112
cvrp,7,3,45,worst_removal,regret_2,4148123173238675468,5,6,7,16.419550830967303,16.09577542771888,0.3237754032484226,1.971889527195723
cvrp,7,3,45,worst_removal,regret_3,17231019043359853738,5,6,6,16.419550830967303,16.66975158517721,-0.2502007542099065,-1.5237977992554304
cvrp,7,3,45,worst_removal,greedy_with_noise,16518738573894505409,5,6,7,16.419550830967303,16.35801123180075,0.06153959916655438,0.3747946566875056
cvrp,7,3,45,worst_removal,best_position_first,10860053941358919907,5,6,7,16.419550830967303,16.349865590634366,0.06968524033293733,0.4244040598328112
cvrp,7,3,45,worst_removal,sequential_insertion,13119447635514851355,5,6,7,16.419550830967303,16.09577542771888,0.3237754032484226,1.971889527195723
cvrp,7,3,45,route_removal,greedy_insertion,11451951383831345700,5,6,6,16.419550830967303,16.311518177283364,0.10803265368393866,0.6579513337246039
cvrp,7,3,45,route_removal,regret_2,17388881920162245670,5,6,6,16.419550830967303,16.311518177283364,0.10803265368393866,0.6579513337246039
cvrp,7,3,45,route_removal,regret_3,11795010298727682362,5,6,6,16.419550830967303,16.319350082945498,0.10020074802180545,0.6102526741037682
cvrp,7,3,45,route_removal,greedy_with_noise,12467417008713832843,5,6,6,16.419550830967303,16.319350082945498,0.10020074802180545,0.6102526741037682
cvrp,7,3,45,route_removal,best_position_first,4491515543919660986,5,6,6,16.419550830967303,16.31072453704887,0.10882629391843324,0.662784841307514
cvrp,7,3,45,route_removal,sequential_insertion,6060480779477341369,5,6,6,16.419550830967303,16.31072453704887,0.10882629391843324,0.662784841307514
cvrp,7,3,45,cluster_removal,greedy_insertion,18074629180453784325,5,6,6,16.419550830967303,16.099788869184966,0.31976196178233707,1.9474464622946044
cvrp,7,3,45,cluster_removal,regret_2,2927883773110568914,5,6,6,16.419550830967303,16.099788869184966,0.31976196178233707,1.9474464622946044
cvrp,7,3,45,cluster_removal,regret_3,9681783380403233060,5,6,6,16.419550830967303,16.18107723347617,0.23847359749113295,1.4523758898530361
cvrp,7,3,45,cluster_removal,greedy_with_noise,11303319553544840495,5,6,6,16.419550830967303,16.15277260494497,0.2667782260223319,1.6247595855008878
cvrp,7,3,45,cluster_removal,best_position_first,5805786093964373571,5,6,6,16.419550830967303,16.099788869184966,0.31976196178233707,1.9474464622946044
cvrp,7,3,45,cluster_removal,sequential_insertion,16363592853610425511,5,6,6,16.419550830967303,16.18107723347617,0.23847359749113295,1.4523758898530361
cvrp,7,3,45,time_oriented_removal,greedy_insertion,6663493146109268683,5,6,7,16.419550830967303,16.767258957981166,-0.34770812701386333,-2.117647008699441
cvrp,7,3,45,time_oriented_removal,regret_2,192350506419563140,5,6,6,16.419550830967303,15.289763637219682,1.129787193747621,6.880743604854526
cvrp,7,3,45,time_oriented_removal,regret_3,18368305645323610263,5,6,6,16.419550830967303,15.289763637219682,1.129787193747621,6.880743604854526
cvrp,7,3,45,time_oriented_removal,greedy_with_noise,16115197058478726812,5,6,6,16.419550830967303,15.31303043198111,1.1065203989861931,6.739041831152248
cvrp,7,3,45,time_oriented_removal,best_position_first,13590864840516927483,5,6,7,16.419550830967303,16.10443504488781,0.31511578607949176,1.9191498557024034
cvrp,7,3,45,time_oriented_removal,sequential_insertion,9616704756727169524,5,6,6,16.419550830967303,15.574849738495768,0.844701092471535,5.144483556020468
cvrp,7,4,46,random_removal,greedy_insertion,16584322983073629618,5,6,7,15.788378029221297,17.004423994656126,-1.2160459654348283,-7.702158911980431
cvrp,7,4,46,random_removal,regret_2,3252750247268775675,5,6,6,15.788378029221297,15.702859309236837,0.08551871998446003,0.5416561462246539
cvrp,7,4,46,random_removal,regret_3,15809001163898457683,5,6,6,15.788378029221297,15.702859309236837,0.08551871998446003,0.5416561462246539
cvrp,7,4,46,random_removal,greedy_with_noise,10910619374619277513,5,6,7,15.788378029221297,16.401047125040368,-0.6126690958190704,-3.8805068809800214
cvrp,7,4,46,random_removal,best_position_first,8833117697514850988,5,6,7,15.788378029221297,16.358378862352954,-0.5700008331316564,-3.6102557975030294
cvrp,7,4,46,random_removal,sequential_insertion,12286251458365957112,5,6,7,15.788378029221297,16.1597223074861,-0.371344278264802,-2.3520103051593653
cvrp,7,4,46,shaw_removal,greedy_insertion,7295761055932698179,5,6,6,15.788378029221297,15.664442588684967,0.12393544053633043,0.7849789275817276
cvrp,7,4,46,shaw_removal,regret_2,5556213744772678274,5,6,6,15.788378029221297,15.831519864972858,-0.04314183575156072,-0.27325058768996635
cvrp,7,4,46,shaw_removal,regret_3,3819156875821547783,5,6,6,15.788378029221297,15.664442588684967,0.12393544053633043,0.7849789275817276
cvrp,7,4,46,shaw_removal,greedy_with_noise,13691046899166754733,5,6,7,15.788378029221297,17.165332531127536,-1.3769545019062388,-8.721317030525599
cvrp,7,4,46,shaw_removal,best_position_first,4179345231343715055,5,6,6,15.788378029221297,15.664442588684967,0.12393544053633043,0.7849789275817276
cvrp,7,4,46,shaw_removal,sequential_insertion,8751319732743078852,5,6,6,15.788378029221297,15.837020934300373,-0.04864290507907576,-0.30809311120526095
cvrp,7,4,46,worst_removal,greedy_insertion,8147037716157210887,5,6,6,15.788378029221297,15.575628566468993,0.21274946275230455,1.3475067695905532
cvrp,7,4,46,worst_removal,regret_2,3947265249236970495,5,6,6,15.788378029221297,15.48620938295483,0.3021686462664679,1.9138675657956186
cvrp,7,4,46,worst_removal,regret_3,16012123844308875424,5,6,6,15.788378029221297,15.495366774664063,0.29301125455723387,1.8558667268729285
cvrp,7,4,46,worst_removal,greedy_with_noise,1937976952403055943,5,6,6,15.788378029221297,15.5643955359654,0.2239824932558978,1.4186542331412932
cvrp,7,4,46,worst_removal,best_position_first,9711788443455513857,5,6,6,15.788378029221297,15.988752255983561,-0.20037422676226413,-1.2691248359483753
cvrp,7,4,46,worst_removal,sequential_insertion,10034199861230449537,5,6,6,15.788378029221297,15.684619513395958,0.1037585158253389,0.6571828697875206
cvrp,7,4,46,route_removal,greedy_insertion,13074696415301885380,5,6,6,15.788378029221297,15.632486159181662,0.15589187003963545,0.9873836929360896
cvrp,7,4,46,route_removal,regret_2,17822137045863672377,5,6,6,15.788378029221297,15.632486159181662,0.15589187003963545,0.9873836929360896
cvrp,7,4,46,route_removal,regret_3,9892313334552539206,5,6,6,15.788378029221297,15.632486159181662,0.15589187003963545,0.9873836929360896
cvrp,7,4,46,route_removal,greedy_with_noise,1355061170933894707,5,6,7,15.788378029221297,15.554424331957643,0.23395369726365445,1.4818095742998456
cvrp,7,4,46,route_removal,best_position_first,4985077005720516124,5,6,6,15.788378029221297,15.516409432786041,0.27196859643525606,1.722587310310747
cvrp,7,4,46,route_removal,sequential_insertion,3363359990440045216,5,6,6,15.788378029221297,15.640156382663756,0.14822164655754122,0.9388022397437598
cvrp,7,4,46,cluster_removal,greedy_insertion,18440931208413554857,5,6,6,15.788378029221297,16.041568136396382,-0.25319010717508483,-1.603648624997944
cvrp,7,4,46,cluster_removal,regret_2,529833453269046877,5,6,6,15.788378029221297,16.026070028918866,-0.23769199969756905,-1.5054871327355235
cvrp,7,4,46,cluster_removal,regret_3,17903297415238795590,5,6,6,15.788378029221297,16.026070028918866,-0.23769199969756905,-1.5054871327355235
cvrp,7,4,46,cluster_removal,greedy_with_noise,7947340652118571031,5,6,7,15.788378029221297,17.018454479227792,-1.2300764500064947,-7.791024814137691
cvrp,7,4,46,cluster_removal,best_position_first,5154555798753658774,5,6,7,15.788378029221297,17.026829930355618,-1.2384519011343205,-7.844073019040844
cvrp,7,4,46,cluster_removal,sequential_insertion,17340989225680870395,5,6,6,15.788378029221297,15.770922994097262,0.017455035124035234,0.11055622744609529
cvrp,7,4,46,time_oriented_removal,greedy_insertion,14654988411841135011,5,6,6,15.788378029221297,15.599204193908614,0.18917383531268328,1.1981841007515677
cvrp,7,4,46,time_oriented_removal,regret_2,10912847144220064963,5,6,7,15.788378029221297,16.332962207897626,-0.5445841786763292,-3.4492724817483285
cvrp,7,4,46,time_oriented_removal,regret_3,3485593500339550961,5,6,7,15.788378029221297,16.332962207897626,-0.5445841786763292,-3.4492724817483285
cvrp,7,4,46,time_oriented_removal,greedy_with_noise,9485817892441425923,5,6,7,15.788378029221297,16.340094158757626,-0.5517161295363291,-3.494444638424587
cvrp,7,4,46,time_oriented_removal,best_position_first,7777334417880662779,5,6,7,15.788378029221297,16.345116997513173,-0.5567389682918762,-3.5262581581303527
cvrp,7,4,46,time_oriented_removal,sequential_insertion,3920744719924442215,5,6,7,15.788378029221297,16.560364711547038,-0.7719866823257409,-4.889588283843595
cvrp,7,5,47,random_removal,greedy_insertion,14824507040494425737,5,6,6,16.863157216216283,16.37206940537634,0.491087810839943,2.9121937519961767
cvrp,7,5,47,random_removal,regret_2,18050216561967406936,5,6,6,16.863157216216283,16.37206940537634,0.491087810839943,2.9121937519961767
cvrp,7,5,47,random_removal,regret_3,8862213530212857318,5,6,6,16.863157216216283,16.37206940537634,0.491087810839943,2.9121937519961767
cvrp,7,5,47,random_removal,greedy_with_noise,14918520676927498196,5,6,6,16.863157216216283,16.383202662005797,0.4799545542104866,2.8461725645832394
cvrp,7,5,47,random_removal,best_position_first,11810436800960562323,5,6,6,16.863157216216283,16.37206940537634,0.491087810839943,2.9121937519961767
cvrp,7,5,47,random_removal,sequential_insertion,2743810795598197114,5,6,6,16.863157216216283,16.37206940537634,0.491087810839943,2.9121937519961767
cvrp,7,5,47,shaw_removal,greedy_insertion,12582492446229021407,5,6,7,16.863157216216283,17.42762782354749,-0.5644706073312058,-3.347360165677566
cvrp,7,5,47,shaw_removal,regret_2,13454563672967831310,5,6,7,16.863157216216283,17.97180582672118,-1.108648610504897,-6.574383410472959
cvrp,7,5,47,shaw_removal,regret_3,12275203192869817535,5,6,7,16.863157216216283,17.97180582672118,-1.108648610504897,-6.574383410472959
cvrp,7,5,47,shaw_removal,greedy_with_noise,118697287017084780,5,6,7,16.863157216216283,17.98723167149672,-1.1240744552804358,-6.6658600217489585
cvrp,7,5,47,shaw_removal,best_position_first,1309479184841112486,5,6,7,16.863157216216283,17.983945958695397,-1.1207887424791139,-6.646375456912177
cvrp,7,5,47,shaw_removal,sequential_insertion,15386871521355023433,5,6,7,16.863157216216283,17.97180582672118,-1.108648610504897,-6.574383410472959
cvrp,7,5,47,worst_removal,greedy_insertion,2106488331996870173,5,6,6,16.863157216216283,16.521507891033004,0.34164932518327973,2.0260104368518617
cvrp,7,5,47,worst_removal,regret_2,16406731285134011138,5,6,6,16.863157216216283,16.502494956949644,0.36066225926663975,2.1387588020576156
cvrp,7,5,47,worst_removal,regret_3,13656002697485006856,5,6,6,16.863157216216283,16.521507891033004,0.34164932518327973,2.0260104368518617
cvrp,7,5,47,worst_removal,greedy_with_noise,10255711455782559965,5,6,6,16.863157216216283,16.60737922131174,0.25577799490454467,1.5167859234484178
cvrp,7,5,47,worst_removal,best_position_first,7525328166607639695,5,6,6,16.863157216216283,16.5145962844739,0.3485609317423837,2.066996869407074
cvrp,7,5,47,worst_removal,sequential_insertion,6786945134984382895,5,6,6,16.863157216216283,16.521507891033004,0.34164932518327973,2.0260104368518617
cvrp,7,5,47,route_removal,greedy_insertion,15361548319785189779,5,6,6,16.863157216216283,16.607507529935816,0.25564968628046714,1.5160250420640342
cvrp,7,5,47,route_removal,regret_2,14474553165239316049,5,6,6,16.863157216216283,16.575618300940278,0.2875389152760057,1.705130964440614
cvrp,7,5,47,route_removal,regret_3,13519846678005594314,5,6,6,16.863157216216283,16.607507529935816,0.25564968628046714,1.5160250420640342
cvrp,7,5,47,route_removal,greedy_with_noise,8136118259692996748,5,6,6,16.863157216216283,16.62455341700389,0.23860379921239172,1.4149414380300078
cvrp,7,5,47,route_removal,best_position_first,3463372515313179427,5,6,6,16.863157216216283,16.607507529935816,0.25564968628046714,1.5160250420640342
cvrp,7,5,47,route_removal,sequential_insertion,17683605156914416094,5,6,6,16.863157216216283,16.575618300940278,0.2875389152760057,1.705130964440614
cvrp,7,5,47,cluster_removal,greedy_insertion,16570553729968855068,5,6,6,16.863157216216283,16.58616060937633,0.27699660683995475,1.6426141515989887
cvrp,7,5,47,cluster_removal,regret_2,609586271486539916,5,6,7,16.863157216216283,17.71235991430886,-0.8492026980925758,-5.035846414786127
cvrp,7,5,47,cluster_removal,regret_3,2651933715543137058,5,6,7,16.863157216216283,17.87500649568846,-1.0118492794721767,-6.000354894984565
cvrp,7,5,47,cluster_removal,greedy_with_noise,12849404500981708279,5,6,7,16.863157216216283,17.967799567800768,-1.1046423515844843,-6.550625944008968
cvrp,7,5,47,cluster_removal,best_position_first,17363128006723188830,5,6,7,16.863157216216283,17.71235991430886,-0.8492026980925758,-5.035846414786127
cvrp,7,5,47,cluster_removal,sequential_insertion,10454836606052837828,5,6,7,16.863157216216283,17.71235991430886,-0.8492026980925758,-5.035846414786127
cvrp,7,5,47,time_oriented_removal,greedy_insertion,2680854372675022167,5,6,6,16.863157216216283,17.10620125943576,-0.24304404321947715,-1.441272474087808
cvrp,7,5,47,time_oriented_removal,regret_2,4480634813058620598,5,6,7,16.863157216216283,17.22956823121134,-0.36641101499505524,-2.1728494272869603
cvrp,7,5,47,time_oriented_removal,regret_3,9567632734872341219,5,6,6,16.863157216216283,16.934505844065818,-0.07134862784953455,-0.4231036153830249
cvrp,7,5,47,time_oriented_removal,greedy_with_noise,4433068065613241189,5,6,6,16.863157216216283,16.965761334980673,-0.1026041187643898,-0.608451415407084
cvrp,7,5,47,time_oriented_removal,best_position_first,5339965636316766606,5,6,7,16.863157216216283,17.22956823121134,-0.36641101499505524,-2.1728494272869603
cvrp,7,5,47,time_oriented_removal,sequential_insertion,13336951493679084406,5,6,7,16.863157216216283,17.633356086097013,-0.7701988698807298,-4.567346790434213
vrptw,0,0,0,random_removal,greedy_insertion,11347193223607025490,5,12,12,25.644755854444192,25.285434688740157,0.35932116570403494,1.4011487094807542
vrptw,0,0,0,random_removal,regret_2,3552891781608079012,5,12,12,25.644755854444192,25.285434688740157,0.35932116570403494,1.4011487094807542
vrptw,0,0,0,random_removal,regret_3,8791245569095118077,5,12,12,25.644755854444192,25.285434688740157,0.35932116570403494,1.4011487094807542
vrptw,0,0,0,random_removal,greedy_with_noise,2813968147485638228,5,12,12,25.644755854444192,25.289437265224276,0.355318589219916,1.3855409317860201
vrptw,0,0,0,random_removal,best_position_first,11935461425909954762,5,12,12,25.644755854444192,25.285434688740157,0.35932116570403494,1.4011487094807542
vrptw,0,0,0,random_removal,sequential_insertion,6424863122057233576,5,12,12,25.644755854444192,25.285434688740157,0.35932116570403494,1.4011487094807542
vrptw,0,0,0,shaw_removal,greedy_insertion,1493723964796961759,5,12,13,25.644755854444192,25.07006240358731,0.5746934508568806,2.2409784445551164
vrptw,0,0,0,shaw_removal,regret_2,15156286397170372582,5,12,13,25.644755854444192,25.07006240358731,0.5746934508568806,2.2409784445551164
vrptw,0,0,0,shaw_removal,regret_3,250182078787088046,5,12,13,25.644755854444192,25.07006240358731,0.5746934508568806,2.2409784445551164
vrptw,0,0,0,shaw_removal,greedy_with_noise,17835590760837966432,5,12,13,25.644755854444192,25.08934767666577,0.5554081777784212,2.1657768197554117
vrptw,0,0,0,shaw_removal,best_position_first,12090748834420486164,5,12,13,25.644755854444192,25.07006240358731,0.5746934508568806,2.2409784445551164
vrptw,0,0,0,shaw_removal,sequential_insertion,11606533757920005037,5,12,13,25.644755854444192,25.07006240358731,0.5746934508568806,2.2409784445551164
vrptw,0,0,0,worst_removal,greedy_insertion,5592706394475631885,5,12,12,25.644755854444192,25.38917883334835,0.2555770210958421,0.9966053977914985
vrptw,0,0,0,worst_removal,regret_2,5400882057903063186,5,12,12,25.644755854444192,25.38917883334835,0.2555770210958421,0.9966053977914985
vrptw,0,0,0,worst_removal,regret_3,2234552954375860003,5,12,12,25.644755854444192,25.38917883334835,0.2555770210958421,0.9966053977914985
vrptw,0,0,0,worst_removal,greedy_with_noise,3667357914545104289,5,12,12,25.644755854444192,25.38917883334835,0.2555770210958421,0.9966053977914985
vrptw,0,0,0,worst_removal,best_position_first,16520624845649845637,5,12,12,25.644755854444192,25.38917883334835,0.2555770210958421,0.9966053977914985
vrptw,0,0,0,worst_removal,sequential_insertion,17370491298283383460,5,12,12,25.644755854444192,25.644755854444192,0.0,0.0
vrptw,0,0,0,route_removal,greedy_insertion,12699419241828657717,5,12,12,25.644755854444192,25.651425150404783,-0.006669295960591626,-0.026006470868529825
vrptw,0,0,0,route_removal,regret_2,8730743188533399616,5,12,12,25.644755854444192,25.644755854444192,0.0,0.0
vrptw,0,0,0,route_removal,regret_3,11500047583963010066,5,12,12,25.644755854444192,25.644755854444192,0.0,0.0
vrptw,0,0,0,route_removal,greedy_with_noise,14390467492408797907,5,12,13,25.644755854444192,25.779305791487268,-0.13454993704307583,-0.5246684265849954
vrptw,0,0,0,route_removal,best_position_first,10081484343237140163,5,12,12,25.644755854444192,25.651425150404783,-0.006669295960591626,-0.026006470868529825
vrptw,0,0,0,route_removal,sequential_insertion,4582619623965050043,5,12,12,25.644755854444192,25.644755854444192,0.0,0.0
vrptw,0,0,0,cluster_removal,greedy_insertion,6880572637621281761,5,12,12,25.644755854444192,25.58874453790785,0.05601131653634184,0.2184123602277741
vrptw,0,0,0,cluster_removal,regret_2,12935661614681495535,5,12,12,25.644755854444192,25.58874453790785,0.05601131653634184,0.2184123602277741
vrptw,0,0,0,cluster_removal,regret_3,4744276681868914608,5,12,12,25.644755854444192,25.58874453790785,0.05601131653634184,0.2184123602277741
vrptw,0,0,0,cluster_removal,greedy_with_noise,4362774934876666842,5,12,13,25.644755854444192,25.67685571329907,-0.03209985885487754,-0.12517123983192333
vrptw,0,0,0,cluster_removal,best_position_first,1077882501787021746,5,12,12,25.644755854444192,25.58874453790785,0.05601131653634184,0.2184123602277741
vrptw,0,0,0,cluster_removal,sequential_insertion,17550141435769469316,5,12,12,25.644755854444192,25.58874453790785,0.05601131653634184,0.2184123602277741
vrptw,0,0,0,time_oriented_removal,greedy_insertion,4782078593571033117,5,12,13,25.644755854444192,25.155490426394927,0.489265428049265,1.9078576174648048
vrptw,0,0,0,time_oriented_removal,regret_2,9799285658641580234,5,12,13,25.644755854444192,24.58261962945434,1.0621362249898532,4.141728745706841
vrptw,0,0,0,time_oriented_removal,regret_3,16009322189245396722,5,12,13,25.644755854444192,24.58261962945434,1.0621362249898532,4.141728745706841
vrptw,0,0,0,time_oriented_removal,greedy_with_noise,890369905163905035,5,12,13,25.644755854444192,25.206170941620723,0.4385849128234689,1.7102323582755532
vrptw,0,0,0,time_oriented_removal,best_position_first,7089622136241296668,5,12,13,25.644755854444192,25.206170941620723,0.4385849128234689,1.7102323582755532
vrptw,0,0,0,time_oriented_removal,sequential_insertion,1621699676026992056,5,12,13,25.644755854444192,24.58261962945434,1.0621362249898532,4.141728745706841
vrptw,0,1,1,random_removal,greedy_insertion,11466498444451812318,5,13,12,25.914236484823878,23.659963827244407,2.2542726575794703,8.698973859020068
vrptw,0,1,1,random_removal,regret_2,8655347577041369964,5,13,12,25.914236484823878,23.659963827244407,2.2542726575794703,8.698973859020068
vrptw,0,1,1,random_removal,regret_3,13385573129761801132,5,13,12,25.914236484823878,23.659963827244407,2.2542726575794703,8.698973859020068
vrptw,0,1,1,random_removal,greedy_with_noise,3879720053462000636,5,13,12,25.914236484823878,23.659963827244407,2.2542726575794703,8.698973859020068
vrptw,0,1,1,random_removal,best_position_first,2540373774309745710,5,13,12,25.914236484823878,23.659963827244407,2.2542726575794703,8.698973859020068
vrptw,0,1,1,random_removal,sequential_insertion,12672081269660987926,5,13,12,25.914236484823878,23.659963827244407,2.2542726575794703,8.698973859020068
vrptw,0,1,1,shaw_removal,greedy_insertion,12363716472897205510,5,13,13,25.914236484823878,25.914236484823878,0.0,0.0
vrptw,0,1,1,shaw_removal,regret_2,5610029829292627260,5,13,13,25.914236484823878,25.32483585294155,0.5894006318823273,2.2744279277820794
vrptw,0,1,1,shaw_removal,regret_3,16881149691872771515,5,13,13,25.914236484823878,25.32483585294155,0.5894006318823273,2.2744279277820794
vrptw,0,1,1,shaw_removal,greedy_with_noise,5079337863926506633,5,13,13,25.914236484823878,26.000636096451323,-0.0863996116274457,-0.3334059704133818
vrptw,0,1,1,shaw_removal,best_position_first,14987235074990268325,5,13,13,25.914236484823878,26.000636096451323,-0.0863996116274457,-0.3334059704133818
vrptw,0,1,1,shaw_removal,sequential_insertion,6521344897596591237,5,13,13,25.914236484823878,26.000636096451323,-0.0863996116274457,-0.3334059704133818
vrptw,0,1,1,worst_removal,greedy_insertion,4643097278982334942,5,13,13,25.914236484823878,24.871287305018683,1.0429491798051949,4.024618593011513
vrptw,0,1,1,worst_removal,regret_2,14550429915405575276,5,13,13,25.914236484823878,24.871287305018683,1.0429491798051949,4.024618593011513
vrptw,0,1,1,worst_removal,regret_3,5993223694682235125,5,13,13,25.914236484823878,24.871287305018683,1.0429491798051949,4.024618593011513
vrptw,0,1,1,worst_removal,greedy_with_noise,8596592815357270443,5,13,13,25.914236484823878,24.881239655241828,1.03299682958205,3.9862136404713393
vrptw,0,1,1,worst_removal,best_position_first,16751602609400304937,5,13,13,25.914236484823878,25.960184096744644,-0.04594761192076646,-0.17730644677752597
vrptw,0,1,1,worst_removal,sequential_insertion,11694471160520943957,5,13,13,25.914236484823878,25.914236484823878,0.0,0.0
vrptw,0,1,1,route_removal,greedy_insertion,5181799041718499176,5,13,12,25.914236484823878,23.883866750602973,2.030369734220905,7.834958731699264
vrptw,0,1,1,route_removal,regret_2,6356052963138461170,5,13,12,25.914236484823878,23.883866750602973,2.030369734220905,7.834958731699264
vrptw,0,1,1,route_removal,regret_3,821318136766532906,5,13,12,25.914236484823878,23.92734114928633,1.9868953355375467,7.667196124806262
vrptw,0,1,1,route_removal,greedy_with_noise,3000556665096511094,5,13,12,25.914236484823878,23.883866750602973,2.030369734220905,7.834958731699264
vrptw,0,1,1,route_removal,best_position_first,2526652973561893421,5,13,12,25.914236484823878,23.883866750602973,2.030369734220905,7.834958731699264
vrptw,0,1,1,route_removal,sequential_insertion,11685885585233789994,5,13,12,25.914236484823878,23.883866750602973,2.030369734220905,7.834958731699264
vrptw,0,1,1,cluster_removal,greedy_insertion,12104998804177968917,5,13,13,25.914236484823878,25.152558146052627,0.7616783387712509,2.9392273981034003
vrptw,0,1,1,cluster_removal,regret_2,8357096744947197726,5,13,13,25.914236484823878,25.152558146052627,0.7616783387712509,2.9392273981034003
vrptw,0,1,1,cluster_removal,regret_3,13038920058861937527,5,13,13,25.914236484823878,25.673421787681953,0.24081469714192494,0.9292756793469603
vrptw,0,1,1,cluster_removal,greedy_with_noise,14361551854440865725,5,13,13,25.914236484823878,25.32483585294155,0.5894006318823273,2.2744279277820794
vrptw,0,1,1,cluster_removal,best_position_first,9587767565121335526,5,13,13,25.914236484823878,25.830176258070015,0.08406022675386282,0.3243785584927069
vrptw,0,1,1,cluster_removal,sequential_insertion,14441673001566604355,5,13,13,25.914236484823878,25.673421787681953,0.24081469714192494,0.9292756793469603
vrptw,0,1,1,time_oriented_removal,greedy_insertion,13975130572408974656,5,13,13,25.914236484823878,25.914236484823878,0.0,0.0
vrptw,0,1,1,time_oriented_removal,regret_2,4226455794565918012,5,13,12,25.914236484823878,24.44392419644996,1.4703122883739184,5.673762718168353
vrptw,0,1,1,time_oriented_removal,regret_3,9572034908864394321,5,13,12,25.914236484823878,24.645545089374224,1.268691395449654,4.895731333595863
vrptw,0,1,1,time_oriented_removal,greedy_with_noise,12940865824778151645,5,13,12,25.914236484823878,24.645545089374224,1.268691395449654,4.895731333595863
vrptw,0,1,1,time_oriented_removal,best_position_first,8796127896864080251,5,13,12,25.914236484823878,24.645545089374224,1.268691395449654,4.895731333595863
vrptw,0,1,1,time_oriented_removal,sequential_insertion,5805727566956084237,5,13,12,25.914236484823878,24.645545089374224,1.268691395449654,4.895731333595863
vrptw,0,2,2,random_removal,greedy_insertion,14069160363161589697,5,13,13,25.79896977084944,25.733750560880736,0.06521920996870278,0.2527977300953883
vrptw,0,2,2,random_removal,regret_2,11793770810977526489,5,13,13,25.79896977084944,25.733750560880736,0.06521920996870278,0.2527977300953883
vrptw,0,2,2,random_removal,regret_3,1227452679040749948,5,13,13,25.79896977084944,25.733750560880736,0.06521920996870278,0.2527977300953883
vrptw,0,2,2,random_removal,greedy_with_noise,16550083885507607596,5,13,13,25.79896977084944,25.79896977084944,0.0,0.0
vrptw,0,2,2,random_removal,best_position_first,6730486654118424889,5,13,13,25.79896977084944,25.733750560880736,0.06521920996870278,0.2527977300953883
vrptw,0,2,2,random_removal,sequential_insertion,2839728737501489585,5,13,13,25.79896977084944,25.733750560880736,0.06521920996870278,0.2527977300953883
vrptw,0,2,2,shaw_removal,greedy_insertion,1716413263363194176,5,13,13,25.79896977084944,25.53796465035277,0.26100512049666946,1.0116881519493164
vrptw,0,2,2,shaw_removal,regret_2,12078354959868047429,5,13,13,25.79896977084944,25.523315946634348,0.275653824215091,1.0684683406488407
vrptw,0,2,2,shaw_removal,regret_3,7117231862044597423,5,13,13,25.79896977084944,25.523315946634348,0.275653824215091,1.0684683406488407
vrptw,0,2,2,shaw_removal,greedy_with_noise,5539295490953617579,5,13,14,25.79896977084944,26.500979125791574,-0.7020093549421347,-2.721075148261708
vrptw,0,2,2,shaw_removal,best_position_first,8039362173166463359,5,13,14,25.79896977084944,26.60983938055441,-0.8108696097049695,-3.143030969481505
vrptw,0,2,2,shaw_removal,sequential_insertion,6147408060771485116,5,13,14,25.79896977084944,26.500979125791574,-0.7020093549421347,-2.721075148261708
vrptw,0,2,2,worst_removal,greedy_insertion,13015150438450506753,5,13,13,25.79896977084944,25.79896977084944,0.0,0.0
vrptw,0,2,2,worst_removal,regret_2,3491228315125504200,5,13,14,25.79896977084944,25.01400042039125,0.7849693504581907,3.0426383589360877
vrptw,0,2,2,worst_removal,regret_3,8285472561723374658,5,13,14,25.79896977084944,25.01400042039125,0.7849693504581907,3.0426383589360877
vrptw,0,2,2,worst_removal,greedy_with_noise,6405105512128686213,5,13,13,25.79896977084944,25.79896977084944,0.0,0.0
vrptw,0,2,2,worst_removal,best_position_first,7354185591384020277,5,13,13,25.79896977084944,25.79896977084944,0.0,0.0
vrptw,0,2,2,worst_removal,sequential_insertion,15819955666842158477,5,13,14,25.79896977084944,25.01400042039125,0.7849693504581907,3.0426383589360877
vrptw,0,2,2,route_removal,greedy_insertion,14921645470494916824,5,13,13,25.79896977084944,25.68913083301333,0.1098389378361091,0.4257493179445383
vrptw,0,2,2,route_removal,regret_2,16221074255597098298,5,13,13,25.79896977084944,25.48322208852695,0.3157476823224883,1.2238770971360853
vrptw,0,2,2,route_removal,regret_3,6854884916258964828,5,13,13,25.79896977084944,25.48322208852695,0.3157476823224883,1.2238770971360853
vrptw,0,2,2,route_removal,greedy_with_noise,2934994279023229802,5,13,13,25.79896977084944,25.68913083301333,0.1098389378361091,0.4257493179445383
vrptw,0,2,2,route_removal,best_position_first,10410649034833046914,5,13,13,25.79896977084944,25.68913083301333,0.1098389378361091,0.4257493179445383
vrptw,0,2,2,route_removal,sequential_insertion,14030895128975507349,5,13,13,25.79896977084944,25.48322208852695,0.3157476823224883,1.2238770971360853
vrptw,0,2,2,cluster_removal,greedy_insertion,16517790135662996076,5,13,13,25.79896977084944,25.01708471214845,0.7818850587009898,3.030683262338836
vrptw,0,2,2,cluster_removal,regret_2,2683779419354480027,5,13,13,25.79896977084944,25.01708471214845,0.7818850587009898,3.030683262338836
vrptw,0,2,2,cluster_removal,regret_3,10474911101234667929,5,13,13,25.79896977084944,25.01708471214845,0.7818850587009898,3.030683262338836
vrptw,0,2,2,cluster_removal,greedy_with_noise,18107579852356592681,5,13,13,25.79896977084944,25.047484082792558,0.7514856880568814,2.912851539157172
vrptw,0,2,2,cluster_removal,best_position_first,13521995635340905780,5,13,13,25.79896977084944,25.01708471214845,0.7818850587009898,3.030683262338836
vrptw,0,2,2,cluster_removal,sequential_insertion,17534514456784469402,5,13,13,25.79896977084944,25.01708471214845,0.7818850587009898,3.030683262338836
vrptw,0,2,2,time_oriented_removal,greedy_insertion,8753667962204438873,5,13,14,25.79896977084944,26.76068786993593,-0.9617180990864895,-3.72773838501546
vrptw,0,2,2,time_oriented_removal,regret_2,6049913822119972524,5,13,13,25.79896977084944,25.79896977084944,0.0,0.0
vrptw,0,2,2,time_oriented_removal,regret_3,14261279083699548972,5,13,13,25.79896977084944,25.79896977084944,0.0,0.0
vrptw,0,2,2,time_oriented_removal,greedy_with_noise,15837208384457875430,5,13,14,25.79896977084944,27.477556356438527,-1.6785865855890876,-6.506409366337342
vrptw,0,2,2,time_oriented_removal,best_position_first,9050774006282820103,5,13,15,25.79896977084944,28.439274455525013,-2.6403046846755736,-10.234147751352788
vrptw,0,2,2,time_oriented_removal,sequential_insertion,11403229981189350892,5,13,14,25.79896977084944,27.477556356438527,-1.6785865855890876,-6.506409366337342
vrptw,0,3,3,random_removal,greedy_insertion,286143381710521110,5,12,12,25.688137856316246,25.688137856316246,0.0,0.0
vrptw,0,3,3,random_removal,regret_2,3855082635253856525,5,12,12,25.688137856316246,25.688137856316246,0.0,0.0
vrptw,0,3,3,random_removal,regret_3,3151385095690617351,5,12,12,25.688137856316246,25.688137856316246,0.0,0.0
vrptw,0,3,3,random_removal,greedy_with_noise,10147217566615516278,5,12,12,25.688137856316246,25.688137856316246,0.0,0.0
vrptw,0,3,3,random_removal,best_position_first,6893078696912017533,5,12,12,25.688137856316246,25.688137856316246,0.0,0.0
vrptw,0,3,3,random_removal,sequential_insertion,6633766997312832049,5,12,12,25.688137856316246,25.688137856316246,0.0,0.0
vrptw,0,3,3,shaw_removal,greedy_insertion,9461138004290569977,5,12,12,25.688137856316246,25.688137856316246,0.0,0.0
vrptw,0,3,3,shaw_removal,regret_2,417712747536666864,5,12,12,25.688137856316246,25.688137856316246,0.0,0.0
vrptw,0,3,3,shaw_removal,regret_3,2734895464456287226,5,12,12,25.688137856316246,25.688137856316246,0.0,0.0
vrptw,0,3,3,shaw_removal,greedy_with_noise,7871560400704032538,5,12,12,25.688137856316246,25.688137856316246,0.0,0.0
vrptw,0,3,3,shaw_removal,best_position_first,14492633966646179402,5,12,12,25.688137856316246,25.688137856316246,0.0,0.0
vrptw,0,3,3,shaw_removal,sequential_insertion,7634194819070433241,5,12,12,25.688137856316246,25.688137856316246,0.0,0.0
vrptw,0,3,3,worst_removal,greedy_insertion,8891654741358322689,5,12,13,25.688137856316246,24.552906327885385,1.135231528430861,4.419283074470609
vrptw,0,3,3,worst_removal,regret_2,14454077254101396616,5,12,12,25.688137856316246,24.283306089254943,1.404831767061303,5.468795655485322
vrptw,0,3,3,worst_removal,regret_3,9508670878714827496,5,12,12,25.688137856316246,24.283306089254943,1.404831767061303,5.468795655485322
vrptw,0,3,3,worst_removal,greedy_with_noise,15349998366880166249,5,12,13,25.688137856316246,24.552906327885385,1.135231528430861,4.419283074470609
vrptw,0,3,3,worst_removal,best_position_first,7781019685793579660,5,12,13,25.688137856316246,24.552906327885385,1.135231528430861,4.419283074470609
vrptw,0,3,3,worst_removal,sequential_insertion,10505924270626809510,5,12,13,25.688137856316246,24.552906327885385,1.135231528430861,4.419283074470609
vrptw,0,3,3,route_removal,greedy_insertion,2250381435202019056,5,12,12,25.688137856316246,24.98666483904006,0.7014730172761858,2.7307273933198175
vrptw,0,3,3,route_removal,regret_2,15673650614604643343,5,12,12,25.688137856316246,24.98666483904006,0.7014730172761858,2.7307273933198175
vrptw,0,3,3,route_removal,regret_3,18079371665424460017,5,12,12,25.688137856316246,24.98666483904006,0.7014730172761858,2.7307273933198175
vrptw,0,3,3,route_removal,greedy_with_noise,2555534408943074300,5,12,12,25.688137856316246,25.144947019490967,0.5431908368252785,2.114559022781473
vrptw,0,3,3,route_removal,best_position_first,18217269419022428582,5,12,12,25.688137856316246,25.144947019490967,0.5431908368252785,2.114559022781473
vrptw,0,3,3,route_removal,sequential_insertion,10250011282992132938,5,12,12,25.688137856316246,25.144947019490967,0.5431908368252785,2.114559022781473
vrptw,0,3,3,cluster_removal,greedy_insertion,2920623226466974729,5,12,12,25.688137856316246,25.688137856316246,0.0,0.0
vrptw,0,3,3,cluster_removal,regret_2,11933259036400276098,5,12,12,25.688137856316246,25.688137856316246,0.0,0.0
vrptw,0,3,3,cluster_removal,regret_3,548089068894202233,5,12,12,25.688137856316246,25.688137856316246,0.0,0.0
vrptw,0,3,3,cluster_removal,greedy_with_noise,11161190232590034697,5,12,13,25.688137856316246,26.445293180536847,-0.7571553242206015,-2.9474901156933444
vrptw,0,3,3,cluster_removal,best_position_first,16792729652111586386,5,12,12,25.688137856316246,26.43991344843021,-0.7517755921139653,-2.9265476396885552
vrptw,0,3,3,cluster_removal,sequential_insertion,13854800800356188479,5,12,12,25.688137856316246,26.43991344843021,-0.7517755921139653,-2.9265476396885552
vrptw,0,3,3,time_oriented_removal,greedy_insertion,2609207766717431045,5,12,12,25.688137856316246,25.43086453803709,0.25727331827915734,1.0015257614942241
vrptw,0,3,3,time_oriented_removal,regret_2,9082214905870586675,5,12,12,25.688137856316246,25.43086453803709,0.25727331827915734,1.0015257614942241
vrptw,0,3,3,time_oriented_removal,regret_3,6069632189123458611,5,12,12,25.688137856316246,25.441619187989176,0.24651866832707015,0.9596595506686589
vrptw,0,3,3,time_oriented_removal,greedy_with_noise,5501275570887380359,5,12,13,25.688137856316246,26.35569758386817,-0.6675597275519252,-2.5987081324689494
vrptw,0,3,3,time_oriented_removal,best_position_first,4123522608017121679,5,12,13,25.688137856316246,26.35569758386817,-0.6675597275519252,-2.5987081324689494
vrptw,0,3,3,time_oriented_removal,sequential_insertion,13338612815073408724,5,12,13,25.688137856316246,26.443503830797578,-0.7553659744813324,-2.940524450259448
vrptw,0,4,4,random_removal,greedy_insertion,7141936047950585419,5,12,12,24.945213716052322,24.48641909849194,0.45879461756038253,1.8392090073180924
vrptw,0,4,4,random_removal,regret_2,3674726724854597365,5,12,12,24.945213716052322,24.48641909849194,0.45879461756038253,1.8392090073180924
vrptw,0,4,4,random_removal,regret_3,3133759951208432908,5,12,12,24.945213716052322,24.48641909849194,0.45879461756038253,1.8392090073180924
vrptw,0,4,4,random_removal,greedy_with_noise,11176724041368672377,5,12,12,24.945213716052322,24.57198740653512,0.3732263095172037,1.4961840526426575
vrptw,0,4,4,random_removal,best_position_first,18241701767236906124,5,12,12,24.945213716052322,24.48641909849194,0.45879461756038253,1.8392090073180924
vrptw,0,4,4,random_removal,sequential_insertion,6429813997106608748,5,12,12,24.945213716052322,24.48641909849194,0.45879461756038253,1.8392090073180924
vrptw,0,4,4,shaw_removal,greedy_insertion,15506111171901240495,5,12,12,24.945213716052322,24.879761050061887,0.06545266599043487,0.2623856693932266
vrptw,0,4,4,shaw_removal,regret_2,16910046549339621627,5,12,12,24.945213716052322,24.823576423964926,0.12163729208739582,0.48761775894957293
vrptw,0,4,4,shaw_removal,regret_3,9858212334549236857,5,12,12,24.945213716052322,24.634625961054216,0.31058775499810665,1.2450795512657502
vrptw,0,4,4,shaw_removal,greedy_with_noise,11407276974049506417,5,12,12,24.945213716052322,24.879761050061887,0.06545266599043487,0.2623856693932266
vrptw,0,4,4,shaw_removal,best_position_first,15099304480768177519,5,12,12,24.945213716052322,24.879761050061887,0.06545266599043487,0.2623856693932266
vrptw,0,4,4,shaw_removal,sequential_insertion,5447899457395069759,5,12,12,24.945213716052322,24.78750105123954,0.1577126648127809,0.6322361740733146
vrptw,0,4,4,worst_removal,greedy_insertion,7792762354557228108,5,12,12,24.945213716052322,24.911546797416484,0.03366691863583782,0.1349634403579916
vrptw,0,4,4,worst_removal,regret_2,1196601478357714672,5,12,12,24.945213716052322,24.911546797416484,0.03366691863583782,0.1349634403579916
vrptw,0,4,4,worst_removal,regret_3,13546892646924365678,5,12,12,24.945213716052322,24.911546797416484,0.03366691863583782,0.1349634403579916
vrptw,0,4,4,worst_removal,greedy_with_noise,12921476398935305184,5,12,13,24.945213716052322,24.478894113759104,0.46631960229321834,1.869375053672682
vrptw,0,4,4,worst_removal,best_position_first,14846385678534332287,5,12,13,24.945213716052322,25.55662159216994,-0.6114078761176174,-2.4510027577922675
vrptw,0,4,4,worst_removal,sequential_insertion,15771708339067939100,5,12,13,24.945213716052322,25.55662159216994,-0.6114078761176174,-2.4510027577922675
vrptw,0,4,4,route_removal,greedy_insertion,10339432858900714176,5,12,12,24.945213716052322,24.61049041509122,0.3347233009611017,1.341833767275789
vrptw,0,4,4,route_removal,regret_2,136430756071355436,5,12,12,24.945213716052322,24.61049041509122,0.3347233009611017,1.341833767275789
vrptw,0,4,4,route_removal,regret_3,4458581400403468714,5,12,12,24.945213716052322,24.61049041509122,0.3347233009611017,1.341833767275789
vrptw,0,4,4,route_removal,greedy_with_noise,2308875561523421123,5,12,12,24.945213716052322,24.637531795828725,0.3076819202235974,1.2334306842422567
vrptw,0,4,4,route_removal,best_position_first,17200860799418427685,5,12,12,24.945213716052322,24.637531795828725,0.3076819202235974,1.2334306842422567
vrptw,0,4,4,route_removal,sequential_insertion,15256953926112079580,5,12,12,24.945213716052322,24.61049041509122,0.3347233009611017,1.341833767275789
vrptw,0,4,4,cluster_removal,greedy_insertion,6068405367997873502,5,12,12,24.945213716052322,24.657424660737128,0.2877890553151943,1.1536844646474251
vrptw,0,4,4,cluster_removal,regret_2,13597537388301937958,5,12,12,24.945213716052322,24.657424660737128,0.2877890553151943,1.1536844646474251
vrptw,0,4,4,cluster_removal,regret_3,2381029143249480207,5,12,12,24.945213716052322,24.657424660737128,0.2877890553151943,1.1536844646474251
vrptw,0,4,4,cluster_removal,greedy_with_noise,4371275668210317760,5,12,12,24.945213716052322,24.657424660737128,0.2877890553151943,1.1536844646474251
vrptw,0,4,4,cluster_removal,best_position_first,18052396883263036958,5,12,12,24.945213716052322,24.657424660737128,0.2877890553151943,1.1536844646474251
vrptw,0,4,4,cluster_removal,sequential_insertion,2914281729714915609,5,12,12,24.945213716052322,24.657424660737128,0.2877890553151943,1.1536844646474251
vrptw,0,4,4,time_oriented_removal,greedy_insertion,18198890302912403902,5,12,12,24.945213716052322,24.577057755637856,0.36815596041446597,1.4758581129235082
vrptw,0,4,4,time_oriented_removal,regret_2,6071229237042032705,5,12,12,24.945213716052322,24.50121161232911,0.4440021037232107,1.7799089988854013
vrptw,0,4,4,time_oriented_removal,regret_3,7845981668126287268,5,12,12,24.945213716052322,24.50121161232911,0.4440021037232107,1.7799089988854013
vrptw,0,4,4,time_oriented_removal,greedy_with_noise,10151144705113830157,5,12,12,24.945213716052322,24.577057755637856,0.36815596041446597,1.4758581129235082
vrptw,0,4,4,time_oriented_removal,best_position_first,12145490992799431363,5,12,12,24.945213716052322,24.577057755637856,0.36815596041446597,1.4758581129235082
vrptw,0,4,4,time_oriented_removal,sequential_insertion,17609195849210510400,5,12,12,24.945213716052322,24.50121161232911,0.4440021037232107,1.7799089988854013
vrptw,0,5,5,random_removal,greedy_insertion,12208858211411423678,5,13,13,25.362465181450897,25.076724625374023,0.285740556076874,1.1266276918769447
vrptw,0,5,5,random_removal,regret_2,7709124750130317470,5,13,13,25.362465181450897,25.076724625374023,0.285740556076874,1.1266276918769447
vrptw,0,5,5,random_removal,regret_3,7102580738035577857,5,13,13,25.362465181450897,25.076724625374023,0.285740556076874,1.1266276918769447
vrptw,0,5,5,random_removal,greedy_with_noise,2323034753109032367,5,13,13,25.362465181450897,25.30615202168528,0.05631315976561879,0.2220334630830918
vrptw,0,5,5,random_removal,best_position_first,1728629544916790633,5,13,13,25.362465181450897,25.30615202168528,0.05631315976561879,0.2220334630830918
vrptw,0,5,5,random_removal,sequential_insertion,6585153907495409423,5,13,13,25.362465181450897,25.30615202168528,0.05631315976561879,0.2220334630830918
vrptw,0,5,5,shaw_removal,greedy_insertion,2854374318042582676,5,13,13,25.362465181450897,25.362465181450897,0.0,0.0
vrptw,0,5,5,shaw_removal,regret_2,60332125349687403,5,13,13,25.362465181450897,25.362465181450897,0.0,0.0
vrptw,0,5,5,shaw_removal,regret_3,5100858312907813804,5,13,13,25.362465181450897,25.362465181450897,0.0,0.0
vrptw,0,5,5,shaw_removal,greedy_with_noise,9254228648750791858,5,13,13,25.362465181450897,25.362465181450897,0.0,0.0
vrptw,0,5,5,shaw_removal,best_position_first,15992875249161504405,5,13,13,25.362465181450897,25.362465181450897,0.0,0.0
vrptw,0,5,5,shaw_removal,sequential_insertion,6123730312616160192,5,13,13,25.362465181450897,25.362465181450897,0.0,0.0
vrptw,0,5,5,worst_removal,greedy_insertion,9699354771603494514,5,13,13,25.362465181450897,24.148903350494024,1.2135618309568734,4.784873324713027
vrptw,0,5,5,worst_removal,regret_2,16940484824461910971,5,13,13,25.362465181450897,24.148903350494024,1.2135618309568734,4.784873324713027
vrptw,0,5,5,worst_removal,regret_3,13520241302760727005,5,13,13,25.362465181450897,24.148903350494024,1.2135618309568734,4.784873324713027
vrptw,0,5,5,worst_removal,greedy_with_noise,17773156689474451504,5,13,13,25.362465181450897,24.148903350494024,1.2135618309568734,4.784873324713027
vrptw,0,5,5,worst_removal,best_position_first,5219173082706750320,5,13,13,25.362465181450897,24.148903350494024,1.2135618309568734,4.784873324713027
vrptw,0,5,5,worst_removal,sequential_insertion,4518986402625049393,5,13,13,25.362465181450897,24.148903350494024,1.2135618309568734,4.784873324713027
vrptw,0,5,5,route_removal,greedy_insertion,12219995127597193402,5,13,13,25.362465181450897,24.590638347267028,0.7718268341838694,3.0431853869960284
vrptw,0,5,5,route_removal,regret_2,13553341765362040466,5,13,13,25.362465181450897,24.50888880797264,0.8535763734782584,3.3655102821098417
vrptw,0,5,5,route_removal,regret_3,711936720516692879,5,13,13,25.362465181450897,24.50888880797264,0.8535763734782584,3.3655102821098417
vrptw,0,5,5,route_removal,greedy_with_noise,13031414705022657687,5,13,13,25.362465181450897,24.590638347267028,0.7718268341838694,3.0431853869960284
vrptw,0,5,5,route_removal,best_position_first,3779736629972709823,5,13,13,25.362465181450897,24.590638347267028,0.7718268341838694,3.0431853869960284
vrptw,0,5,5,route_removal,sequential_insertion,17278038289301224642,5,13,13,25.362465181450897,24.590638347267028,0.7718268341838694,3.0431853869960284
vrptw,0,5,5,cluster_removal,greedy_insertion,6435945898424248203,5,13,13,25.362465181450897,25.395693407681804,-0.033228226230907154,-0.13101339319022096
vrptw,0,5,5,cluster_removal,regret_2,6509250648886555393,5,13,13,25.362465181450897,25.362465181450897,0.0,0.0
vrptw,0,5,5,cluster_removal,regret_3,3218944519837389948,5,13,13,25.362465181450897,25.362465181450897,0.0,0.0
vrptw,0,5,5,cluster_removal,greedy_with_noise,12277638083851659100,5,13,13,25.362465181450897,25.375209847228117,-0.012744665777219666,-0.05025010654934525
vrptw,0,5,5,cluster_removal,best_position_first,665024629150772281,5,13,13,25.362465181450897,25.36575830877646,-0.0032931273255627502,-0.012984255678628641
vrptw,0,5,5,cluster_removal,sequential_insertion,4243122182988521666,5,13,13,25.362465181450897,25.362465181450897,0.0,0.0
vrptw,0,5,5,time_oriented_removal,greedy_insertion,5280661250565357996,5,13,13,25.362465181450897,25.03127074395113,0.33119443749976796,1.3058448188309015
vrptw,0,5,5,time_oriented_removal,regret_2,312931242523445018,5,13,13,25.362465181450897,24.92975559411495,0.4327095873359461,1.7061022429807524
vrptw,0,5,5,time_oriented_removal,regret_3,12460820483400309580,5,13,13,25.362465181450897,25.027977616625567,0.3344875648253307,1.3188290745095301
vrptw,0,5,5,time_oriented_removal,greedy_with_noise,3480730248169730818,5,13,13,25.362465181450897,25.03127074395113,0.33119443749976796,1.3058448188309015
vrptw,0,5,5,time_oriented_removal,best_position_first,15549893961363067303,5,13,13,25.362465181450897,25.03127074395113,0.33119443749976796,1.3058448188309015
vrptw,0,5,5,time_oriented_removal,sequential_insertion,828097574103725426,5,13,13,25.362465181450897,25.027977616625567,0.3344875648253307,1.3188290745095301
vrptw,1,0,6,random_removal,greedy_insertion,4152896825110475075,5,12,12,23.079554292021918,23.473244593785104,-0.3936903017631863,-1.705796813846081
vrptw,1,0,6,random_removal,regret_2,18263507977894498229,5,12,12,23.079554292021918,23.02067165604323,0.05888263597868715,0.255128999605688
vrptw,1,0,6,random_removal,regret_3,9693969465159953249,5,12,12,23.079554292021918,23.02067165604323,0.05888263597868715,0.255128999605688
vrptw,1,0,6,random_removal,greedy_with_noise,15664022228392909496,5,12,12,23.079554292021918,23.47876614624485,-0.3992118542229335,-1.7297208133734716
vrptw,1,0,6,random_removal,best_position_first,10235933304805795354,5,12,12,23.079554292021918,23.473244593785104,-0.3936903017631863,-1.705796813846081
vrptw,1,0,6,random_removal,sequential_insertion,14032106298511139660,5,12,12,23.079554292021918,23.473244593785104,-0.3936903017631863,-1.705796813846081
vrptw,1,0,6,shaw_removal,greedy_insertion,15260285285321336625,5,12,12,23.079554292021918,23.211062347180604,-0.1315080551586867,-0.5698032704390052
vrptw,1,0,6,shaw_removal,regret_2,13402880565047091799,5,12,12,23.079554292021918,22.65507884468942,0.4244754473324974,1.8391839026078118
vrptw,1,0,6,shaw_removal,regret_3,1724710128060086354,5,12,12,23.079554292021918,22.65507884468942,0.4244754473324974,1.8391839026078118
vrptw,1,0,6,shaw_removal,greedy_with_noise,571143107347287161,5,12,12,23.079554292021918,23.21227795987308,-0.13272366785116319,-0.5750703248937644
vrptw,1,0,6,shaw_removal,best_position_first,47244085506811729,5,12,12,23.079554292021918,23.211062347180604,-0.1315080551586867,-0.5698032704390052
vrptw,1,0,6,shaw_removal,sequential_insertion,18263885957682744038,5,12,12,23.079554292021918,22.65507884468942,0.4244754473324974,1.8391839026078118
vrptw,1,0,6,worst_removal,greedy_insertion,14591460810381804319,5,12,12,23.079554292021918,21.253213277195794,1.8263410148261237,7.913242135085116
vrptw,1,0,6,worst_removal,regret_2,10667385504588921102,5,12,12,23.079554292021918,21.253213277195794,1.8263410148261237,7.913242135085116
vrptw,1,0,6,worst_removal,regret_3,12169907838355408505,5,12,12,23.079554292021918,21.253213277195794,1.8263410148261237,7.913242135085116
vrptw,1,0,6,worst_removal,greedy_with_noise,14759286484786367937,5,12,12,23.079554292021918,21.260297837803176,1.819256454218742,7.882545872420153
vrptw,1,0,6,worst_removal,best_position_first,13999966337958692633,5,12,12,23.079554292021918,21.253213277195794,1.8263410148261237,7.913242135085116
vrptw,1,0,6,worst_removal,sequential_insertion,16009131240700569400,5,12,12,23.079554292021918,21.253213277195794,1.8263410148261237,7.913242135085116
vrptw,1,0,6,route_removal,greedy_insertion,337252897307906190,5,12,12,23.079554292021918,21.988742491061558,1.0908118009603598,4.726312246581941
vrptw,1,0,6,route_removal,regret_2,15188381224968447998,5,12,12,23.079554292021918,21.988742491061558,1.0908118009603598,4.726312246581941
vrptw,1,0,6,route_removal,regret_3,8002662532148347996,5,12,12,23.079554292021918,21.988742491061558,1.0908118009603598,4.726312246581941
vrptw,1,0,6,route_removal,greedy_with_noise,9541740956365654587,5,12,12,23.079554292021918,21.988742491061558,1.0908118009603598,4.726312246581941
vrptw,1,0,6,route_removal,best_position_first,8655487487183905934,5,12,12,23.079554292021918,21.988742491061558,1.0908118009603598,4.726312246581941
vrptw,1,0,6,route_removal,sequential_insertion,14749245472645179169,5,12,12,23.079554292021918,22.498025713263544,0.5815285787583733,2.5196698835704754
vrptw,1,0,6,cluster_removal,greedy_insertion,11342136828360839683,5,12,12,23.079554292021918,23.079554292021918,0.0,0.0
vrptw,1,0,6,cluster_removal,regret_2,17774368330071943890,5,12,12,23.079554292021918,22.987967730254628,0.09158656176728996,0.39682985472102195
vrptw,1,0,6,cluster_removal,regret_3,12547834812701763258,5,12,12,23.079554292021918,22.987967730254628,0.09158656176728996,0.39682985472102195
vrptw,1,0,6,cluster_removal,greedy_with_noise,5109719158931903504,5,12,12,23.079554292021918,24.40951470896285,-1.3299604169409314,-5.762504769863207
vrptw,1,0,6,cluster_removal,best_position_first,14932711705947738879,5,12,12,23.079554292021918,24.40951470896285,-1.3299604169409314,-5.762504769863207
vrptw,1,0,6,cluster_removal,sequential_insertion,6066580703684831888,5,12,12,23.079554292021918,23.079554292021918,0.0,0.0
vrptw,1,0,6,time_oriented_removal,greedy_insertion,2515556267483419303,5,12,12,23.079554292021918,22.214616628376415,0.8649376636455024,3.747635906229315
vrptw,1,0,6,time_oriented_removal,regret_2,11082657608369944334,5,12,12,23.079554292021918,22.191046422593782,0.8885078694281354,3.849761820293352
vrptw,1,0,6,time_oriented_removal,regret_3,17480264798912775544,5,12,12,23.079554292021918,22.191046422593782,0.8885078694281354,3.849761820293352
vrptw,1,0,6,time_oriented_removal,greedy_with_noise,7969587526030307004,5,12,12,23.079554292021918,22.214616628376415,0.8649376636455024,3.747635906229315
vrptw,1,0,6,time_oriented_removal,best_position_first,2600331864762675550,5,12,12,23.079554292021918,22.191046422593782,0.8885078694281354,3.849761820293352
vrptw,1,0,6,time_oriented_removal,sequential_insertion,3255122421964019215,5,12,12,23.079554292021918,22.191046422593782,0.8885078694281354,3.849761820293352
vrptw,1,1,7,random_removal,greedy_insertion,12808734242988203852,5,12,12,18.98835336807454,18.777950923437814,0.21040244463672764,1.1080605071869003
vrptw,1,1,7,random_removal,regret_2,17136231454525320077,5,12,12,18.98835336807454,18.777950923437814,0.21040244463672764,1.1080605071869003
vrptw,1,1,7,random_removal,regret_3,957547288365674803,5,12,12,18.98835336807454,18.777950923437814,0.21040244463672764,1.1080605071869003
vrptw,1,1,7,random_removal,greedy_with_noise,14079635824130196501,5,12,12,18.98835336807454,18.78813159623766,0.20022177183688328,1.0544451535935693
vrptw,1,1,7,random_removal,best_position_first,8673268436685267202,5,12,12,18.98835336807454,18.777950923437814,0.21040244463672764,1.1080605071869003
vrptw,1,1,7,random_removal,sequential_insertion,1202116003465781180,5,12,12,18.98835336807454,18.777950923437814,0.21040244463672764,1.1080605071869003
vrptw,1,1,7,shaw_removal,greedy_insertion,14193066910019600191,5,12,12,18.98835336807454,18.057583738203135,0.9307696298714063,4.901792229316345
vrptw,1,1,7,shaw_removal,regret_2,6075691089144533120,5,12,12,18.98835336807454,18.053568815865244,0.9347845522092975,4.922936360458551
vrptw,1,1,7,shaw_removal,regret_3,13051922433261668447,5,12,12,18.98835336807454,18.053568815865244,0.9347845522092975,4.922936360458551
vrptw,1,1,7,shaw_removal,greedy_with_noise,14910021354557181435,5,12,12,18.98835336807454,18.05535054795296,0.9330028201215832,4.913553071380362
vrptw,1,1,7,shaw_removal,best_position_first,15903421850276472184,5,12,12,18.98835336807454,18.05535054795296,0.9330028201215832,4.913553071380362
vrptw,1,1,7,shaw_removal,sequential_insertion,14046726504087140451,5,12,12,18.98835336807454,18.05535054795296,0.9330028201215832,4.913553071380362
vrptw,1,1,7,worst_removal,greedy_insertion,12023016951835942141,5,12,12,18.98835336807454,18.065347935407218,0.923005432667324,4.860902969181043
vrptw,1,1,7,worst_removal,regret_2,16263808567012090487,5,12,12,18.98835336807454,18.22676632567625,0.7615870423982898,4.010811404419931
vrptw,1,1,7,worst_removal,regret_3,8090124710228329380,5,12,12,18.98835336807454,18.065347935407218,0.923005432667324,4.860902969181043
vrptw,1,1,7,worst_removal,greedy_with_noise,7914963589455144511,5,12,12,18.98835336807454,18.415195802667846,0.5731575654066958,3.018469028337949
vrptw,1,1,7,worst_removal,best_position_first,1804949920721284297,5,12,12,18.98835336807454,18.28813688034179,0.700216487732753,3.687610369154176
vrptw,1,1,7,worst_removal,sequential_insertion,1569649814747808076,5,12,12,18.98835336807454,18.22676632567625,0.7615870423982898,4.010811404419931
vrptw,1,1,7,route_removal,greedy_insertion,12195161395013109629,5,12,12,18.98835336807454,18.398020740898296,0.5903326271762452,3.108919534691102
vrptw,1,1,7,route_removal,regret_2,5229664422537711961,5,12,12,18.98835336807454,18.398020740898296,0.5903326271762452,3.108919534691102
vrptw,1,1,7,route_removal,regret_3,15180824919625836113,5,12,12,18.98835336807454,18.398020740898296,0.5903326271762452,3.108919534691102
vrptw,1,1,7,route_removal,greedy_with_noise,1494821501334693803,5,12,12,18.98835336807454,18.437786956078774,0.5505664119957672,2.8994952923166277
vrptw,1,1,7,route_removal,best_position_first,13873363988968923513,5,12,12,18.98835336807454,18.398020740898296,0.5903326271762452,3.108919534691102
vrptw,1,1,7,route_removal,sequential_insertion,9520614144916023332,5,12,12,18.98835336807454,18.398020740898296,0.5903326271762452,3.108919534691102
vrptw,1,1,7,cluster_removal,greedy_insertion,762856491173513284,5,12,12,18.98835336807454,18.54550137943403,0.4428519886405127,2.332229551747692
vrptw,1,1,7,cluster_removal,regret_2,13282621702594258219,5,12,12,18.98835336807454,18.428705915243686,0.5596474528308555,2.9473195594295225
vrptw,1,1,7,cluster_removal,regret_3,2551628629033771874,5,12,12,18.98835336807454,18.54550137943403,0.4428519886405127,2.332229551747692
vrptw,1,1,7,cluster_removal,greedy_with_noise,13604316511949948742,5,12,12,18.98835336807454,18.428705915243686,0.5596474528308555,2.9473195594295225
vrptw,1,1,7,cluster_removal,best_position_first,14136653817754760447,5,12,12,18.98835336807454,18.428705915243686,0.5596474528308555,2.9473195594295225
vrptw,1,1,7,cluster_removal,sequential_insertion,1270344181747231514,5,12,12,18.98835336807454,18.54550137943403,0.4428519886405127,2.332229551747692
vrptw,1,1,7,time_oriented_removal,greedy_insertion,2131228683160505583,5,12,12,18.98835336807454,19.125383480663615,-0.13703011258907338,-0.7216534784920559
vrptw,1,1,7,time_oriented_removal,regret_2,1554715002056573014,5,12,12,18.98835336807454,18.98835336807454,0.0,0.0
vrptw,1,1,7,time_oriented_removal,regret_3,6535769186717710650,5,12,12,18.98835336807454,18.98835336807454,0.0,0.0
vrptw,1,1,7,time_oriented_removal,greedy_with_noise,9596386994702650172,5,12,12,18.98835336807454,19.200907244295923,-0.21255387622138144,-1.1193907765522844
vrptw,1,1,7,time_oriented_removal,best_position_first,1062967197324538663,5,12,12,18.98835336807454,19.125383480663615,-0.13703011258907338,-0.7216534784920559
vrptw,1,1,7,time_oriented_removal,sequential_insertion,3540764748711400239,5,12,12,18.98835336807454,19.125383480663615,-0.13703011258907338,-0.7216534784920559
vrptw,1,2,8,random_removal,greedy_insertion,17200423020326760863,5,11,11,21.625485351511387,21.009552140189548,0.6159332113218383,2.8481821393145808
vrptw,1,2,8,random_removal,regret_2,10911462672712294148,5,11,11,21.625485351511387,21.009552140189548,0.6159332113218383,2.8481821393145808
vrptw,1,2,8,random_removal,regret_3,11741317807328917696,5,11,11,21.625485351511387,21.009552140189548,0.6159332113218383,2.8481821393145808
vrptw,1,2,8,random_removal,greedy_with_noise,3235730350425206485,5,11,11,21.625485351511387,21.05595060596289,0.5695347455484949,2.6336275754786267
vrptw,1,2,8,random_removal,best_position_first,4236309865395783074,5,11,11,21.625485351511387,21.009552140189548,0.6159332113218383,2.8481821393145808
vrptw,1,2,8,random_removal,sequential_insertion,17751358916741479114,5,11,11,21.625485351511387,21.009552140189548,0.6159332113218383,2.8481821393145808
vrptw,1,2,8,shaw_removal,greedy_insertion,12271317163195662695,5,11,11,21.625485351511387,21.43760148692779,0.18788386458359696,0.8688076199430406
vrptw,1,2,8,shaw_removal,regret_2,4965775633391080438,5,11,12,21.625485351511387,21.415828014766713,0.20965733674467302,0.9694919366515871
vrptw,1,2,8,shaw_removal,regret_3,6676347704265815910,5,11,11,21.625485351511387,21.43760148692779,0.18788386458359696,0.8688076199430406
vrptw,1,2,8,shaw_removal,greedy_with_noise,13872832509993271463,5,11,12,21.625485351511387,21.565649633662876,0.05983571784851094,0.2766907511018201
vrptw,1,2,8,shaw_removal,best_position_first,11164294146831771779,5,11,11,21.625485351511387,21.43760148692779,0.18788386458359696,0.8688076199430406
vrptw,1,2,8,shaw_removal,sequential_insertion,18379430291300333901,5,11,11,21.625485351511387,21.43760148692779,0.18788386458359696,0.8688076199430406
vrptw,1,2,8,worst_removal,greedy_insertion,11437493373362067914,5,11,11,21.625485351511387,20.37940541116128,1.246079940350107,5.762090052989352
vrptw,1,2,8,worst_removal,regret_2,9791732833322739711,5,11,11,21.625485351511387,20.37940541116128,1.246079940350107,5.762090052989352
vrptw,1,2,8,worst_removal,regret_3,5964415122317114283,5,11,11,21.625485351511387,20.37940541116128,1.246079940350107,5.762090052989352
vrptw,1,2,8,worst_removal,greedy_with_noise,14160840230603375530,5,11,11,21.625485351511387,20.37940541116128,1.246079940350107,5.762090052989352
vrptw,1,2,8,worst_removal,best_position_first,7671567666408103079,5,11,11,21.625485351511387,20.37940541116128,1.246079940350107,5.762090052989352
vrptw,1,2,8,worst_removal,sequential_insertion,7100579756156383210,5,11,11,21.625485351511387,20.37940541116128,1.246079940350107,5.762090052989352
vrptw,1,2,8,route_removal,greedy_insertion,7910766508446192201,5,11,11,21.625485351511387,20.75596054163998,0.8695248098714075,4.020833732689551
vrptw,1,2,8,route_removal,regret_2,11988160595168465583,5,11,11,21.625485351511387,20.75596054163998,0.8695248098714075,4.020833732689551
vrptw,1,2,8,route_removal,regret_3,14930755743458897809,5,11,11,21.625485351511387,20.75596054163998,0.8695248098714075,4.020833732689551
vrptw,1,2,8,route_removal,greedy_with_noise,15932672086891808075,5,11,11,21.625485351511387,20.76533022112988,0.8601551303815071,3.9775067074801704
vrptw,1,2,8,route_removal,best_position_first,7734157365184390099,5,11,11,21.625485351511387,20.75596054163998,0.8695248098714075,4.020833732689551
vrptw,1,2,8,route_removal,sequential_insertion,5558064908464245494,5,11,11,21.625485351511387,20.75596054163998,0.8695248098714075,4.020833732689551
vrptw,1,2,8,cluster_removal,greedy_insertion,14715510233098462298,5,11,11,21.625485351511387,21.625485351511387,0.0,0.0
vrptw,1,2,8,cluster_removal,regret_2,1484588435087475175,5,11,11,21.625485351511387,21.625485351511387,0.0,0.0
vrptw,1,2,8,cluster_removal,regret_3,17572798389707882330,5,11,11,21.625485351511387,21.625485351511387,0.0,0.0
vrptw,1,2,8,cluster_removal,greedy_with_noise,6532376225751508202,5,11,11,21.625485351511387,21.625485351511387,0.0,0.0
vrptw,1,2,8,cluster_removal,best_position_first,14575993382247167089,5,11,11,21.625485351511387,21.625485351511387,0.0,0.0
vrptw,1,2,8,cluster_removal,sequential_insertion,18273407366381696034,5,11,11,21.625485351511387,21.625485351511387,0.0,0.0
vrptw,1,2,8,time_oriented_removal,greedy_insertion,10480335153651767423,5,11,11,21.625485351511387,21.034188555854023,0.5912967956573638,2.7342590746340805
vrptw,1,2,8,time_oriented_removal,regret_2,4136125034720887337,5,11,11,21.625485351511387,20.924883561608258,0.7006017899031285,3.23970435120969
vrptw,1,2,8,time_oriented_removal,regret_3,15299142693860192087,5,11,11,21.625485351511387,21.025203398522297,0.6002819529890893,2.7758080026034473
vrptw,1,2,8,time_oriented_removal,greedy_with_noise,6971836093591562118,5,11,11,21.625485351511387,21.05487890122723,0.5706064502841564,2.638583324301099
vrptw,1,2,8,time_oriented_removal,best_position_first,7338388548689894677,5,11,11,21.625485351511387,21.115032382916446,0.5104529685949402,2.3604231780132743
vrptw,1,2,8,time_oriented_removal,sequential_insertion,7677245049603524754,5,11,11,21.625485351511387,21.034188555854023,0.5912967956573638,2.7342590746340805
vrptw,1,3,9,random_removal,greedy_insertion,8661345349967295226,5,11,11,18.653687328840867,18.132914288591824,0.5207730402490434,2.7917967695527146
vrptw,1,3,9,random_removal,regret_2,17140117618464338942,5,11,11,18.653687328840867,18.132914288591824,0.5207730402490434,2.7917967695527146
vrptw,1,3,9,random_removal,regret_3,2169179917524379700,5,11,11,18.653687328840867,18.132914288591824,0.5207730402490434,2.7917967695527146
vrptw,1,3,9,random_removal,greedy_with_noise,2619402686496695809,5,11,11,18.653687328840867,18.132914288591824,0.5207730402490434,2.7917967695527146
vrptw,1,3,9,random_removal,best_position_first,5616634711353282350,5,11,11,18.653687328840867,18.132914288591824,0.5207730402490434,2.7917967695527146
vrptw,1,3,9,random_removal,sequential_insertion,11165275852962711956,5,11,11,18.653687328840867,18.132914288591824,0.5207730402490434,2.7917967695527146
vrptw,1,3,9,shaw_removal,greedy_insertion,9942041946430361602,5,11,12,18.653687328840867,19.19917760387944,-0.5454902750385742,-2.924302661571795
vrptw,1,3,9,shaw_removal,regret_2,15662487211261282357,5,11,11,18.653687328840867,18.45385393038398,0.19983339845688874,1.0712809480189047
vrptw,1,3,9,shaw_removal,regret_3,8098082540741979720,5,11,11,18.653687328840867,18.418055861809005,0.23563146703186177,1.2631897537359646
vrptw,1,3,9,shaw_removal,greedy_with_noise,13816984444115928463,5,11,12,18.653687328840867,18.433289252405775,0.22039807643509235,1.18152552119993
vrptw,1,3,9,shaw_removal,best_position_first,14167179127393462040,5,11,12,18.653687328840867,19.19917760387944,-0.5454902750385742,-2.924302661571795
vrptw,1,3,9,shaw_removal,sequential_insertion,1118766085066427484,5,11,11,18.653687328840867,18.418055861809005,0.23563146703186177,1.2631897537359646
vrptw,1,3,9,worst_removal,greedy_insertion,11789399022930262804,5,11,11,18.653687328840867,17.46188932061193,1.1917980082289361,6.38907464899056
vrptw,1,3,9,worst_removal,regret_2,5413878646528592482,5,11,11,18.653687328840867,17.1176339258979,1.5360534029429687,8.234583199901948
vrptw,1,3,9,worst_removal,regret_3,9861641015321788596,5,11,11,18.653687328840867,17.1176339258979,1.5360534029429687,8.234583199901948
vrptw,1,3,9,worst_removal,greedy_with_noise,14979098257973295930,5,11,11,18.653687328840867,17.46188932061193,1.1917980082289361,6.38907464899056
vrptw,1,3,9,worst_removal,best_position_first,2756593179398207932,5,11,11,18.653687328840867,17.46188932061193,1.1917980082289361,6.38907464899056
vrptw,1,3,9,worst_removal,sequential_insertion,6624386445216841270,5,11,11,18.653687328840867,17.1176339258979,1.5360534029429687,8.234583199901948
vrptw,1,3,9,route_removal,greedy_insertion,13626469950652747436,5,11,11,18.653687328840867,18.755739452446992,-0.10205212360612492,-0.5470882073183458
vrptw,1,3,9,route_removal,regret_2,9530658600377537161,5,11,11,18.653687328840867,18.608605457867252,0.04508187097361471,0.24167806706994957
vrptw,1,3,9,route_removal,regret_3,11413951804005434740,5,11,11,18.653687328840867,18.608605457867252,0.04508187097361471,0.24167806706994957
vrptw,1,3,9,route_removal,greedy_with_noise,17856451847940193191,5,11,11,18.653687328840867,18.774602323928377,-0.12091499508751014,-0.6482096164470434
vrptw,1,3,9,route_removal,best_position_first,17339711012709854029,5,11,11,18.653687328840867,18.774602323928377,-0.12091499508751014,-0.6482096164470434
vrptw,1,3,9,route_removal,sequential_insertion,13222441731818924129,5,11,11,18.653687328840867,18.608605457867252,0.04508187097361471,0.24167806706994957
vrptw,1,3,9,cluster_removal,greedy_insertion,15900933040614500250,5,11,11,18.653687328840867,17.17538168102761,1.478305647813258,7.92500496954089
vrptw,1,3,9,cluster_removal,regret_2,4694498396067114773,5,11,11,18.653687328840867,17.17538168102761,1.478305647813258,7.92500496954089
vrptw,1,3,9,cluster_removal,regret_3,11099170216934481485,5,11,11,18.653687328840867,17.17538168102761,1.478305647813258,7.92500496954089
vrptw,1,3,9,cluster_removal,greedy_with_noise,4715805014214194010,5,11,11,18.653687328840867,17.17538168102761,1.478305647813258,7.92500496954089
vrptw,1,3,9,cluster_removal,best_position_first,14260922317069696047,5,11,11,18.653687328840867,17.17538168102761,1.478305647813258,7.92500496954089
vrptw,1,3,9,cluster_removal,sequential_insertion,12334587467853639259,5,11,11,18.653687328840867,17.17538168102761,1.478305647813258,7.92500496954089
vrptw,1,3,9,time_oriented_removal,greedy_insertion,11227738939596858839,5,11,11,18.653687328840867,18.06240619405122,0.5912811347896465,3.16978152558317
vrptw,1,3,9,time_oriented_removal,regret_2,9610191430178316849,5,11,11,18.653687328840867,18.03320757121369,0.6204797576271766,3.3263115580791336
vrptw,1,3,9,time_oriented_removal,regret_3,7369913254159863932,5,11,11,18.653687328840867,18.03320757121369,0.6204797576271766,3.3263115580791336
vrptw,1,3,9,time_oriented_removal,greedy_with_noise,274935917812946243,5,11,11,18.653687328840867,18.173515401362934,0.480171927477933,2.5741394664395862
vrptw,1,3,9,time_oriented_removal,best_position_first,5703472813004892687,5,11,11,18.653687328840867,18.194205746736138,0.4594815821047291,2.4632212066421566
vrptw,1,3,9,time_oriented_removal,sequential_insertion,3851996620183698311,5,11,11,18.653687328840867,18.17281796312207,0.4808693657187959,2.5778783424514327
vrptw,1,4,10,random_removal,greedy_insertion,4803649861148407785,5,12,12,20.777604361635166,19.839573206777946,0.9380311548572209,4.514626125951506
vrptw,1,4,10,random_removal,regret_2,18164271489297194621,5,12,12,20.777604361635166,19.839573206777946,0.9380311548572209,4.514626125951506
vrptw,1,4,10,random_removal,regret_3,2659375579529676273,5,12,12,20.777604361635166,19.839573206777946,0.9380311548572209,4.514626125951506
vrptw,1,4,10,random_removal,greedy_with_noise,1376579779926041580,5,12,12,20.777604361635166,20.008331590082612,0.7692727715525542,3.702413224177947
vrptw,1,4,10,random_removal,best_position_first,1838340503721346382,5,12,12,20.777604361635166,19.839573206777946,0.9380311548572209,4.514626125951506
vrptw,1,4,10,random_removal,sequential_insertion,14673376559215582395,5,12,12,20.777604361635166,19.839573206777946,0.9380311548572209,4.514626125951506
vrptw,1,4,10,shaw_removal,greedy_insertion,10120640650752857601,5,12,12,20.777604361635166,19.28701595204403,1.4905884095911368,7.174014788458653
vrptw,1,4,10,shaw_removal,regret_2,936894507268363998,5,12,12,20.777604361635166,19.28701595204403,1.4905884095911368,7.174014788458653
vrptw,1,4,10,shaw_removal,regret_3,17620566253481939324,5,12,12,20.777604361635166,19.28701595204403,1.4905884095911368,7.174014788458653
vrptw,1,4,10,shaw_removal,greedy_with_noise,19268927081764171,5,12,12,20.777604361635166,19.292427577621137,1.4851767840140297,7.147969314288881
vrptw,1,4,10,shaw_removal,best_position_first,1433334738483050598,5,12,12,20.777604361635166,19.28701595204403,1.4905884095911368,7.174014788458653
vrptw,1,4,10,shaw_removal,sequential_insertion,7451792716436527581,5,12,12,20.777604361635166,19.28701595204403,1.4905884095911368,7.174014788458653
vrptw,1,4,10,worst_removal,greedy_insertion,18010324746114670079,5,12,12,20.777604361635166,20.517535865577567,0.26006849605759896,1.2516770053519874
vrptw,1,4,10,worst_removal,regret_2,9431302703310301107,5,12,12,20.777604361635166,20.517535865577567,0.26006849605759896,1.2516770053519874
vrptw,1,4,10,worst_removal,regret_3,5404820293869833930,5,12,12,20.777604361635166,20.517535865577567,0.26006849605759896,1.2516770053519874
vrptw,1,4,10,worst_removal,greedy_with_noise,5238766842291678646,5,12,12,20.777604361635166,20.77670392019976,0.0009004414354052415,0.004333711527724836
vrptw,1,4,10,worst_removal,best_position_first,7133332929605627950,5,12,12,20.777604361635166,20.77670392019976,0.0009004414354052415,0.004333711527724836
vrptw,1,4,10,worst_removal,sequential_insertion,1791230888340200149,5,12,12,20.777604361635166,20.517535865577567,0.26006849605759896,1.2516770053519874
vrptw,1,4,10,route_removal,greedy_insertion,2037142330658542689,5,12,12,20.777604361635166,20.33156470563618,0.4460396559989874,2.1467328390494234
vrptw,1,4,10,route_removal,regret_2,2316591248832031035,5,12,12,20.777604361635166,20.33156470563618,0.4460396559989874,2.1467328390494234
vrptw,1,4,10,route_removal,regret_3,11668696664015246377,5,12,12,20.777604361635166,20.33156470563618,0.4460396559989874,2.1467328390494234
vrptw,1,4,10,route_removal,greedy_with_noise,7057286409651728000,5,12,12,20.777604361635166,20.344682596858704,0.43292176477646294,2.0835980762817483
vrptw,1,4,10,route_removal,best_position_first,2109208890873379919,5,12,12,20.777604361635166,20.331880642550562,0.4457237190846044,2.1452122743640816
vrptw,1,4,10,route_removal,sequential_insertion,17683512471666010004,5,12,12,20.777604361635166,20.33156470563618,0.4460396559989874,2.1467328390494234
vrptw,1,4,10,cluster_removal,greedy_insertion,2529808977664794704,5,12,12,20.777604361635166,20.5003417208362,0.27726264079896623,1.334430264303801
vrptw,1,4,10,cluster_removal,regret_2,11924699406329811933,5,12,13,20.777604361635166,20.35386728198178,0.42373707965338525,2.0393933404362783
vrptw,1,4,10,cluster_removal,regret_3,8448185889141341379,5,12,12,20.777604361635166,20.403077823427605,0.37452653820756154,1.8025491855986369
vrptw,1,4,10,cluster_removal,greedy_with_noise,15687024159981296129,5,12,12,20.777604361635166,20.516594064379586,0.2610102972555808,1.2562097762219573
vrptw,1,4,10,cluster_removal,best_position_first,149780981834013770,5,12,13,20.777604361635166,20.484004378195834,0.29359998343933214,1.4130598423630116
vrptw,1,4,10,cluster_removal,sequential_insertion,3905363050448292467,5,12,13,20.777604361635166,20.35386728198178,0.42373707965338525,2.0393933404362783
vrptw,1,4,10,time_oriented_removal,greedy_insertion,10249351601156714468,5,12,12,20.777604361635166,20.214402478476494,0.5632018831586727,2.710619922085905
vrptw,1,4,10,time_oriented_removal,regret_2,1020099964415742610,5,12,12,20.777604361635166,20.214402478476494,0.5632018831586727,2.710619922085905
vrptw,1,4,10,time_oriented_removal,regret_3,9438001250126089877,5,12,12,20.777604361635166,20.214402478476494,0.5632018831586727,2.710619922085905
vrptw,1,4,10,time_oriented_removal,greedy_with_noise,5802202583604497398,5,12,12,20.777604361635166,20.243026024767257,0.5345783368679093,2.572858389078686
vrptw,1,4,10,time_oriented_removal,best_position_first,14466767730083061073,5,12,12,20.777604361635166,20.299411352253344,0.4781930093818225,2.301482890225702
vrptw,1,4,10,time_oriented_removal,sequential_insertion,8162063867568848463,5,12,12,20.777604361635166,20.214402478476494,0.5632018831586727,2.710619922085905
vrptw,1,5,11,random_removal,greedy_insertion,10450311366731057974,5,12,12,19.896676142803827,19.326158960975423,0.5705171818284036,2.8673994476949187
vrptw,1,5,11,random_removal,regret_2,10012354420578684637,5,12,12,19.896676142803827,19.30490848666896,0.5917676561348664,2.974203590024735
vrptw,1,5,11,random_removal,regret_3,82304433477627583,5,12,12,19.896676142803827,19.30490848666896,0.5917676561348664,2.974203590024735
vrptw,1,5,11,random_removal,greedy_with_noise,12640592633721199959,5,12,12,19.896676142803827,19.33919183736151,0.5574843054423155,2.8018966657601494
vrptw,1,5,11,random_removal,best_position_first,11520508295830448491,5,12,12,19.896676142803827,19.326158960975423,0.5705171818284036,2.8673994476949187
vrptw,1,5,11,random_removal,sequential_insertion,875526998518910640,5,12,12,19.896676142803827,19.326158960975423,0.5705171818284036,2.8673994476949187
vrptw,1,5,11,shaw_removal,greedy_insertion,708673795880062348,5,12,12,19.896676142803827,18.85953015548177,1.0371459873220559,5.2126595411121865
vrptw,1,5,11,shaw_removal,regret_2,16299544729909874023,5,12,12,19.896676142803827,18.85953015548177,1.0371459873220559,5.2126595411121865
vrptw,1,5,11,shaw_removal,regret_3,5193957457220749428,5,12,12,19.896676142803827,18.85953015548177,1.0371459873220559,5.2126595411121865
vrptw,1,5,11,shaw_removal,greedy_with_noise,15784760690862212546,5,12,13,19.896676142803827,19.23680705366233,0.6598690891414982,3.3164790159192385
vrptw,1,5,11,shaw_removal,best_position_first,18313520794004867647,5,12,12,19.896676142803827,18.85953015548177,1.0371459873220559,5.2126595411121865
vrptw,1,5,11,shaw_removal,sequential_insertion,12109329253666849943,5,12,12,19.896676142803827,18.85953015548177,1.0371459873220559,5.2126595411121865
vrptw,1,5,11,worst_removal,greedy_insertion,5287081578512937301,5,12,12,19.896676142803827,18.905789196743733,0.990886946060094,4.980163213936993
vrptw,1,5,11,worst_removal,regret_2,3361468091048727799,5,12,12,19.896676142803827,18.905789196743733,0.990886946060094,4.980163213936993
vrptw,1,5,11,worst_removal,regret_3,8973620726068354978,5,12,12,19.896676142803827,18.905789196743733,0.990886946060094,4.980163213936993
vrptw,1,5,11,worst_removal,greedy_with_noise,17792428235048600538,5,12,13,19.896676142803827,19.468870192554988,0.42780595024883894,2.150137777678844
vrptw,1,5,11,worst_removal,best_position_first,7207777719725713654,5,12,13,19.896676142803827,19.487604991620547,0.4090711511832801,2.055977331325422
vrptw,1,5,11,worst_removal,sequential_insertion,13542521642613244001,5,12,13,19.896676142803827,19.79840048003546,0.09827566276836563,0.49393005174841575
vrptw,1,5,11,route_removal,greedy_insertion,11494148351694855495,5,12,12,19.896676142803827,20.41638736346137,-0.5197112206575447,-2.6120504597222003
vrptw,1,5,11,route_removal,regret_2,10544610636094605461,5,12,12,19.896676142803827,19.799412245395235,0.09726389740859176,0.48884495435570474
vrptw,1,5,11,route_removal,regret_3,15840335499413645388,5,12,12,19.896676142803827,19.799412245395235,0.09726389740859176,0.48884495435570474
vrptw,1,5,11,route_removal,greedy_with_noise,1051056950671041976,5,12,12,19.896676142803827,20.525239747004328,-0.628563604200501,-3.159138741009453
vrptw,1,5,11,route_removal,best_position_first,16327737984716491140,5,12,12,19.896676142803827,20.494740118591817,-0.5980639757879906,-3.005848672891511
vrptw,1,5,11,route_removal,sequential_insertion,6298751480534407583,5,12,12,19.896676142803827,19.896676142803827,0.0,0.0
vrptw,1,5,11,cluster_removal,greedy_insertion,14075378138657650635,5,12,12,19.896676142803827,19.049377003871285,0.8472991389325415,4.258495905804801
vrptw,1,5,11,cluster_removal,regret_2,17870632991626726901,5,12,12,19.896676142803827,19.049377003871285,0.8472991389325415,4.258495905804801
vrptw,1,5,11,cluster_removal,regret_3,3542269151400503752,5,12,12,19.896676142803827,19.049377003871285,0.8472991389325415,4.258495905804801
vrptw,1,5,11,cluster_removal,greedy_with_noise,13161297612580738983,5,12,12,19.896676142803827,19.140243040599028,0.7564331022047988,3.801806375977946
vrptw,1,5,11,cluster_removal,best_position_first,97205636114234546,5,12,12,19.896676142803827,19.049377003871285,0.8472991389325415,4.258495905804801
vrptw,1,5,11,cluster_removal,sequential_insertion,12926525497275758339,5,12,12,19.896676142803827,19.07327267418375,0.8234034686200751,4.138397100652821
vrptw,1,5,11,time_oriented_removal,greedy_insertion,696535805406631426,5,12,12,19.896676142803827,19.202384647664598,0.6942914951392289,3.4894848272953283
vrptw,1,5,11,time_oriented_removal,regret_2,6383668076936465458,5,12,12,19.896676142803827,18.86653225387187,1.0301438889319563,5.177467238941494
vrptw,1,5,11,time_oriented_removal,regret_3,3803518164372737243,5,12,12,19.896676142803827,18.86653225387187,1.0301438889319563,5.177467238941494
vrptw,1,5,11,time_oriented_removal,greedy_with_noise,14401512224196731732,5,12,12,19.896676142803827,19.312099924523384,0.5845762182804428,2.9380596743133434
vrptw,1,5,11,time_oriented_removal,best_position_first,1168747167978564536,5,12,12,19.896676142803827,19.202384647664598,0.6942914951392289,3.4894848272953283
vrptw,1,5,11,time_oriented_removal,sequential_insertion,14266385113796765850,5,12,12,19.896676142803827,19.202384647664598,0.6942914951392289,3.4894848272953283
vrptw,2,0,12,random_removal,greedy_insertion,10309921702012790167,5,12,12,22.183298046010712,21.407445481984098,0.7758525640266143,3.4974626514840437
vrptw,2,0,12,random_removal,regret_2,15751598741851334956,5,12,12,22.183298046010712,21.407445481984098,0.7758525640266143,3.4974626514840437
vrptw,2,0,12,random_removal,regret_3,6766873501450024580,5,12,12,22.183298046010712,21.407445481984098,0.7758525640266143,3.4974626514840437
vrptw,2,0,12,random_removal,greedy_with_noise,7759605118917817284,5,12,12,22.183298046010712,21.40795346871102,0.7753445772996912,3.4951727001617945
vrptw,2,0,12,random_removal,best_position_first,10100772964841825028,5,12,12,22.183298046010712,21.407445481984098,0.7758525640266143,3.4974626514840437
vrptw,2,0,12,random_removal,sequential_insertion,15950240288582103482,5,12,12,22.183298046010712,21.407445481984098,0.7758525640266143,3.4974626514840437
vrptw,2,0,12,shaw_removal,greedy_insertion,8047889316529032369,5,12,12,22.183298046010712,21.165310940934077,1.0179871050766351,4.5889799747774775
vrptw,2,0,12,shaw_removal,regret_2,17926383376265420869,5,12,12,22.183298046010712,21.156866022018193,1.0264320239925198,4.627048790777556
vrptw,2,0,12,shaw_removal,regret_3,2150407904372250439,5,12,12,22.183298046010712,21.156866022018193,1.0264320239925198,4.627048790777556
vrptw,2,0,12,shaw_removal,greedy_with_noise,10191487989701177343,5,12,12,22.183298046010712,21.59418315047795,0.589114895532763,2.655668667079489
vrptw,2,0,12,shaw_removal,best_position_first,3891840947575831769,5,12,12,22.183298046010712,21.59418315047795,0.589114895532763,2.655668667079489
vrptw,2,0,12,shaw_removal,sequential_insertion,15805596832045641128,5,12,12,22.183298046010712,21.156866022018193,1.0264320239925198,4.627048790777556
vrptw,2,0,12,worst_removal,greedy_insertion,5830020241887633336,5,12,12,22.183298046010712,21.407445481984098,0.7758525640266143,3.4974626514840437
vrptw,2,0,12,worst_removal,regret_2,9651159397935748159,5,12,12,22.183298046010712,21.407445481984098,0.7758525640266143,3.4974626514840437
vrptw,2,0,12,worst_removal,regret_3,2870020931036901813,5,12,12,22.183298046010712,21.407445481984098,0.7758525640266143,3.4974626514840437
vrptw,2,0,12,worst_removal,greedy_with_noise,12683891650275478921,5,12,12,22.183298046010712,21.407445481984098,0.7758525640266143,3.4974626514840437
vrptw,2,0,12,worst_removal,best_position_first,16660962266783805213,5,12,12,22.183298046010712,21.407445481984098,0.7758525640266143,3.4974626514840437
vrptw,2,0,12,worst_removal,sequential_insertion,11931267701070920040,5,12,12,22.183298046010712,21.407445481984098,0.7758525640266143,3.4974626514840437
vrptw,2,0,12,route_removal,greedy_insertion,5711871652131617099,5,12,12,22.183298046010712,22.361599066607113,-0.1783010205964004,-0.8037624532951935
vrptw,2,0,12,route_removal,regret_2,7863628652484250841,5,12,12,22.183298046010712,22.183298046010712,0.0,0.0
vrptw,2,0,12,route_removal,regret_3,11170356407950670915,5,12,12,22.183298046010712,22.183298046010712,0.0,0.0
vrptw,2,0,12,route_removal,greedy_with_noise,7447002910250520715,5,12,12,22.183298046010712,22.67252263707961,-0.48922459106889704,-2.2053735655274926
vrptw,2,0,12,route_removal,best_position_first,3864595320327144950,5,12,12,22.183298046010712,22.67252263707961,-0.48922459106889704,-2.2053735655274926
vrptw,2,0,12,route_removal,sequential_insertion,16598135322644375306,5,12,12,22.183298046010712,22.183298046010712,0.0,0.0
vrptw,2,0,12,cluster_removal,greedy_insertion,9174876866507216377,5,12,12,22.183298046010712,21.259169546156393,0.9241284998543193,4.16587514596599
vrptw,2,0,12,cluster_removal,regret_2,17265587705672477662,5,12,12,22.183298046010712,21.259169546156393,0.9241284998543193,4.16587514596599
vrptw,2,0,12,cluster_removal,regret_3,1022254316097674580,5,12,12,22.183298046010712,21.259169546156393,0.9241284998543193,4.16587514596599
vrptw,2,0,12,cluster_removal,greedy_with_noise,16171728536927536973,5,12,12,22.183298046010712,21.259169546156393,0.9241284998543193,4.16587514596599
vrptw,2,0,12,cluster_removal,best_position_first,14702711906639998256,5,12,12,22.183298046010712,21.259169546156393,0.9241284998543193,4.16587514596599
vrptw,2,0,12,cluster_removal,sequential_insertion,15709038442391771501,5,12,12,22.183298046010712,21.259169546156393,0.9241284998543193,4.16587514596599
vrptw,2,0,12,time_oriented_removal,greedy_insertion,4090528293643975036,5,12,12,22.183298046010712,22.564378106070237,-0.38108006005952433,-1.7178692693445332
vrptw,2,0,12,time_oriented_removal,regret_2,12977862562189811330,5,12,12,22.183298046010712,22.183298046010712,0.0,0.0
vrptw,2,0,12,time_oriented_removal,regret_3,13033891905455651027,5,12,12,22.183298046010712,22.183298046010712,0.0,0.0
vrptw,2,0,12,time_oriented_removal,greedy_with_noise,13973330129936920913,5,12,12,22.183298046010712,22.564378106070237,-0.38108006005952433,-1.7178692693445332
vrptw,2,0,12,time_oriented_removal,best_position_first,13674155409058952077,5,12,13,22.183298046010712,23.96889786742801,-1.7855998214172963,-8.049298250033681
vrptw,2,0,12,time_oriented_removal,sequential_insertion,5133258956453680552,5,12,13,22.183298046010712,23.350050035923992,-1.1667519899132799,-5.25959660052938
vrptw,2,1,13,random_removal,greedy_insertion,15778211233321413518,5,14,14,21.92980824135875,21.68767370030873,0.24213454105002086,1.1041343288782832
vrptw,2,1,13,random_removal,regret_2,15819136875297394765,5,14,14,21.92980824135875,21.64816201580963,0.281646225549121,1.2843077442781619
vrptw,2,1,13,random_removal,regret_3,2784468740757056070,5,14,14,21.92980824135875,21.64816201580963,0.281646225549121,1.2843077442781619
vrptw,2,1,13,random_removal,greedy_with_noise,10359514376335547406,5,14,14,21.92980824135875,21.64816201580963,0.281646225549121,1.2843077442781619
vrptw,2,1,13,random_removal,best_position_first,8845524898150945865,5,14,14,21.92980824135875,21.64816201580963,0.281646225549121,1.2843077442781619
vrptw,2,1,13,random_removal,sequential_insertion,15141375715862065556,5,14,14,21.92980824135875,21.64816201580963,0.281646225549121,1.2843077442781619
vrptw,2,1,13,shaw_removal,greedy_insertion,1599850271569283618,5,14,14,21.92980824135875,21.750564886542072,0.17924335481667697,0.8173503062312744
vrptw,2,1,13,shaw_removal,regret_2,8562754175159587402,5,14,14,21.92980824135875,21.750564886542072,0.17924335481667697,0.8173503062312744
vrptw,2,1,13,shaw_removal,regret_3,5445453991890983087,5,14,14,21.92980824135875,21.750564886542072,0.17924335481667697,0.8173503062312744
vrptw,2,1,13,shaw_removal,greedy_with_noise,8836067517794667334,5,14,14,21.92980824135875,22.26727370886823,-0.3374654675094817,-1.538843677041531
vrptw,2,1,13,shaw_removal,best_position_first,14873196922329450877,5,14,14,21.92980824135875,22.26727370886823,-0.3374654675094817,-1.538843677041531
vrptw,2,1,13,shaw_removal,sequential_insertion,2076707299780232296,5,14,14,21.92980824135875,22.26727370886823,-0.3374654675094817,-1.538843677041531
vrptw,2,1,13,worst_removal,greedy_insertion,9041897408706478528,5,14,14,21.92980824135875,20.64634337436968,1.2834648669890711,5.852604148943296
vrptw,2,1,13,worst_removal,regret_2,1629131411082025078,5,14,14,21.92980824135875,20.64634337436968,1.2834648669890711,5.852604148943296
vrptw,2,1,13,worst_removal,regret_3,7673847024384825617,5,14,14,21.92980824135875,20.64634337436968,1.2834648669890711,5.852604148943296
vrptw,2,1,13,worst_removal,greedy_with_noise,3313318010156544828,5,14,14,21.92980824135875,20.64634337436968,1.2834648669890711,5.852604148943296
vrptw,2,1,13,worst_removal,best_position_first,2448258660514726131,5,14,14,21.92980824135875,20.64634337436968,1.2834648669890711,5.852604148943296
vrptw,2,1,13,worst_removal,sequential_insertion,10159235220872875452,5,14,14,21.92980824135875,20.64634337436968,1.2834648669890711,5.852604148943296
vrptw,2,1,13,route_removal,greedy_insertion,6828039775885422942,5,14,14,21.92980824135875,21.917002771618417,0.012805469740332143,0.0583929854716264
vrptw,2,1,13,route_removal,regret_2,4147084376328931966,5,14,14,21.92980824135875,21.900068885990283,0.02973935536846639,0.13561156140152264
vrptw,2,1,13,route_removal,regret_3,17071753924496845227,5,14,14,21.92980824135875,21.900068885990283,0.02973935536846639,0.13561156140152264
vrptw,2,1,13,route_removal,greedy_with_noise,17143333307607146523,5,14,14,21.92980824135875,22.007898358455456,-0.07809011709670699,-0.3560911989619322
vrptw,2,1,13,route_removal,best_position_first,2018894742421235513,5,14,14,21.92980824135875,21.921431985235785,0.008376256122964776,0.03819575634577364
vrptw,2,1,13,route_removal,sequential_insertion,8896048833606233567,5,14,14,21.92980824135875,21.900068885990283,0.02973935536846639,0.13561156140152264
vrptw,2,1,13,cluster_removal,greedy_insertion,15534055334064411469,5,14,14,21.92980824135875,21.92980824135875,0.0,0.0
vrptw,2,1,13,cluster_removal,regret_2,14127020896159654672,5,14,14,21.92980824135875,21.92980824135875,0.0,0.0
vrptw,2,1,13,cluster_removal,regret_3,1292466085739708613,5,14,14,21.92980824135875,21.92980824135875,0.0,0.0
vrptw,2,1,13,cluster_removal,greedy_with_noise,2710560012753172707,5,14,14,21.92980824135875,21.96514889480689,-0.035340653448141524,-0.1611534996529995
vrptw,2,1,13,cluster_removal,best_position_first,9471460205374462293,5,14,14,21.92980824135875,21.92980824135875,0.0,0.0
vrptw,2,1,13,cluster_removal,sequential_insertion,11495607660858449580,5,14,14,21.92980824135875,21.92980824135875,0.0,0.0
vrptw,2,1,13,time_oriented_removal,greedy_insertion,14969345513286072658,5,14,14,21.92980824135875,21.554781779090774,0.3750264622679751,1.710121940604524
vrptw,2,1,13,time_oriented_removal,regret_2,18316905243861157977,5,14,14,21.92980824135875,21.554781779090774,0.3750264622679751,1.710121940604524
vrptw,2,1,13,time_oriented_removal,regret_3,8718846286512200094,5,14,14,21.92980824135875,21.563226698006662,0.3665815433520869,1.6716130816900108
vrptw,2,1,13,time_oriented_removal,greedy_with_noise,5111520243905622579,5,14,14,21.92980824135875,21.609628192840034,0.32018004851871495,1.4600221077850926
vrptw,2,1,13,time_oriented_removal,best_position_first,5644474023289613367,5,14,14,21.92980824135875,21.563226698006662,0.3665815433520869,1.6716130816900108
vrptw,2,1,13,time_oriented_removal,sequential_insertion,16471651552795630631,5,14,14,21.92980824135875,21.745226329710462,0.1845819116482872,0.8416941434999555
vrptw,2,2,14,random_removal,greedy_insertion,17941034812181518682,5,13,13,21.98521352714982,21.82862287578949,0.15659065136033234,0.7122544030193592
vrptw,2,2,14,random_removal,regret_2,10666000593694960616,5,13,13,21.98521352714982,21.82862287578949,0.15659065136033234,0.7122544030193592
vrptw,2,2,14,random_removal,regret_3,12690635734252311932,5,13,13,21.98521352714982,21.82862287578949,0.15659065136033234,0.7122544030193592
vrptw,2,2,14,random_removal,greedy_with_noise,6605060914008123197,5,13,13,21.98521352714982,21.844767771037922,0.14044575611189813,0.638819158788064
vrptw,2,2,14,random_removal,best_position_first,17935021133506064542,5,13,13,21.98521352714982,21.82862287578949,0.15659065136033234,0.7122544030193592
vrptw,2,2,14,random_removal,sequential_insertion,2123067999901651528,5,13,13,21.98521352714982,21.82862287578949,0.15659065136033234,0.7122544030193592
vrptw,2,2,14,shaw_removal,greedy_insertion,18010023367626532625,5,13,13,21.98521352714982,21.74347342127099,0.24174010587882933,1.0995576894456875
vrptw,2,2,14,shaw_removal,regret_2,14430658615883743164,5,13,13,21.98521352714982,21.74347342127099,0.24174010587882933,1.0995576894456875
vrptw,2,2,14,shaw_removal,regret_3,1509876490296238835,5,13,13,21.98521352714982,21.74347342127099,0.24174010587882933,1.0995576894456875
vrptw,2,2,14,shaw_removal,greedy_with_noise,3409806719520563946,5,13,13,21.98521352714982,21.884219549192633,0.10099397795718801,0.4593722859797075
vrptw,2,2,14,shaw_removal,best_position_first,13621937475768542260,5,13,13,21.98521352714982,21.74347342127099,0.24174010587882933,1.0995576894456875
vrptw,2,2,14,shaw_removal,sequential_insertion,13794069538954257487,5,13,13,21.98521352714982,21.74347342127099,0.24174010587882933,1.0995576894456875
vrptw,2,2,14,worst_removal,greedy_insertion,15353608708021480141,5,13,14,21.98521352714982,21.8673184749947,0.11789505215512008,0.536247018977232
vrptw,2,2,14,worst_removal,regret_2,8745465655829263688,5,13,14,21.98521352714982,21.700320126437344,0.2848934007124768,1.2958409540151081
vrptw,2,2,14,worst_removal,regret_3,10686143326346196024,5,13,14,21.98521352714982,21.700320126437344,0.2848934007124768,1.2958409540151081
vrptw,2,2,14,worst_removal,greedy_with_noise,13963230965217531752,5,13,14,21.98521352714982,21.713416968456652,0.2717965586931683,1.2362698154262786
vrptw,2,2,14,worst_removal,best_position_first,1770110029294080753,5,13,14,21.98521352714982,21.8673184749947,0.11789505215512008,0.536247018977232
vrptw,2,2,14,worst_removal,sequential_insertion,5270955407923660211,5,13,14,21.98521352714982,21.8673184749947,0.11789505215512008,0.536247018977232
vrptw,2,2,14,route_removal,greedy_insertion,3795171847348598702,5,13,13,21.98521352714982,21.98521352714982,0.0,0.0
vrptw,2,2,14,route_removal,regret_2,16552885004200299437,5,13,13,21.98521352714982,21.98521352714982,0.0,0.0
vrptw,2,2,14,route_removal,regret_3,13379164594617827152,5,13,13,21.98521352714982,21.98521352714982,0.0,0.0
vrptw,2,2,14,route_removal,greedy_with_noise,1816935620457425651,5,13,14,21.98521352714982,24.001897882435554,-2.016684355285733,-9.172912297600856
vrptw,2,2,14,route_removal,best_position_first,12199215770683796740,5,13,13,21.98521352714982,23.960884791130855,-1.9756712639810345,-8.986363773730252
vrptw,2,2,14,route_removal,sequential_insertion,10394388733157402975,5,13,13,21.98521352714982,21.98521352714982,0.0,0.0
vrptw,2,2,14,cluster_removal,greedy_insertion,8365844526076823035,5,13,13,21.98521352714982,22.127504588007607,-0.14229106085778653,-0.647212548934626
vrptw,2,2,14,cluster_removal,regret_2,7120979535833385284,5,13,13,21.98521352714982,21.976768608233936,0.008444918915884614,0.038411812127527784
vrptw,2,2,14,cluster_removal,regret_3,12159326992562028056,5,13,13,21.98521352714982,21.98521352714982,0.0,0.0
vrptw,2,2,14,cluster_removal,greedy_with_noise,2897326028105812807,5,13,13,21.98521352714982,22.227348068199845,-0.2421345410500244,-1.1013517824196222
vrptw,2,2,14,cluster_removal,best_position_first,14627019548648547959,5,13,13,21.98521352714982,22.12728785059987,-0.1420743234500499,-0.6462267163091252
vrptw,2,2,14,cluster_removal,sequential_insertion,4926765533894692519,5,13,13,21.98521352714982,22.127504588007607,-0.14229106085778653,-0.647212548934626
vrptw,2,2,14,time_oriented_removal,greedy_insertion,8993565315947996584,5,13,13,21.98521352714982,21.873788526158524,0.11142500099129649,0.5068179158401002
vrptw,2,2,14,time_oriented_removal,regret_2,7691318330664534637,5,13,13,21.98521352714982,21.865343607242636,0.11986991990718465,0.545229727967644
vrptw,2,2,14,time_oriented_removal,regret_3,5990091328308386223,5,13,13,21.98521352714982,21.873788526158524,0.11142500099129649,0.5068179158401002
vrptw,2,2,14,time_oriented_removal,greedy_with_noise,14978302575157819710,5,13,14,21.98521352714982,22.002450719135474,-0.017237191985653766,-0.07840356867295074
vrptw,2,2,14,time_oriented_removal,best_position_first,4966245698923151805,5,13,13,21.98521352714982,21.873788526158524,0.11142500099129649,0.5068179158401002
vrptw,2,2,14,time_oriented_removal,sequential_insertion,7931241490665332880,5,13,13,21.98521352714982,21.873788526158524,0.11142500099129649,0.5068179158401002
vrptw,2,3,15,random_removal,greedy_insertion,16371433708081947084,5,13,14,22.923229122529126,22.245573823404527,0.6776552991245985,2.9561947642821127
vrptw,2,3,15,random_removal,regret_2,2775718477600605021,5,13,14,22.923229122529126,22.245573823404527,0.6776552991245985,2.9561947642821127
vrptw,2,3,15,random_removal,regret_3,627764960208603398,5,13,14,22.923229122529126,22.245573823404527,0.6776552991245985,2.9561947642821127
vrptw,2,3,15,random_removal,greedy_with_noise,3983763927196450354,5,13,14,22.923229122529126,22.25581406046355,0.6674150620655759,2.911522885794634
vrptw,2,3,15,random_removal,best_position_first,5746043760668806980,5,13,14,22.923229122529126,22.245573823404527,0.6776552991245985,2.9561947642821127
vrptw,2,3,15,random_removal,sequential_insertion,2363381954352844129,5,13,14,22.923229122529126,22.245573823404527,0.6776552991245985,2.9561947642821127
vrptw,2,3,15,shaw_removal,greedy_insertion,9703366024319187128,5,13,13,22.923229122529126,23.006006267372918,-0.08277714484379217,-0.36110595240021465
vrptw,2,3,15,shaw_removal,regret_2,9694204865453677727,5,13,13,22.923229122529126,22.923229122529126,0.0,0.0
vrptw,2,3,15,shaw_removal,regret_3,16549403292430138868,5,13,13,22.923229122529126,22.923229122529126,0.0,0.0
vrptw,2,3,15,shaw_removal,greedy_with_noise,16977838880019052007,5,13,13,22.923229122529126,23.232877603809243,-0.30964848128011724,-1.350806553583641
vrptw,2,3,15,shaw_removal,best_position_first,13842295065748612230,5,13,13,22.923229122529126,23.232877603809243,-0.30964848128011724,-1.350806553583641
vrptw,2,3,15,shaw_removal,sequential_insertion,13763447682293703638,5,13,13,22.923229122529126,23.046476609126923,-0.12324748659779772,-0.5376532509404146
vrptw,2,3,15,worst_removal,greedy_insertion,4594619372862211366,5,13,14,22.923229122529126,22.48172819369219,0.44150092883693404,1.925997975577636
vrptw,2,3,15,worst_removal,regret_2,11899640087799788561,5,13,13,22.923229122529126,22.479951494311923,0.44327762821720285,1.933748626111084
vrptw,2,3,15,worst_removal,regret_3,11382987792202826892,5,13,13,22.923229122529126,22.479951494311923,0.44327762821720285,1.933748626111084
vrptw,2,3,15,worst_removal,greedy_with_noise,6756443339653102036,5,13,14,22.923229122529126,22.56549465876035,0.35773446376877516,1.5605762253503412
vrptw,2,3,15,worst_removal,best_position_first,8118758427881861794,5,13,14,22.923229122529126,22.56549465876035,0.35773446376877516,1.5605762253503412
vrptw,2,3,15,worst_removal,sequential_insertion,9632540258259414609,5,13,13,22.923229122529126,22.479951494311923,0.44327762821720285,1.933748626111084
vrptw,2,3,15,route_removal,greedy_insertion,12436133401097673750,5,13,13,22.923229122529126,22.297923898622432,0.6253052239066932,2.7278234692168146
vrptw,2,3,15,route_removal,regret_2,10715842173808515112,5,13,13,22.923229122529126,22.297923898622432,0.6253052239066932,2.7278234692168146
vrptw,2,3,15,route_removal,regret_3,1978579052053310274,5,13,13,22.923229122529126,22.38455729519827,0.5386718273308553,2.34989505384058
vrptw,2,3,15,route_removal,greedy_with_noise,6717931185981105355,5,13,12,22.923229122529126,22.368979103484833,0.5542500190442929,2.417853157082358
vrptw,2,3,15,route_removal,best_position_first,8146167283341788121,5,13,13,22.923229122529126,22.297923898622432,0.6253052239066932,2.7278234692168146
vrptw,2,3,15,route_removal,sequential_insertion,14526610854619499031,5,13,13,22.923229122529126,22.297923898622432,0.6253052239066932,2.7278234692168146
vrptw,2,3,15,cluster_removal,greedy_insertion,12136301587968537621,5,13,13,22.923229122529126,22.271995610329448,0.6512335121996777,2.840932700705942
vrptw,2,3,15,cluster_removal,regret_2,15151438407452295970,5,13,13,22.923229122529126,22.242275272668678,0.6809538498604475,2.9705843196026898
vrptw,2,3,15,cluster_removal,regret_3,16767370625273904537,5,13,13,22.923229122529126,22.242275272668678,0.6809538498604475,2.9705843196026898
vrptw,2,3,15,cluster_removal,greedy_with_noise,8060349164388751349,5,13,13,22.923229122529126,22.49561593957573,0.42761318295339734,1.8654142514901437
vrptw,2,3,15,cluster_removal,best_position_first,17165951893421205542,5,13,13,22.923229122529126,22.43801892833686,0.4852101941922662,2.116674712793399
vrptw,2,3,15,cluster_removal,sequential_insertion,5038846646637365911,5,13,13,22.923229122529126,22.271995610329448,0.6512335121996777,2.840932700705942
vrptw,2,3,15,time_oriented_removal,greedy_insertion,7944217367871590130,5,13,13,22.923229122529126,23.325163338796436,-0.4019342162673105,-1.7533926573734173
vrptw,2,3,15,time_oriented_removal,regret_2,4944830420477631991,5,13,13,22.923229122529126,22.90863860746513,0.01459051506399689,0.06364947532482332
vrptw,2,3,15,time_oriented_removal,regret_3,13315624636728719214,5,13,13,22.923229122529126,22.878951620404973,0.044277502124153045,0.19315560599024323
vrptw,2,3,15,time_oriented_removal,greedy_with_noise,17739606628492902282,5,13,13,22.923229122529126,23.325163338796436,-0.4019342162673105,-1.7533926573734173
vrptw,2,3,15,time_oriented_removal,best_position_first,10410673032400546350,5,13,13,22.923229122529126,23.13413456833667,-0.2109054458075441,-0.9200512051780027
vrptw,2,3,15,time_oriented_removal,sequential_insertion,18304638064346038393,5,13,13,22.923229122529126,23.195117182950202,-0.2718880604210767,-1.1860809791141644
vrptw,2,4,16,random_removal,greedy_insertion,13777227007966309907,5,13,13,23.08227435598791,22.87385406085204,0.2084202951358698,0.9029452294063139
vrptw,2,4,16,random_removal,regret_2,3206269408261968522,5,13,13,23.08227435598791,22.776670475523687,0.30560388046422204,1.3239764667511784
vrptw,2,4,16,random_removal,regret_3,625402847126822672,5,13,13,23.08227435598791,22.776670475523687,0.30560388046422204,1.3239764667511784
vrptw,2,4,16,random_removal,greedy_with_noise,8870674677690873850,5,13,13,23.08227435598791,22.781020308545855,0.301254047442054,1.3051315602437759
vrptw,2,4,16,random_removal,best_position_first,11651782523520491650,5,13,14,23.08227435598791,23.516060727970657,-0.43378637198274816,-1.8793051555173854
vrptw,2,4,16,random_removal,sequential_insertion,2311591275844770285,5,13,13,23.08227435598791,22.776670475523687,0.30560388046422204,1.3239764667511784
vrptw,2,4,16,shaw_removal,greedy_insertion,2784495706560876982,5,13,13,23.08227435598791,23.019454890038727,0.06281946594918253,0.27215457619273187
vrptw,2,4,16,shaw_removal,regret_2,6246365950670668354,5,13,13,23.08227435598791,23.019454890038727,0.06281946594918253,0.27215457619273187
vrptw,2,4,16,shaw_removal,regret_3,1383504367077669676,5,13,13,23.08227435598791,23.019454890038727,0.06281946594918253,0.27215457619273187
vrptw,2,4,16,shaw_removal,greedy_with_noise,11912450230111812620,5,13,13,23.08227435598791,23.222662390352102,-0.140388034364193,-0.6082071125186765
vrptw,2,4,16,shaw_removal,best_position_first,15644131711404852238,5,13,13,23.08227435598791,23.222662390352102,-0.140388034364193,-0.6082071125186765
vrptw,2,4,16,shaw_removal,sequential_insertion,13308574030138398098,5,13,13,23.08227435598791,23.222662390352102,-0.140388034364193,-0.6082071125186765
vrptw,2,4,16,worst_removal,greedy_insertion,2412094820342587306,5,13,14,23.08227435598791,23.07600660884102,0.006267747146889491,0.027153940942841005
vrptw,2,4,16,worst_removal,regret_2,12323608721215960,5,13,13,23.08227435598791,22.33661635639405,0.7456579995938597,3.230435563211405
vrptw,2,4,16,worst_removal,regret_3,3617585671538073949,5,13,13,23.08227435598791,22.33661635639405,0.7456579995938597,3.230435563211405
vrptw,2,4,16,worst_removal,greedy_with_noise,16951945849070639328,5,13,14,23.08227435598791,23.49826930127755,-0.4159949452896399,-1.80222684677398
vrptw,2,4,16,worst_removal,best_position_first,13913906909649199556,5,13,15,23.08227435598791,24.609030629273793,-1.5267562732858835,-6.614410043565827
vrptw,2,4,16,worst_removal,sequential_insertion,18096980956837771916,5,13,14,23.08227435598791,23.49826930127755,-0.4159949452896399,-1.80222684677398
vrptw,2,4,16,route_removal,greedy_insertion,847684665314872933,5,13,13,23.08227435598791,23.08227435598791,0.0,0.0
vrptw,2,4,16,route_removal,regret_2,9165947924313283955,5,13,13,23.08227435598791,23.08227435598791,0.0,0.0
vrptw,2,4,16,route_removal,regret_3,1391091199679765309,5,13,13,23.08227435598791,23.08227435598791,0.0,0.0
vrptw,2,4,16,route_removal,greedy_with_noise,577637494463142508,5,13,13,23.08227435598791,23.08227435598791,0.0,0.0
vrptw,2,4,16,route_removal,best_position_first,8289651270181217510,5,13,13,23.08227435598791,23.08227435598791,0.0,0.0
vrptw,2,4,16,route_removal,sequential_insertion,1342853054052620812,5,13,13,23.08227435598791,23.08227435598791,0.0,0.0
vrptw,2,4,16,cluster_removal,greedy_insertion,15315743932409952615,5,13,13,23.08227435598791,22.284613744889796,0.797660611098113,3.4557279702863735
vrptw,2,4,16,cluster_removal,regret_2,3455630569655658344,5,13,13,23.08227435598791,22.276168825973908,0.8061055300140012,3.4923141350015388
vrptw,2,4,16,cluster_removal,regret_3,17118729812816219923,5,13,13,23.08227435598791,22.284613744889796,0.797660611098113,3.4557279702863735
vrptw,2,4,16,cluster_removal,greedy_with_noise,8425058144736764324,5,13,13,23.08227435598791,22.284613744889796,0.797660611098113,3.4557279702863735
vrptw,2,4,16,cluster_removal,best_position_first,11986701235300724900,5,13,13,23.08227435598791,22.284613744889796,0.797660611098113,3.4557279702863735
vrptw,2,4,16,cluster_removal,sequential_insertion,8880609012253842833,5,13,13,23.08227435598791,22.284613744889796,0.797660611098113,3.4557279702863735
vrptw,2,4,16,time_oriented_removal,greedy_insertion,2246307586469290154,5,13,13,23.08227435598791,22.95396221252832,0.1283121434595884,0.555890383593427
vrptw,2,4,16,time_oriented_removal,regret_2,15650470158940318204,5,13,13,23.08227435598791,22.95396221252832,0.1283121434595884,0.555890383593427
vrptw,2,4,16,time_oriented_removal,regret_3,18279075084327542969,5,13,13,23.08227435598791,22.95396221252832,0.1283121434595884,0.555890383593427
vrptw,2,4,16,time_oriented_removal,greedy_with_noise,9256350703401545852,5,13,13,23.08227435598791,22.95396221252832,0.1283121434595884,0.555890383593427
vrptw,2,4,16,time_oriented_removal,best_position_first,17856107798847028241,5,13,13,23.08227435598791,22.95396221252832,0.1283121434595884,0.555890383593427
vrptw,2,4,16,time_oriented_removal,sequential_insertion,11077789666250057749,5,13,13,23.08227435598791,22.95396221252832,0.1283121434595884,0.555890383593427
vrptw,2,5,17,random_removal,greedy_insertion,6408963253213649111,5,13,13,21.961999019687518,21.33818589191781,0.6238131277697079,2.840420524609347
vrptw,2,5,17,random_removal,regret_2,17131130473254207499,5,13,13,21.961999019687518,21.33818589191781,0.6238131277697079,2.840420524609347
vrptw,2,5,17,random_removal,regret_3,745471127627854247,5,13,13,21.961999019687518,21.33818589191781,0.6238131277697079,2.840420524609347
vrptw,2,5,17,random_removal,greedy_with_noise,17519005610843909195,5,13,13,21.961999019687518,21.35536837610466,0.6066306435828572,2.762183183047463
vrptw,2,5,17,random_removal,best_position_first,7250100990255399257,5,13,13,21.961999019687518,21.33818589191781,0.6238131277697079,2.840420524609347
vrptw,2,5,17,random_removal,sequential_insertion,8811011843989244544,5,13,13,21.961999019687518,21.33818589191781,0.6238131277697079,2.840420524609347
vrptw,2,5,17,shaw_removal,greedy_insertion,13236689034686501822,5,13,13,21.961999019687518,22.034182772838353,-0.07218375315083492,-0.3286756960790629
vrptw,2,5,17,shaw_removal,regret_2,7978500236460567718,5,13,13,21.961999019687518,21.961999019687518,0.0,0.0
vrptw,2,5,17,shaw_removal,regret_3,2744635820743178064,5,13,13,21.961999019687518,21.961999019687518,0.0,0.0
vrptw,2,5,17,shaw_removal,greedy_with_noise,14740149053398827664,5,13,13,21.961999019687518,22.094297841378577,-0.13229882169105878,-0.6023988142994697
vrptw,2,5,17,shaw_removal,best_position_first,11496687694912941292,5,13,13,21.961999019687518,22.034182772838353,-0.07218375315083492,-0.3286756960790629
vrptw,2,5,17,shaw_removal,sequential_insertion,7179896657364050960,5,13,13,21.961999019687518,22.034182772838353,-0.07218375315083492,-0.3286756960790629
vrptw,2,5,17,worst_removal,greedy_insertion,2388437194774850990,5,13,14,21.961999019687518,22.720105108088926,-0.7581060884014086,-3.451899290778655
vrptw,2,5,17,worst_removal,regret_2,192730483003683413,5,13,13,21.961999019687518,21.91157812162084,0.0504208980666796,0.22958246205857905
vrptw,2,5,17,worst_removal,regret_3,1306800761094714748,5,13,13,21.961999019687518,21.91157812162084,0.0504208980666796,0.22958246205857905
vrptw,2,5,17,worst_removal,greedy_with_noise,3165748773249281783,5,13,14,21.961999019687518,22.881609154773606,-0.9196101350860886,-4.187278827677377
vrptw,2,5,17,worst_removal,best_position_first,6867491367509898805,5,13,15,21.961999019687518,23.660415803580925,-1.698416783893407,-7.733434385325697
vrptw,2,5,17,worst_removal,sequential_insertion,17458459736398034110,5,13,14,21.961999019687518,22.720105108088926,-0.7581060884014086,-3.451899290778655
vrptw,2,5,17,route_removal,greedy_insertion,5854645334640908328,5,13,13,21.961999019687518,22.282039894686747,-0.3200408749992292,-1.4572483803151668
vrptw,2,5,17,route_removal,regret_2,4547287310201674035,5,13,13,21.961999019687518,21.930131380144775,0.03186763954274241,0.1451035468773818
vrptw,2,5,17,route_removal,regret_3,16377605736558261210,5,13,13,21.961999019687518,21.930131380144775,0.03186763954274241,0.1451035468773818
vrptw,2,5,17,route_removal,greedy_with_noise,5262560141899623280,5,13,13,21.961999019687518,22.083197396914105,-0.12119837722658744,-0.55185494324966
vrptw,2,5,17,route_removal,best_position_first,13622112312823864367,5,13,13,21.961999019687518,22.041913937688868,-0.07991491800135009,-0.3638781603155137
vrptw,2,5,17,route_removal,sequential_insertion,13364739744534666397,5,13,13,21.961999019687518,22.282039894686747,-0.3200408749992292,-1.4572483803151668
vrptw,2,5,17,cluster_removal,greedy_insertion,17879686911785407736,5,13,14,21.961999019687518,22.670488867413546,-0.7084898477260282,-3.225980690969491
vrptw,2,5,17,cluster_removal,regret_2,9145937200765624451,5,13,13,21.961999019687518,21.961999019687518,0.0,0.0
vrptw,2,5,17,cluster_removal,regret_3,1228885891569471066,5,13,13,21.961999019687518,21.961999019687518,0.0,0.0
vrptw,2,5,17,cluster_removal,greedy_with_noise,5897482204037220837,5,13,13,21.961999019687518,22.014450940278508,-0.05245192059098969,-0.23883035667185815
vrptw,2,5,17,cluster_removal,best_position_first,14570562715765406835,5,13,13,21.961999019687518,22.071907720054025,-0.1099087003665069,-0.5004494366290647
vrptw,2,5,17,cluster_removal,sequential_insertion,14280075780868745430,5,13,13,21.961999019687518,22.014450940278508,-0.05245192059098969,-0.23883035667185815
vrptw,2,5,17,time_oriented_removal,greedy_insertion,1856697082080225324,5,13,13,21.961999019687518,21.95385427259374,0.008144747093776772,0.03708563635976639
vrptw,2,5,17,time_oriented_removal,regret_2,7605450632014505517,5,13,13,21.961999019687518,21.95385427259374,0.008144747093776772,0.03708563635976639
vrptw,2,5,17,time_oriented_removal,regret_3,4458367635110358045,5,13,13,21.961999019687518,21.95385427259374,0.008144747093776772,0.03708563635976639
vrptw,2,5,17,time_oriented_removal,greedy_with_noise,17614202084664633605,5,13,13,21.961999019687518,22.96350509629782,-1.0015060766103012,-4.5601772211742455
vrptw,2,5,17,time_oriented_removal,best_position_first,5178033642238149806,5,13,13,21.961999019687518,21.961999019687518,0.0,0.0
vrptw,2,5,17,time_oriented_removal,sequential_insertion,17404271474513329759,5,13,13,21.961999019687518,21.95385427259374,0.008144747093776772,0.03708563635976639
vrptw,3,0,18,random_removal,greedy_insertion,9133233983895327458,5,12,12,18.582933265835134,18.53970267778054,0.043230588054594676,0.23263597536603356
vrptw,3,0,18,random_removal,regret_2,18108698011843357364,5,12,12,18.582933265835134,18.53970267778054,0.043230588054594676,0.23263597536603356
vrptw,3,0,18,random_removal,regret_3,250203649236570299,5,12,12,18.582933265835134,18.53970267778054,0.043230588054594676,0.23263597536603356
vrptw,3,0,18,random_removal,greedy_with_noise,8243479852654183113,5,12,12,18.582933265835134,18.587640628775915,-0.004707362940781223,-0.025331646373803356
vrptw,3,0,18,random_removal,best_position_first,8772465486150629276,5,12,12,18.582933265835134,18.53970267778054,0.043230588054594676,0.23263597536603356
vrptw,3,0,18,random_removal,sequential_insertion,8192248362189632493,5,12,12,18.582933265835134,18.53970267778054,0.043230588054594676,0.23263597536603356
vrptw,3,0,18,shaw_removal,greedy_insertion,9554901793118259311,5,12,12,18.582933265835134,18.192184263622902,0.39074900221223174,2.1027304819020514
vrptw,3,0,18,shaw_removal,regret_2,8529144047827780630,5,12,12,18.582933265835134,18.19062254832797,0.39231071750716495,2.1111345119472134
vrptw,3,0,18,shaw_removal,regret_3,9144648598967490575,5,12,12,18.582933265835134,18.191503967289957,0.3914292985451766,2.106391348156119
vrptw,3,0,18,shaw_removal,greedy_with_noise,8036454237675896542,5,12,12,18.582933265835134,18.192184263622902,0.39074900221223174,2.1027304819020514
vrptw,3,0,18,shaw_removal,best_position_first,5271777248091494752,5,12,12,18.582933265835134,18.310743473711824,0.27218979212331007,1.464729966090623
vrptw,3,0,18,shaw_removal,sequential_insertion,11572408765794478772,5,12,12,18.582933265835134,18.192184263622902,0.39074900221223174,2.1027304819020514
vrptw,3,0,18,worst_removal,greedy_insertion,18267396387363309995,5,12,11,18.582933265835134,17.11253301627603,1.4704002495591055,7.9126380562451235
vrptw,3,0,18,worst_removal,regret_2,16576143225020342175,5,12,11,18.582933265835134,17.11253301627603,1.4704002495591055,7.9126380562451235
vrptw,3,0,18,worst_removal,regret_3,15906570878040026603,5,12,11,18.582933265835134,17.11253301627603,1.4704002495591055,7.9126380562451235
vrptw,3,0,18,worst_removal,greedy_with_noise,9060814362630383290,5,12,11,18.582933265835134,17.11253301627603,1.4704002495591055,7.9126380562451235
vrptw,3,0,18,worst_removal,best_position_first,13729533141545964667,5,12,11,18.582933265835134,17.11253301627603,1.4704002495591055,7.9126380562451235
vrptw,3,0,18,worst_removal,sequential_insertion,5001025476089847479,5,12,11,18.582933265835134,17.11253301627603,1.4704002495591055,7.9126380562451235
vrptw,3,0,18,route_removal,greedy_insertion,9326666880745357578,5,12,12,18.582933265835134,18.582933265835134,0.0,0.0
vrptw,3,0,18,route_removal,regret_2,12694644872327073851,5,12,12,18.582933265835134,18.582933265835134,0.0,0.0
vrptw,3,0,18,route_removal,regret_3,4924371392840859540,5,12,12,18.582933265835134,18.582933265835134,0.0,0.0
vrptw,3,0,18,route_removal,greedy_with_noise,11585857440488444066,5,12,12,18.582933265835134,18.656205202521036,-0.07327193668590226,-0.3942969370751241
vrptw,3,0,18,route_removal,best_position_first,18234295150297296949,5,12,12,18.582933265835134,18.582933265835134,0.0,0.0
vrptw,3,0,18,route_removal,sequential_insertion,12953168913580387959,5,12,12,18.582933265835134,18.582933265835134,0.0,0.0
vrptw,3,0,18,cluster_removal,greedy_insertion,7084341856783661988,5,12,12,18.582933265835134,18.582933265835134,0.0,0.0
vrptw,3,0,18,cluster_removal,regret_2,13613584807345153208,5,12,12,18.582933265835134,18.582933265835134,0.0,0.0
vrptw,3,0,18,cluster_removal,regret_3,18065470566270133625,5,12,12,18.582933265835134,18.582933265835134,0.0,0.0
vrptw,3,0,18,cluster_removal,greedy_with_noise,1979776126590785922,5,12,12,18.582933265835134,18.587640628775915,-0.004707362940781223,-0.025331646373803356
vrptw,3,0,18,cluster_removal,best_position_first,5609892258289318241,5,12,12,18.582933265835134,18.582933265835134,0.0,0.0
vrptw,3,0,18,cluster_removal,sequential_insertion,9385891426217136473,5,12,12,18.582933265835134,18.582933265835134,0.0,0.0
vrptw,3,0,18,time_oriented_removal,greedy_insertion,8757086163440576272,5,12,12,18.582933265835134,18.34160343980381,0.24132982603132547,1.2986637931645173
vrptw,3,0,18,time_oriented_removal,regret_2,1413749424990839353,5,12,12,18.582933265835134,18.34160343980381,0.24132982603132547,1.2986637931645173
vrptw,3,0,18,time_oriented_removal,regret_3,12621195793690671680,5,12,12,18.582933265835134,18.34160343980381,0.24132982603132547,1.2986637931645173
vrptw,3,0,18,time_oriented_removal,greedy_with_noise,15217671196265608508,5,12,12,18.582933265835134,18.34160343980381,0.24132982603132547,1.2986637931645173
vrptw,3,0,18,time_oriented_removal,best_position_first,13972034176112260008,5,12,12,18.582933265835134,18.34160343980381,0.24132982603132547,1.2986637931645173
vrptw,3,0,18,time_oriented_removal,sequential_insertion,17817760366849588505,5,12,12,18.582933265835134,18.34160343980381,0.24132982603132547,1.2986637931645173
vrptw,3,1,19,random_removal,greedy_insertion,16155485519374772706,5,12,12,19.918050652075475,19.211628988854265,0.7064216632212101,3.5466405601674706
vrptw,3,1,19,random_removal,regret_2,5825890600089691335,5,12,12,19.918050652075475,19.148411430430574,0.7696392216449013,3.8640288404161898
vrptw,3,1,19,random_removal,regret_3,8810597703921465408,5,12,12,19.918050652075475,19.148411430430574,0.7696392216449013,3.8640288404161898
vrptw,3,1,19,random_removal,greedy_with_noise,13282090589187517807,5,12,12,19.918050652075475,19.211628988854265,0.7064216632212101,3.5466405601674706
vrptw,3,1,19,random_removal,best_position_first,12719543769166724869,5,12,12,19.918050652075475,19.211628988854265,0.7064216632212101,3.5466405601674706
vrptw,3,1,19,random_removal,sequential_insertion,11295928953951482845,5,12,12,19.918050652075475,19.148411430430574,0.7696392216449013,3.8640288404161898
vrptw,3,1,19,shaw_removal,greedy_insertion,8593594182204608679,5,12,12,19.918050652075475,20.17221556686891,-0.25416491479343506,-1.2760531601868925
vrptw,3,1,19,shaw_removal,regret_2,8051989174490767163,5,12,11,19.918050652075475,18.929293913278492,0.9887567387969831,4.964124030350098
vrptw,3,1,19,shaw_removal,regret_3,15262483431143066608,5,12,11,19.918050652075475,18.929293913278492,0.9887567387969831,4.964124030350098
vrptw,3,1,19,shaw_removal,greedy_with_noise,1657791341935300364,5,12,12,19.918050652075475,19.423257316298237,0.4947933357772385,2.4841453836029914
vrptw,3,1,19,shaw_removal,best_position_first,5581413562202805285,5,12,11,19.918050652075475,18.929293913278492,0.9887567387969831,4.964124030350098
vrptw,3,1,19,shaw_removal,sequential_insertion,6135780121414056225,5,12,12,19.918050652075475,19.63854603096541,0.279504621110064,1.4032729707961629
vrptw,3,1,19,worst_removal,greedy_insertion,11026913952394710157,5,12,11,19.918050652075475,18.32060586692041,1.5974447851550657,8.020085966538149
vrptw,3,1,19,worst_removal,regret_2,11783658870280378686,5,12,11,19.918050652075475,18.32060586692041,1.5974447851550657,8.020085966538149
vrptw,3,1,19,worst_removal,regret_3,819389078046164512,5,12,11,19.918050652075475,18.32060586692041,1.5974447851550657,8.020085966538149
vrptw,3,1,19,worst_removal,greedy_with_noise,1081896881363213192,5,12,11,19.918050652075475,18.32060586692041,1.5974447851550657,8.020085966538149
vrptw,3,1,19,worst_removal,best_position_first,10540828217713547386,5,12,11,19.918050652075475,18.32060586692041,1.5974447851550657,8.020085966538149
vrptw,3,1,19,worst_removal,sequential_insertion,8048928667480042059,5,12,11,19.918050652075475,18.32060586692041,1.5974447851550657,8.020085966538149
vrptw,3,1,19,route_removal,greedy_insertion,4123501337848085522,5,12,12,19.918050652075475,19.270058155233784,0.6479924968416917,3.2532927451621396
vrptw,3,1,19,route_removal,regret_2,9910427902762349375,5,12,12,19.918050652075475,19.270058155233784,0.6479924968416917,3.2532927451621396
vrptw,3,1,19,route_removal,regret_3,3721074469486121171,5,12,12,19.918050652075475,19.270058155233784,0.6479924968416917,3.2532927451621396
vrptw,3,1,19,route_removal,greedy_with_noise,6602129844427603553,5,12,12,19.918050652075475,19.481262498914568,0.4367881531609079,2.1929262094500914
vrptw,3,1,19,route_removal,best_position_first,167333316403541644,5,12,12,19.918050652075475,19.270058155233784,0.6479924968416917,3.2532927451621396
vrptw,3,1,19,route_removal,sequential_insertion,17148890099460451511,5,12,12,19.918050652075475,19.270058155233784,0.6479924968416917,3.2532927451621396
vrptw,3,1,19,cluster_removal,greedy_insertion,479400169936593780,5,12,12,19.918050652075475,19.865709220734526,0.05234143134094893,0.2627839051885076
vrptw,3,1,19,cluster_removal,regret_2,9484334827506996000,5,12,12,19.918050652075475,19.86502892440158,0.05302172767389379,0.26619938165670287
vrptw,3,1,19,cluster_removal,regret_3,1558713320445806867,5,12,12,19.918050652075475,19.86502892440158,0.05302172767389379,0.26619938165670287
vrptw,3,1,19,cluster_removal,greedy_with_noise,2273721207561341955,5,12,12,19.918050652075475,19.865709220734526,0.05234143134094893,0.2627839051885076
vrptw,3,1,19,cluster_removal,best_position_first,3575938557386101729,5,12,12,19.918050652075475,19.86502892440158,0.05302172767389379,0.26619938165670287
vrptw,3,1,19,cluster_removal,sequential_insertion,8102504402494394084,5,12,12,19.918050652075475,19.86502892440158,0.05302172767389379,0.26619938165670287
vrptw,3,1,19,time_oriented_removal,greedy_insertion,4460216174988666268,5,12,12,19.918050652075475,19.319121549298714,0.5989291027767614,3.006966460918968
vrptw,3,1,19,time_oriented_removal,regret_2,14615576636294290714,5,12,12,19.918050652075475,19.25477619520676,0.6632744568687166,3.330016920102585
vrptw,3,1,19,time_oriented_removal,regret_3,11788902931700772925,5,12,12,19.918050652075475,19.25477619520676,0.6632744568687166,3.330016920102585
vrptw,3,1,19,time_oriented_removal,greedy_with_noise,11146636863264253747,5,12,12,19.918050652075475,19.31952118382104,0.5985294682544371,3.004960067174394
vrptw,3,1,19,time_oriented_removal,best_position_first,15776030707654695063,5,12,12,19.918050652075475,19.349824359666492,0.5682262924089834,2.852820802269492
vrptw,3,1,19,time_oriented_removal,sequential_insertion,16491308275168288999,5,12,12,19.918050652075475,19.349824359666492,0.5682262924089834,2.852820802269492
vrptw,3,2,20,random_removal,greedy_insertion,16197092404499876326,5,12,12,20.550931917853916,20.192131888448166,0.3588000294057494,1.7459063697935604
vrptw,3,2,20,random_removal,regret_2,2848703356972165738,5,12,12,20.550931917853916,20.192131888448166,0.3588000294057494,1.7459063697935604
vrptw,3,2,20,random_removal,regret_3,11865309813096793778,5,12,12,20.550931917853916,20.192131888448166,0.3588000294057494,1.7459063697935604
vrptw,3,2,20,random_removal,greedy_with_noise,16696004869332304587,5,12,12,20.550931917853916,20.315912202707278,0.23501971514663822,1.1435963881640885
vrptw,3,2,20,random_removal,best_position_first,3079697686695517234,5,12,12,20.550931917853916,20.192131888448166,0.3588000294057494,1.7459063697935604
vrptw,3,2,20,random_removal,sequential_insertion,1373929638888133884,5,12,12,20.550931917853916,20.192131888448166,0.3588000294057494,1.7459063697935604
vrptw,3,2,20,shaw_removal,greedy_insertion,14666557703182915537,5,12,12,20.550931917853916,20.269209263500496,0.2817226543534197,1.3708509934221966
vrptw,3,2,20,shaw_removal,regret_2,13630126222537918552,5,12,12,20.550931917853916,20.269209263500496,0.2817226543534197,1.3708509934221966
vrptw,3,2,20,shaw_removal,regret_3,10536267451702414768,5,12,12,20.550931917853916,20.269209263500496,0.2817226543534197,1.3708509934221966
vrptw,3,2,20,shaw_removal,greedy_with_noise,3789169112560742602,5,12,12,20.550931917853916,20.349759282290147,0.2011726355637684,0.9788978736725648
vrptw,3,2,20,shaw_removal,best_position_first,10088383424756022820,5,12,12,20.550931917853916,20.349759282290147,0.2011726355637684,0.9788978736725648
vrptw,3,2,20,shaw_removal,sequential_insertion,7192304421988386969,5,12,12,20.550931917853916,20.269209263500496,0.2817226543534197,1.3708509934221966
vrptw,3,2,20,worst_removal,greedy_insertion,11628001054687061030,5,12,12,20.550931917853916,20.02475746776289,0.5261744500910268,2.5603435026413828
vrptw,3,2,20,worst_removal,regret_2,5606656813614507020,5,12,12,20.550931917853916,20.02475746776289,0.5261744500910268,2.5603435026413828
vrptw,3,2,20,worst_removal,regret_3,14972971245354925693,5,12,12,20.550931917853916,20.02475746776289,0.5261744500910268,2.5603435026413828
vrptw,3,2,20,worst_removal,greedy_with_noise,12716579913059850322,5,12,13,20.550931917853916,20.071424989017377,0.479506928836539,2.333261239700573
vrptw,3,2,20,worst_removal,best_position_first,15249634812312593965,5,12,12,20.550931917853916,20.02475746776289,0.5261744500910268,2.5603435026413828
vrptw,3,2,20,worst_removal,sequential_insertion,15041264323048542089,5,12,12,20.550931917853916,20.02475746776289,0.5261744500910268,2.5603435026413828
vrptw,3,2,20,route_removal,greedy_insertion,9059390052411408198,5,12,12,20.550931917853916,20.217465893991154,0.33346602386276203,1.6226321278066163
vrptw,3,2,20,route_removal,regret_2,2998584226840409412,5,12,12,20.550931917853916,20.197856733590733,0.35307518426318296,1.7180495058544953
vrptw,3,2,20,route_removal,regret_3,4667812120883054539,5,12,12,20.550931917853916,20.752734458056974,-0.2018025402030581,-0.9819629640626626
vrptw,3,2,20,route_removal,greedy_with_noise,14667401155878959090,5,12,12,20.550931917853916,20.772343618457395,-0.22141170060347903,-1.0773803421105417
vrptw,3,2,20,route_removal,best_position_first,9341169048648578680,5,12,12,20.550931917853916,20.772343618457395,-0.22141170060347903,-1.0773803421105417
vrptw,3,2,20,route_removal,sequential_insertion,13698980499476607784,5,12,12,20.550931917853916,20.217465893991154,0.33346602386276203,1.6226321278066163
vrptw,3,2,20,cluster_removal,greedy_insertion,5571913769334952490,5,12,12,20.550931917853916,20.254863667741265,0.2960682501126506,1.4406560797149888
vrptw,3,2,20,cluster_removal,regret_2,11697188214075938224,5,12,12,20.550931917853916,20.164858091428204,0.38607382642571153,1.878619558319418
vrptw,3,2,20,cluster_removal,regret_3,7129134737291430393,5,12,12,20.550931917853916,20.164858091428204,0.38607382642571153,1.878619558319418
vrptw,3,2,20,cluster_removal,greedy_with_noise,10228310969396248886,5,12,12,20.550931917853916,20.167453473206226,0.38347844464768954,1.8659905360035627
vrptw,3,2,20,cluster_removal,best_position_first,10918537027685892094,5,12,12,20.550931917853916,20.167453473206226,0.38347844464768954,1.8659905360035627
vrptw,3,2,20,cluster_removal,sequential_insertion,4566557861197728277,5,12,12,20.550931917853916,20.254863667741265,0.2960682501126506,1.4406560797149888
vrptw,3,2,20,time_oriented_removal,greedy_insertion,15652343534663302026,5,12,12,20.550931917853916,20.541306272697707,0.009625645156209117,0.04683799836759082
vrptw,3,2,20,time_oriented_removal,regret_2,7118278266125860836,5,12,12,20.550931917853916,20.485351833208924,0.0655800846449921,0.3191100282319483
vrptw,3,2,20,time_oriented_removal,regret_3,7461819019683743565,5,12,12,20.550931917853916,20.485351833208924,0.0655800846449921,0.3191100282319483
vrptw,3,2,20,time_oriented_removal,greedy_with_noise,8651029024383825536,5,12,12,20.550931917853916,20.494977478365133,0.05595443948878298,0.27227202986435745
vrptw,3,2,20,time_oriented_removal,best_position_first,6836963347502276718,5,12,12,20.550931917853916,20.541306272697707,0.009625645156209117,0.04683799836759082
vrptw,3,2,20,time_oriented_removal,sequential_insertion,13034959092644535605,5,12,12,20.550931917853916,20.541306272697707,0.009625645156209117,0.04683799836759082
vrptw,3,3,21,random_removal,greedy_insertion,10528490039749877038,5,12,12,19.696839250340854,19.60220698156712,0.09463226877373287,0.48044393098296345
vrptw,3,3,21,random_removal,regret_2,5460545440039646902,5,12,12,19.696839250340854,19.60220698156712,0.09463226877373287,0.48044393098296345
vrptw,3,3,21,random_removal,regret_3,14866049985401682077,5,12,12,19.696839250340854,19.60220698156712,0.09463226877373287,0.48044393098296345
vrptw,3,3,21,random_removal,greedy_with_noise,15269934400731736061,5,12,12,19.696839250340854,19.60220698156712,0.09463226877373287,0.48044393098296345
vrptw,3,3,21,random_removal,best_position_first,13839833268601067803,5,12,12,19.696839250340854,19.60220698156712,0.09463226877373287,0.48044393098296345
vrptw,3,3,21,random_removal,sequential_insertion,4667756925659312765,5,12,12,19.696839250340854,19.60220698156712,0.09463226877373287,0.48044393098296345
vrptw,3,3,21,shaw_removal,greedy_insertion,11500081195620452914,5,12,12,19.696839250340854,18.927562585147527,0.7692766651933276,3.9055843194740762
vrptw,3,3,21,shaw_removal,regret_2,665609209836065790,5,12,12,19.696839250340854,18.792171592609737,0.9046676577311175,4.592958526152678
vrptw,3,3,21,shaw_removal,regret_3,14211445860755194918,5,12,12,19.696839250340854,18.792171592609737,0.9046676577311175,4.592958526152678
vrptw,3,3,21,shaw_removal,greedy_with_noise,8796766149108903573,5,12,12,19.696839250340854,18.929640493053743,0.7671987572871117,3.895034871007719
vrptw,3,3,21,shaw_removal,best_position_first,9165376941411180380,5,12,12,19.696839250340854,18.929640493053743,0.7671987572871117,3.895034871007719
vrptw,3,3,21,shaw_removal,sequential_insertion,11616291883515553469,5,12,12,19.696839250340854,18.927562585147527,0.7692766651933276,3.9055843194740762
vrptw,3,3,21,worst_removal,greedy_insertion,5750518916265433181,5,12,12,19.696839250340854,19.11856974736167,0.578269502979186,2.9358492275311585
vrptw,3,3,21,worst_removal,regret_2,1853613175028396835,5,12,12,19.696839250340854,19.108367035037805,0.5884722153030495,2.9876479562215343
vrptw,3,3,21,worst_removal,regret_3,14069269843573893331,5,12,12,19.696839250340854,19.11856974736167,0.578269502979186,2.9358492275311585
vrptw,3,3,21,worst_removal,greedy_with_noise,17368478499061041342,5,12,12,19.696839250340854,19.108367035037805,0.5884722153030495,2.9876479562215343
vrptw,3,3,21,worst_removal,best_position_first,17714893573631300543,5,12,12,19.696839250340854,19.11856974736167,0.578269502979186,2.9358492275311585
vrptw,3,3,21,worst_removal,sequential_insertion,11729342984411774640,5,12,12,19.696839250340854,19.11856974736167,0.578269502979186,2.9358492275311585
vrptw,3,3,21,route_removal,greedy_insertion,2223859194841863399,5,12,12,19.696839250340854,20.02781306097125,-0.33097381063039677,-1.6803397053903928
vrptw,3,3,21,route_removal,regret_2,7943388304064420983,5,12,12,19.696839250340854,19.696839250340854,0.0,0.0
vrptw,3,3,21,route_removal,regret_3,4249348212589945448,5,12,12,19.696839250340854,19.696839250340854,0.0,0.0
vrptw,3,3,21,route_removal,greedy_with_noise,1889786068262091451,5,12,12,19.696839250340854,20.02781306097125,-0.33097381063039677,-1.6803397053903928
vrptw,3,3,21,route_removal,best_position_first,10783905465034611658,5,12,12,19.696839250340854,20.978468720899972,-1.2816294705591176,-6.506777327417844
vrptw,3,3,21,route_removal,sequential_insertion,13590374198812513684,5,12,12,19.696839250340854,19.696839250340854,0.0,0.0
vrptw,3,3,21,cluster_removal,greedy_insertion,6302740687056136949,5,12,12,19.696839250340854,19.15576165944942,0.5410775908914331,2.7470275002730187
vrptw,3,3,21,cluster_removal,regret_2,17779559714061664610,5,12,12,19.696839250340854,19.15576165944942,0.5410775908914331,2.7470275002730187
vrptw,3,3,21,cluster_removal,regret_3,16108607150127699035,5,12,12,19.696839250340854,19.15576165944942,0.5410775908914331,2.7470275002730187
vrptw,3,3,21,cluster_removal,greedy_with_noise,13802543572700485951,5,12,12,19.696839250340854,19.15576165944942,0.5410775908914331,2.7470275002730187
vrptw,3,3,21,cluster_removal,best_position_first,16665089681694583518,5,12,12,19.696839250340854,19.15576165944942,0.5410775908914331,2.7470275002730187
vrptw,3,3,21,cluster_removal,sequential_insertion,17467890902562203583,5,12,12,19.696839250340854,19.15576165944942,0.5410775908914331,2.7470275002730187
vrptw,3,3,21,time_oriented_removal,greedy_insertion,17071003522770205322,5,12,12,19.696839250340854,19.605486400998622,0.09135284934223264,0.4637944605282382
vrptw,3,3,21,time_oriented_removal,regret_2,15365041920243248925,5,12,12,19.696839250340854,19.605486400998622,0.09135284934223264,0.4637944605282382
vrptw,3,3,21,time_oriented_removal,regret_3,4685577346341642998,5,12,12,19.696839250340854,19.605486400998622,0.09135284934223264,0.4637944605282382
vrptw,3,3,21,time_oriented_removal,greedy_with_noise,12910075716348996225,5,12,12,19.696839250340854,19.605486400998622,0.09135284934223264,0.4637944605282382
vrptw,3,3,21,time_oriented_removal,best_position_first,16132352048473883467,5,12,12,19.696839250340854,19.605486400998622,0.09135284934223264,0.4637944605282382
vrptw,3,3,21,time_oriented_removal,sequential_insertion,12209112014658827843,5,12,12,19.696839250340854,19.606166697331567,0.09067255300928778,0.4603406255027374
vrptw,3,4,22,random_removal,greedy_insertion,11496298017683124733,5,13,13,20.928793151978706,20.337759163683458,0.5910339882952478,2.824023267865155
vrptw,3,4,22,random_removal,regret_2,17371938709644201128,5,13,13,20.928793151978706,20.337759163683458,0.5910339882952478,2.824023267865155
vrptw,3,4,22,random_removal,regret_3,3978788258854555021,5,13,13,20.928793151978706,20.337759163683458,0.5910339882952478,2.824023267865155
vrptw,3,4,22,random_removal,greedy_with_noise,16643401208637438237,5,13,13,20.928793151978706,20.337759163683458,0.5910339882952478,2.824023267865155
vrptw,3,4,22,random_removal,best_position_first,4022263468448941840,5,13,13,20.928793151978706,20.337759163683458,0.5910339882952478,2.824023267865155
vrptw,3,4,22,random_removal,sequential_insertion,2323964598540607362,5,13,13,20.928793151978706,20.337759163683458,0.5910339882952478,2.824023267865155
vrptw,3,4,22,shaw_removal,greedy_insertion,14362211483138706453,5,13,13,20.928793151978706,20.566854400830493,0.3619387511482124,1.7293818545575954
vrptw,3,4,22,shaw_removal,regret_2,8039150868099166665,5,13,13,20.928793151978706,20.566854400830493,0.3619387511482124,1.7293818545575954
vrptw,3,4,22,shaw_removal,regret_3,6664719720096627884,5,13,13,20.928793151978706,20.566854400830493,0.3619387511482124,1.7293818545575954
vrptw,3,4,22,shaw_removal,greedy_with_noise,17980998037895868629,5,13,13,20.928793151978706,20.748232894470256,0.18056025750844995,0.8627361176407773
vrptw,3,4,22,shaw_removal,best_position_first,17096546573845517487,5,13,13,20.928793151978706,20.566854400830493,0.3619387511482124,1.7293818545575954
vrptw,3,4,22,shaw_removal,sequential_insertion,6450122664135205054,5,13,14,20.928793151978706,20.96613656286082,-0.03734341088211579,-0.1784307896348298
vrptw,3,4,22,worst_removal,greedy_insertion,13345013727757184431,5,13,13,20.928793151978706,20.7287011142371,0.2000920377416051,0.9560610413060893
vrptw,3,4,22,worst_removal,regret_2,17830428193162525948,5,13,13,20.928793151978706,20.55161482856002,0.3771783234186863,1.8021981519896004
vrptw,3,4,22,worst_removal,regret_3,4024345211897418352,5,13,13,20.928793151978706,20.55161482856002,0.3771783234186863,1.8021981519896004
vrptw,3,4,22,worst_removal,greedy_with_noise,10192836121435712563,5,13,13,20.928793151978706,20.7287011142371,0.2000920377416051,0.9560610413060893
vrptw,3,4,22,worst_removal,best_position_first,11568044257042258342,5,13,13,20.928793151978706,20.7287011142371,0.2000920377416051,0.9560610413060893
vrptw,3,4,22,worst_removal,sequential_insertion,13365344008984774140,5,13,13,20.928793151978706,20.261559832438717,0.6672333195399887,3.188111778327291
vrptw,3,4,22,route_removal,greedy_insertion,14663598985654124401,5,13,12,20.928793151978706,20.264016172811928,0.6647769791667777,3.1763751227285963
vrptw,3,4,22,route_removal,regret_2,5074774168875191309,5,13,12,20.928793151978706,20.237446418931885,0.6913467330468208,3.3033282331497347
vrptw,3,4,22,route_removal,regret_3,8672885930768166605,5,13,12,20.928793151978706,20.237446418931885,0.6913467330468208,3.3033282331497347
vrptw,3,4,22,route_removal,greedy_with_noise,14332723054007241290,5,13,12,20.928793151978706,20.237446418931885,0.6913467330468208,3.3033282331497347
vrptw,3,4,22,route_removal,best_position_first,2213305353248206936,5,13,12,20.928793151978706,20.237446418931885,0.6913467330468208,3.3033282331497347
vrptw,3,4,22,route_removal,sequential_insertion,14106840508706887524,5,13,12,20.928793151978706,20.237446418931885,0.6913467330468208,3.3033282331497347
vrptw,3,4,22,cluster_removal,greedy_insertion,4589127360465685880,5,13,13,20.928793151978706,20.551538117149974,0.3772550348287318,1.8025646872670456
vrptw,3,4,22,cluster_removal,regret_2,5559203350570313317,5,13,13,20.928793151978706,20.551538117149974,0.3772550348287318,1.8025646872670456
vrptw,3,4,22,cluster_removal,regret_3,5932639608601199886,5,13,13,20.928793151978706,20.551538117149974,0.3772550348287318,1.8025646872670456
vrptw,3,4,22,cluster_removal,greedy_with_noise,17149874130894172347,5,13,13,20.928793151978706,20.689254783409968,0.23953836856873778,1.1445398061382757
vrptw,3,4,22,cluster_removal,best_position_first,8704726908501184950,5,13,13,20.928793151978706,20.551538117149974,0.3772550348287318,1.8025646872670456
vrptw,3,4,22,cluster_removal,sequential_insertion,2913016715202333706,5,13,13,20.928793151978706,20.551538117149974,0.3772550348287318,1.8025646872670456
vrptw,3,4,22,time_oriented_removal,greedy_insertion,12130786664350459539,5,13,13,20.928793151978706,20.129121546001574,0.7996716059771316,3.8209159991699133
vrptw,3,4,22,time_oriented_removal,regret_2,4532262368819229818,5,13,13,20.928793151978706,20.082958864037746,0.8458342879409599,4.041486204191333
vrptw,3,4,22,time_oriented_removal,regret_3,13487274766576299752,5,13,13,20.928793151978706,20.082958864037746,0.8458342879409599,4.041486204191333
vrptw,3,4,22,time_oriented_removal,greedy_with_noise,11881709047458996160,5,13,13,20.928793151978706,20.35893706550655,0.5698560864721571,2.7228330001354153
vrptw,3,4,22,time_oriented_removal,best_position_first,16054413181199645520,5,13,13,20.928793151978706,20.35893706550655,0.5698560864721571,2.7228330001354153
vrptw,3,4,22,time_oriented_removal,sequential_insertion,5828621460794157694,5,13,13,20.928793151978706,20.312774383542717,0.616018768435989,2.9434032051568524
vrptw,3,5,23,random_removal,greedy_insertion,5769766515443812391,5,12,12,20.78217645055281,20.420178793959117,0.36199765659369376,1.741865956412205
vrptw,3,5,23,random_removal,regret_2,11678161781042163545,5,12,12,20.78217645055281,20.420178793959117,0.36199765659369376,1.741865956412205
vrptw,3,5,23,random_removal,regret_3,9540013385246126568,5,12,12,20.78217645055281,20.420178793959117,0.36199765659369376,1.741865956412205
vrptw,3,5,23,random_removal,greedy_with_noise,6678933830546331973,5,12,12,20.78217645055281,20.420178793959117,0.36199765659369376,1.741865956412205
vrptw,3,5,23,random_removal,best_position_first,15682709947655368776,5,12,12,20.78217645055281,20.420178793959117,0.36199765659369376,1.741865956412205
vrptw,3,5,23,random_removal,sequential_insertion,5882778075289935789,5,12,12,20.78217645055281,20.420178793959117,0.36199765659369376,1.741865956412205
vrptw,3,5,23,shaw_removal,greedy_insertion,12202419837867592867,5,12,12,20.78217645055281,20.540213731182263,0.24196271937054803,1.164279977827403
vrptw,3,5,23,shaw_removal,regret_2,276206232859346434,5,12,12,20.78217645055281,20.418476262615286,0.3637001879375248,1.7500582232225743
vrptw,3,5,23,shaw_removal,regret_3,15780112942927050228,5,12,12,20.78217645055281,20.418476262615286,0.3637001879375248,1.7500582232225743
vrptw,3,5,23,shaw_removal,greedy_with_noise,4375349204492532313,5,12,12,20.78217645055281,20.77266966217577,0.009506788377041886,0.0457449122312163
vrptw,3,5,23,shaw_removal,best_position_first,8744516006411721480,5,12,12,20.78217645055281,20.540213731182263,0.24196271937054803,1.164279977827403
vrptw,3,5,23,shaw_removal,sequential_insertion,4578109186931689524,5,12,12,20.78217645055281,20.418476262615286,0.3637001879375248,1.7500582232225743
vrptw,3,5,23,worst_removal,greedy_insertion,3273655916120986049,5,12,12,20.78217645055281,20.78217645055281,0.0,0.0
vrptw,3,5,23,worst_removal,regret_2,9378770836819535255,5,12,12,20.78217645055281,20.178902335256474,0.6032741152963368,2.9028437744800764
vrptw,3,5,23,worst_removal,regret_3,1803220536147690262,5,12,12,20.78217645055281,20.178902335256474,0.6032741152963368,2.9028437744800764
vrptw,3,5,23,worst_removal,greedy_with_noise,3404435204974826208,5,12,12,20.78217645055281,20.41018480190484,0.3719916486479704,1.789955202878067
vrptw,3,5,23,worst_removal,best_position_first,9052290360204027902,5,12,12,20.78217645055281,21.013458917201177,-0.23128246664836638,-1.1128885716020096
vrptw,3,5,23,worst_removal,sequential_insertion,6526290991751299093,5,12,12,20.78217645055281,20.78217645055281,0.0,0.0
vrptw,3,5,23,route_removal,greedy_insertion,15997397378113058897,5,12,12,20.78217645055281,20.173681096158063,0.6084953543947478,2.927967414012413
vrptw,3,5,23,route_removal,regret_2,3011076764241066291,5,12,12,20.78217645055281,20.173681096158063,0.6084953543947478,2.927967414012413
vrptw,3,5,23,route_removal,regret_3,17429839567849008541,5,12,12,20.78217645055281,20.173681096158063,0.6084953543947478,2.927967414012413
vrptw,3,5,23,route_removal,greedy_with_noise,10638385397955430427,5,12,12,20.78217645055281,20.173681096158063,0.6084953543947478,2.927967414012413
vrptw,3,5,23,route_removal,best_position_first,13366846401717290010,5,12,12,20.78217645055281,20.173681096158063,0.6084953543947478,2.927967414012413
vrptw,3,5,23,route_removal,sequential_insertion,2693384847295125990,5,12,12,20.78217645055281,20.173681096158063,0.6084953543947478,2.927967414012413
vrptw,3,5,23,cluster_removal,greedy_insertion,9304082403485152181,5,12,12,20.78217645055281,19.56984650396283,1.212329946589982,5.833508099955208
vrptw,3,5,23,cluster_removal,regret_2,4114998448072093892,5,12,12,20.78217645055281,19.547446954501986,1.234729496050825,5.941290600571246
vrptw,3,5,23,cluster_removal,regret_3,12198586911662525668,5,12,12,20.78217645055281,19.633245753625378,1.148930696927433,5.528442603983719
vrptw,3,5,23,cluster_removal,greedy_with_noise,16281787408810264323,5,12,12,20.78217645055281,19.56984650396283,1.212329946589982,5.833508099955208
vrptw,3,5,23,cluster_removal,best_position_first,2966860076105113833,5,12,12,20.78217645055281,19.56984650396283,1.212329946589982,5.833508099955208
vrptw,3,5,23,cluster_removal,sequential_insertion,7379138690553315089,5,12,12,20.78217645055281,19.56984650396283,1.212329946589982,5.833508099955208
vrptw,3,5,23,time_oriented_removal,greedy_insertion,15149837871116128748,5,12,12,20.78217645055281,20.43201169497585,0.35016475557696225,1.6849282191887451
vrptw,3,5,23,time_oriented_removal,regret_2,7381915374365836395,5,12,12,20.78217645055281,20.43201169497585,0.35016475557696225,1.6849282191887451
vrptw,3,5,23,time_oriented_removal,regret_3,5589398492817323106,5,12,12,20.78217645055281,20.43201169497585,0.35016475557696225,1.6849282191887451
vrptw,3,5,23,time_oriented_removal,greedy_with_noise,18288724612626603517,5,12,12,20.78217645055281,20.43201169497585,0.35016475557696225,1.6849282191887451
vrptw,3,5,23,time_oriented_removal,best_position_first,7720412445522255785,5,12,12,20.78217645055281,20.43201169497585,0.35016475557696225,1.6849282191887451
vrptw,3,5,23,time_oriented_removal,sequential_insertion,14914027161489756534,5,12,12,20.78217645055281,20.62223314872606,0.15994330182675043,0.7696176683289392
vrptw,4,0,24,random_removal,greedy_insertion,10313381397364303451,5,15,15,25.46799640269917,25.23198101081086,0.2360153918883121,0.9267136218980246
vrptw,4,0,24,random_removal,regret_2,7908179974936972830,5,15,15,25.46799640269917,25.106079947658344,0.36191645504082715,1.421063711955253
vrptw,4,0,24,random_removal,regret_3,14664574579926666629,5,15,15,25.46799640269917,25.23198101081086,0.2360153918883121,0.9267136218980246
vrptw,4,0,24,random_removal,greedy_with_noise,313513459376446202,5,15,15,25.46799640269917,25.151155184914252,0.31684121778491914,1.2440759483982784
vrptw,4,0,24,random_removal,best_position_first,1883440516680784628,5,15,15,25.46799640269917,25.106079947658344,0.36191645504082715,1.421063711955253
vrptw,4,0,24,random_removal,sequential_insertion,9001227614831891779,5,15,15,25.46799640269917,25.327978146104755,0.14001825659441636,0.5497812013966549
vrptw,4,0,24,shaw_removal,greedy_insertion,11254714974968110891,5,15,15,25.46799640269917,24.359118483236724,1.1088779194624472,4.354005324678486
vrptw,4,0,24,shaw_removal,regret_2,18443672891795138185,5,15,15,25.46799640269917,24.358306974069386,1.1096894286297854,4.357191712623995
vrptw,4,0,24,shaw_removal,regret_3,8897404648974472184,5,15,15,25.46799640269917,24.358306974069386,1.1096894286297854,4.357191712623995
vrptw,4,0,24,shaw_removal,greedy_with_noise,4235337351094019599,5,15,15,25.46799640269917,24.359118483236724,1.1088779194624472,4.354005324678486
vrptw,4,0,24,shaw_removal,best_position_first,6856122354959243012,5,15,15,25.46799640269917,24.358306974069386,1.1096894286297854,4.357191712623995
vrptw,4,0,24,shaw_removal,sequential_insertion,3973630134303953410,5,15,15,25.46799640269917,24.358306974069386,1.1096894286297854,4.357191712623995
vrptw,4,0,24,worst_removal,greedy_insertion,16286445673732917759,5,15,15,25.46799640269917,25.493905405318735,-0.025909002619563637,-0.10173160938886314
vrptw,4,0,24,worst_removal,regret_2,7580636840741831741,5,15,14,25.46799640269917,24.779039588744507,0.6889568139546647,2.7051865528049435
vrptw,4,0,24,worst_removal,regret_3,17219358772688815073,5,15,14,25.46799640269917,24.779039588744507,0.6889568139546647,2.7051865528049435
vrptw,4,0,24,worst_removal,greedy_with_noise,7786978229530599633,5,15,15,25.46799640269917,25.493905405318735,-0.025909002619563637,-0.10173160938886314
vrptw,4,0,24,worst_removal,best_position_first,10031549418217069330,5,15,15,25.46799640269917,25.493905405318735,-0.025909002619563637,-0.10173160938886314
vrptw,4,0,24,worst_removal,sequential_insertion,9369211516829713870,5,15,14,25.46799640269917,25.236576069101492,0.23142033359767922,0.9086711413747202
vrptw,4,0,24,route_removal,greedy_insertion,16313125159830526898,5,15,14,25.46799640269917,24.59166841921756,0.8763279834816124,3.4408988034439045
vrptw,4,0,24,route_removal,regret_2,1979001148835977990,5,15,14,25.46799640269917,24.59166841921756,0.8763279834816124,3.4408988034439045
vrptw,4,0,24,route_removal,regret_3,4724980727257676128,5,15,14,25.46799640269917,24.59166841921756,0.8763279834816124,3.4408988034439045
vrptw,4,0,24,route_removal,greedy_with_noise,6292781012659526174,5,15,14,25.46799640269917,24.59166841921756,0.8763279834816124,3.4408988034439045
vrptw,4,0,24,route_removal,best_position_first,14460892254474110696,5,15,14,25.46799640269917,24.59166841921756,0.8763279834816124,3.4408988034439045
vrptw,4,0,24,route_removal,sequential_insertion,6938169306640627914,5,15,14,25.46799640269917,24.59166841921756,0.8763279834816124,3.4408988034439045
vrptw,4,0,24,cluster_removal,greedy_insertion,1837030614793824008,5,15,15,25.46799640269917,26.100775642644304,-0.6327792399451333,-2.484605502292554
vrptw,4,0,24,cluster_removal,regret_2,11915683476723741696,5,15,15,25.46799640269917,24.977920069617678,0.49007633308149323,1.924283030876954
vrptw,4,0,24,cluster_removal,regret_3,15792127241500874618,5,15,15,25.46799640269917,24.977920069617678,0.49007633308149323,1.924283030876954
vrptw,4,0,24,cluster_removal,greedy_with_noise,13170324276732498294,5,15,15,25.46799640269917,26.100775642644304,-0.6327792399451333,-2.484605502292554
vrptw,4,0,24,cluster_removal,best_position_first,3012779210252035768,5,15,15,25.46799640269917,26.100775642644304,-0.6327792399451333,-2.484605502292554
vrptw,4,0,24,cluster_removal,sequential_insertion,8491370070417957534,5,15,15,25.46799640269917,25.59655098280344,-0.128554580104268,-0.5047691152125474
vrptw,4,0,24,time_oriented_removal,greedy_insertion,9125952217612671655,5,15,15,25.46799640269917,25.20215396377233,0.26584243892684256,1.0438294191790753
vrptw,4,0,24,time_oriented_removal,regret_2,14476580133244655295,5,15,15,25.46799640269917,25.20215396377233,0.26584243892684256,1.0438294191790753
vrptw,4,0,24,time_oriented_removal,regret_3,9111893369682995833,5,15,15,25.46799640269917,25.20215396377233,0.26584243892684256,1.0438294191790753
vrptw,4,0,24,time_oriented_removal,greedy_with_noise,8704972713588154692,5,15,15,25.46799640269917,25.20215396377233,0.26584243892684256,1.0438294191790753
vrptw,4,0,24,time_oriented_removal,best_position_first,7414046011920312191,5,15,15,25.46799640269917,25.20215396377233,0.26584243892684256,1.0438294191790753
vrptw,4,0,24,time_oriented_removal,sequential_insertion,625494540549792240,5,15,15,25.46799640269917,25.20215396377233,0.26584243892684256,1.0438294191790753
vrptw,4,1,25,random_removal,greedy_insertion,8222393737160254535,5,15,15,26.461856084231986,25.05181444435462,1.4100416398773667,5.328581772151569
vrptw,4,1,25,random_removal,regret_2,3015000394404041756,5,15,15,26.461856084231986,24.89975558725128,1.5621004969807046,5.903215904463801
vrptw,4,1,25,random_removal,regret_3,3642310792684523160,5,15,15,26.461856084231986,25.003630430783975,1.458225653448011,5.510670335468018
vrptw,4,1,25,random_removal,greedy_with_noise,13993762745708432899,5,15,15,26.461856084231986,25.081640062210017,1.380216022021969,5.215870034318598
vrptw,4,1,25,random_removal,best_position_first,8809994406983119102,5,15,15,26.461856084231986,25.003630430783975,1.458225653448011,5.510670335468018
vrptw,4,1,25,random_removal,sequential_insertion,10927353452233699269,5,15,15,26.461856084231986,25.05181444435462,1.4100416398773667,5.328581772151569
vrptw,4,1,25,shaw_removal,greedy_insertion,17543081874602246094,5,15,15,26.461856084231986,26.462201460110307,-0.00034537587832161876,-0.00130518387380778
vrptw,4,1,25,shaw_removal,regret_2,6709324618489493175,5,15,15,26.461856084231986,26.382220477748433,0.07963560648355283,0.30094490057712114
vrptw,4,1,25,shaw_removal,regret_3,14457064602896699497,5,15,15,26.461856084231986,26.382220477748433,0.07963560648355283,0.30094490057712114
vrptw,4,1,25,shaw_removal,greedy_with_noise,3976995048615358333,5,15,15,26.461856084231986,26.492027077965705,-0.030170993733719342,-0.11401692170677909
vrptw,4,1,25,shaw_removal,best_position_first,41123317546365341,5,15,15,26.461856084231986,26.462201460110307,-0.00034537587832161876,-0.00130518387380778
vrptw,4,1,25,shaw_removal,sequential_insertion,11872336605592137023,5,15,15,26.461856084231986,26.462201460110307,-0.00034537587832161876,-0.00130518387380778
vrptw,4,1,25,worst_removal,greedy_insertion,16377227302486088958,5,15,15,26.461856084231986,26.154864829708448,0.30699125452353826,1.1601274436167284
vrptw,4,1,25,worst_removal,regret_2,1073930985146397412,5,15,15,26.461856084231986,26.154864829708448,0.30699125452353826,1.1601274436167284
vrptw,4,1,25,worst_removal,regret_3,9720398660694701817,5,15,15,26.461856084231986,26.154864829708448,0.30699125452353826,1.1601274436167284
vrptw,4,1,25,worst_removal,greedy_with_noise,1180959595750186725,5,15,16,26.461856084231986,26.487412584861488,-0.02555650062950221,-0.09657863963945727
vrptw,4,1,25,worst_removal,best_position_first,1059011024663900848,5,15,16,26.461856084231986,26.367646423635563,0.0942096605964231,0.35602060678034025
vrptw,4,1,25,worst_removal,sequential_insertion,1821368716850858863,5,15,16,26.461856084231986,26.367646423635563,0.0942096605964231,0.35602060678034025
vrptw,4,1,25,route_removal,greedy_insertion,8826475707658725599,5,15,14,26.461856084231986,24.743172977984035,1.7186831062479513,6.494945406615204
vrptw,4,1,25,route_removal,regret_2,1059997998197505858,5,15,14,26.461856084231986,24.743172977984035,1.7186831062479513,6.494945406615204
vrptw,4,1,25,route_removal,regret_3,16538548058096198456,5,15,14,26.461856084231986,24.743172977984035,1.7186831062479513,6.494945406615204
vrptw,4,1,25,route_removal,greedy_with_noise,2667844172074100598,5,15,14,26.461856084231986,24.787631400166724,1.674224684065262,6.326935944084792
vrptw,4,1,25,route_removal,best_position_first,1937353447838025293,5,15,14,26.461856084231986,24.743172977984035,1.7186831062479513,6.494945406615204
vrptw,4,1,25,route_removal,sequential_insertion,948879118754632474,5,15,14,26.461856084231986,24.743172977984035,1.7186831062479513,6.494945406615204
vrptw,4,1,25,cluster_removal,greedy_insertion,3327064336564564072,5,15,15,26.461856084231986,26.049514245040243,0.4123418391917433,1.5582498743821993
vrptw,4,1,25,cluster_removal,regret_2,15815736550400104190,5,15,15,26.461856084231986,26.040334637371103,0.4215214468608828,1.59293983581166
vrptw,4,1,25,cluster_removal,regret_3,16517535404324750624,5,15,15,26.461856084231986,26.040334637371103,0.4215214468608828,1.59293983581166
vrptw,4,1,25,cluster_removal,greedy_with_noise,14370922380296517254,5,15,15,26.461856084231986,26.083170160904142,0.37868592332784345,1.4310633468885567
vrptw,4,1,25,cluster_removal,best_position_first,8969028924431442137,5,15,15,26.461856084231986,26.040334637371103,0.4215214468608828,1.59293983581166
vrptw,4,1,25,cluster_removal,sequential_insertion,15232351694975202203,5,15,15,26.461856084231986,26.040334637371103,0.4215214468608828,1.59293983581166
vrptw,4,1,25,time_oriented_removal,greedy_insertion,10369125713332290897,5,15,15,26.461856084231986,26.95320189827421,-0.4913458140422229,-1.8568078236016279
vrptw,4,1,25,time_oriented_removal,regret_2,5269573193467555132,5,15,15,26.461856084231986,26.461856084231986,0.0,0.0
vrptw,4,1,25,time_oriented_removal,regret_3,12293893856191168479,5,15,15,26.461856084231986,26.461856084231986,0.0,0.0
vrptw,4,1,25,time_oriented_removal,greedy_with_noise,3851919359595611371,5,15,15,26.461856084231986,26.95320189827421,-0.4913458140422229,-1.8568078236016279
vrptw,4,1,25,time_oriented_removal,best_position_first,12759702155858007431,5,15,15,26.461856084231986,26.461856084231986,0.0,0.0
vrptw,4,1,25,time_oriented_removal,sequential_insertion,12832756867432186265,5,15,15,26.461856084231986,26.95320189827421,-0.4913458140422229,-1.8568078236016279
vrptw,4,2,26,random_removal,greedy_insertion,1763285796197366980,5,12,12,23.13483915479842,23.128844474467293,0.005994680331127711,0.025911917048640244
vrptw,4,2,26,random_removal,regret_2,11012902515026229018,5,12,12,23.13483915479842,23.128844474467293,0.005994680331127711,0.025911917048640244
vrptw,4,2,26,random_removal,regret_3,16603789814542122868,5,12,12,23.13483915479842,23.128844474467293,0.005994680331127711,0.025911917048640244
vrptw,4,2,26,random_removal,greedy_with_noise,17114635965014354786,5,12,12,23.13483915479842,23.128844474467293,0.005994680331127711,0.025911917048640244
vrptw,4,2,26,random_removal,best_position_first,8802575243382853718,5,12,12,23.13483915479842,23.128844474467293,0.005994680331127711,0.025911917048640244
vrptw,4,2,26,random_removal,sequential_insertion,2905356192676900283,5,12,12,23.13483915479842,23.128844474467293,0.005994680331127711,0.025911917048640244
vrptw,4,2,26,shaw_removal,greedy_insertion,10287848595526983557,5,12,12,23.13483915479842,22.9905157976995,0.1443233570989193,0.6238355760039294
vrptw,4,2,26,shaw_removal,regret_2,1479924641849800009,5,12,12,23.13483915479842,22.987645180831972,0.1471939739664485,0.6362437749471833
vrptw,4,2,26,shaw_removal,regret_3,13385645450558882089,5,12,12,23.13483915479842,22.987645180831972,0.1471939739664485,0.6362437749471833
vrptw,4,2,26,shaw_removal,greedy_with_noise,8111497100390024344,5,12,12,23.13483915479842,22.9905157976995,0.1443233570989193,0.6238355760039294
vrptw,4,2,26,shaw_removal,best_position_first,11936173127348862272,5,12,12,23.13483915479842,22.9905157976995,0.1443233570989193,0.6238355760039294
vrptw,4,2,26,shaw_removal,sequential_insertion,10612439513528434328,5,12,12,23.13483915479842,22.987645180831972,0.1471939739664485,0.6362437749471833
vrptw,4,2,26,worst_removal,greedy_insertion,13612651648293007025,5,12,12,23.13483915479842,22.68088574237993,0.45395341241848897,1.9622069095921681
vrptw,4,2,26,worst_removal,regret_2,5549957836560329041,5,12,12,23.13483915479842,22.715184671039676,0.4196544837587446,1.81395029786366
vrptw,4,2,26,worst_removal,regret_3,18187866897513838860,5,12,12,23.13483915479842,22.68088574237993,0.45395341241848897,1.9622069095921681
vrptw,4,2,26,worst_removal,greedy_with_noise,10859747513754864187,5,12,12,23.13483915479842,22.759965462383676,0.3748736924147451,1.620385989746517
vrptw,4,2,26,worst_removal,best_position_first,4458906189991573418,5,12,12,23.13483915479842,22.759965462383676,0.3748736924147451,1.620385989746517
vrptw,4,2,26,worst_removal,sequential_insertion,540702482704830537,5,12,12,23.13483915479842,22.68088574237993,0.45395341241848897,1.9622069095921681
vrptw,4,2,26,route_removal,greedy_insertion,14322103707843343271,5,12,12,23.13483915479842,22.83817131795574,0.29666783684267983,1.282342335979231
vrptw,4,2,26,route_removal,regret_2,16662622792804202669,5,12,12,23.13483915479842,22.808345700100343,0.32649345469807756,1.4112631279321395
vrptw,4,2,26,route_removal,regret_3,9907172467547409534,5,12,12,23.13483915479842,22.808345700100343,0.32649345469807756,1.4112631279321395
vrptw,4,2,26,route_removal,greedy_with_noise,8295024041686092130,5,12,12,23.13483915479842,22.857395763919072,0.27744339087934833,1.199244952700713
vrptw,4,2,26,route_removal,best_position_first,12849776571441341248,5,12,12,23.13483915479842,22.83817131795574,0.29666783684267983,1.282342335979231
vrptw,4,2,26,route_removal,sequential_insertion,17706389010133977349,5,12,12,23.13483915479842,22.83817131795574,0.29666783684267983,1.282342335979231
vrptw,4,2,26,cluster_removal,greedy_insertion,7720957331017667846,5,12,12,23.13483915479842,23.013809456960008,0.12102969783841289,0.5231490784465211
vrptw,4,2,26,cluster_removal,regret_2,15104547195898072030,5,12,12,23.13483915479842,23.013809456960008,0.12102969783841289,0.5231490784465211
vrptw,4,2,26,cluster_removal,regret_3,7127924017646592953,5,12,12,23.13483915479842,23.013809456960008,0.12102969783841289,0.5231490784465211
vrptw,4,2,26,cluster_removal,greedy_with_noise,13153512878569940970,5,12,12,23.13483915479842,23.077603661726222,0.05723549307219855,0.24739957208791433
vrptw,4,2,26,cluster_removal,best_position_first,17150298835445709610,5,12,12,23.13483915479842,23.013809456960008,0.12102969783841289,0.5231490784465211
vrptw,4,2,26,cluster_removal,sequential_insertion,8802096964710488425,5,12,12,23.13483915479842,23.013809456960008,0.12102969783841289,0.5231490784465211
vrptw,4,2,26,time_oriented_removal,greedy_insertion,10737042558046568157,5,12,12,23.13483915479842,22.452747677426775,0.682091477371646,2.9483303203781848
vrptw,4,2,26,time_oriented_removal,regret_2,6140360831271750742,5,12,12,23.13483915479842,22.452747677426775,0.682091477371646,2.9483303203781848
vrptw,4,2,26,time_oriented_removal,regret_3,3381666026089183840,5,12,12,23.13483915479842,22.452747677426775,0.682091477371646,2.9483303203781848
vrptw,4,2,26,time_oriented_removal,greedy_with_noise,9823517931317486070,5,12,12,23.13483915479842,22.611419512051018,0.5234196427474025,2.2624736625360953
vrptw,4,2,26,time_oriented_removal,best_position_first,13925017315494514481,5,12,12,23.13483915479842,22.452747677426775,0.682091477371646,2.9483303203781848
vrptw,4,2,26,time_oriented_removal,sequential_insertion,8837127105520541738,5,12,12,23.13483915479842,22.452747677426775,0.682091477371646,2.9483303203781848
vrptw,4,3,27,random_removal,greedy_insertion,14321942925140182515,5,13,13,24.788747631522806,24.2604131005088,0.5283345310140071,2.1313482184236943
vrptw,4,3,27,random_removal,regret_2,4217493292199275103,5,13,13,24.788747631522806,24.2604131005088,0.5283345310140071,2.1313482184236943
vrptw,4,3,27,random_removal,regret_3,11871730493632303704,5,13,13,24.788747631522806,24.2604131005088,0.5283345310140071,2.1313482184236943
vrptw,4,3,27,random_removal,greedy_with_noise,14290880001940421716,5,13,13,24.788747631522806,24.261582356763395,0.5271652747594118,2.126631335296011
vrptw,4,3,27,random_removal,best_position_first,2974880706871296291,5,13,13,24.788747631522806,24.2604131005088,0.5283345310140071,2.1313482184236943
vrptw,4,3,27,random_removal,sequential_insertion,18203234679506248365,5,13,13,24.788747631522806,24.2604131005088,0.5283345310140071,2.1313482184236943
vrptw,4,3,27,shaw_removal,greedy_insertion,2495458325621587318,5,13,13,24.788747631522806,23.82339814838594,0.9653494831368654,3.8943051802636095
vrptw,4,3,27,shaw_removal,regret_2,16675135297217132372,5,13,13,24.788747631522806,23.82339814838594,0.9653494831368654,3.8943051802636095
vrptw,4,3,27,shaw_removal,regret_3,4460117288751512230,5,13,13,24.788747631522806,23.82339814838594,0.9653494831368654,3.8943051802636095
vrptw,4,3,27,shaw_removal,greedy_with_noise,15387281806601248654,5,13,13,24.788747631522806,23.82339814838594,0.9653494831368654,3.8943051802636095
vrptw,4,3,27,shaw_removal,best_position_first,14008860201839191959,5,13,13,24.788747631522806,24.118247492457996,0.67050013906481,2.7048568529221027
vrptw,4,3,27,shaw_removal,sequential_insertion,3272122673067731755,5,13,13,24.788747631522806,23.82339814838594,0.9653494831368654,3.8943051802636095
vrptw,4,3,27,worst_removal,greedy_insertion,23641178036247948,5,13,13,24.788747631522806,23.577462992065364,1.2112846394574426,4.8864293487626735
vrptw,4,3,27,worst_removal,regret_2,4654744515513254010,5,13,13,24.788747631522806,23.38139438532547,1.407353246197335,5.677387446583477
vrptw,4,3,27,worst_removal,regret_3,1738526195397020380,5,13,13,24.788747631522806,23.38139438532547,1.407353246197335,5.677387446583477
vrptw,4,3,27,worst_removal,greedy_with_noise,16901747022666551515,5,13,13,24.788747631522806,23.38139438532547,1.407353246197335,5.677387446583477
vrptw,4,3,27,worst_removal,best_position_first,1759787820730953950,5,13,13,24.788747631522806,23.38139438532547,1.407353246197335,5.677387446583477
vrptw,4,3,27,worst_removal,sequential_insertion,15383667712778808607,5,13,13,24.788747631522806,23.788884896647154,0.9998627348756521,4.033534689764515
vrptw,4,3,27,route_removal,greedy_insertion,6337207979318438446,5,13,12,24.788747631522806,23.555210404529912,1.233537226992894,4.976198254663969
vrptw,4,3,27,route_removal,regret_2,4707626826357028855,5,13,12,24.788747631522806,23.555210404529912,1.233537226992894,4.976198254663969
vrptw,4,3,27,route_removal,regret_3,1477069614720880254,5,13,12,24.788747631522806,23.555210404529912,1.233537226992894,4.976198254663969
vrptw,4,3,27,route_removal,greedy_with_noise,14171956975554423354,5,13,12,24.788747631522806,23.555210404529912,1.233537226992894,4.976198254663969
vrptw,4,3,27,route_removal,best_position_first,12354631677044029793,5,13,12,24.788747631522806,23.610362995855873,1.1783846356669336,4.753707824143691
vrptw,4,3,27,route_removal,sequential_insertion,18196940245063530422,5,13,12,24.788747631522806,23.555210404529912,1.233537226992894,4.976198254663969
vrptw,4,3,27,cluster_removal,greedy_insertion,13308735587948913363,5,13,13,24.788747631522806,24.6585412318048,0.13020639971800563,0.5252641305381142
vrptw,4,3,27,cluster_removal,regret_2,7109128925239038856,5,13,13,24.788747631522806,24.10728460990446,0.6814630216183453,2.749082090584348
vrptw,4,3,27,cluster_removal,regret_3,10623404872483992738,5,13,13,24.788747631522806,24.10728460990446,0.6814630216183453,2.749082090584348
vrptw,4,3,27,cluster_removal,greedy_with_noise,4589032454739558432,5,13,13,24.788747631522806,24.751766420527233,0.03698121099557383,0.14918547538297733
vrptw,4,3,27,cluster_removal,best_position_first,3556801463104082388,5,13,13,24.788747631522806,24.751766420527233,0.03698121099557383,0.14918547538297733
vrptw,4,3,27,cluster_removal,sequential_insertion,8409696134143075414,5,13,13,24.788747631522806,24.835862358886065,-0.04711472736325817,-0.19006497651113424
vrptw,4,3,27,time_oriented_removal,greedy_insertion,7703238166064699009,5,13,14,24.788747631522806,26.215423181461404,-1.4266755499385972,-5.755335328535734
vrptw,4,3,27,time_oriented_removal,regret_2,2776275933270440102,5,13,13,24.788747631522806,24.156246174415163,0.6325014571076437,2.5515668097057
vrptw,4,3,27,time_oriented_removal,regret_3,477847572656144072,5,13,13,24.788747631522806,24.788747631522806,0.0,0.0
vrptw,4,3,27,time_oriented_removal,greedy_with_noise,11249631987562662995,5,13,15,24.788747631522806,26.319527150834507,-1.5307795193117002,-6.175299946839881
vrptw,4,3,27,time_oriented_removal,best_position_first,11039346737711069859,5,13,13,24.788747631522806,24.788747631522806,0.0,0.0
vrptw,4,3,27,time_oriented_removal,sequential_insertion,2082608238944526060,5,13,13,24.788747631522806,25.272688301636727,-0.4839406701139204,-1.952259457829622
vrptw,4,4,28,random_removal,greedy_insertion,15375040695978271283,5,13,14,24.033834246702835,23.78318503517851,0.2506492115243262,1.0429014736119866
vrptw,4,4,28,random_removal,regret_2,10165104472168689085,5,13,14,24.033834246702835,23.78318503517851,0.2506492115243262,1.0429014736119866
vrptw,4,4,28,random_removal,regret_3,13454469086275293364,5,13,13,24.033834246702835,23.87629855403576,0.157535692667075,0.6554746573101922
vrptw,4,4,28,random_removal,greedy_with_noise,8035377395970341838,5,13,13,24.033834246702835,24.080860834756383,-0.04702658805354787,-0.19566827153265973
vrptw,4,4,28,random_removal,best_position_first,7682348311069078875,5,13,13,24.033834246702835,23.87629855403576,0.157535692667075,0.6554746573101922
vrptw,4,4,28,random_removal,sequential_insertion,8088369930078328659,5,13,14,24.033834246702835,23.78318503517851,0.2506492115243262,1.0429014736119866
vrptw,4,4,28,shaw_removal,greedy_insertion,11870643608739855069,5,13,13,24.033834246702835,24.02606259796543,0.007771648737403325,0.03233628333136027
vrptw,4,4,28,shaw_removal,regret_2,6806124371424229042,5,13,13,24.033834246702835,24.02606259796543,0.007771648737403325,0.03233628333136027
vrptw,4,4,28,shaw_removal,regret_3,11091003071597540259,5,13,13,24.033834246702835,24.02606259796543,0.007771648737403325,0.03233628333136027
vrptw,4,4,28,shaw_removal,greedy_with_noise,15544362466188751389,5,13,13,24.033834246702835,24.033834246702835,0.0,0.0
vrptw,4,4,28,shaw_removal,best_position_first,7034803552244167112,5,13,13,24.033834246702835,24.02606259796543,0.007771648737403325,0.03233628333136027
vrptw,4,4,28,shaw_removal,sequential_insertion,3810407550807067239,5,13,13,24.033834246702835,24.02606259796543,0.007771648737403325,0.03233628333136027
vrptw,4,4,28,worst_removal,greedy_insertion,14438094649177033495,5,13,13,24.033834246702835,22.799040978996395,1.23479326770644,5.13772898253153
vrptw,4,4,28,worst_removal,regret_2,5864200455537393577,5,13,13,24.033834246702835,22.603668687256857,1.4301655594459781,5.950634196631278
vrptw,4,4,28,worst_removal,regret_3,14777149894386533219,5,13,13,24.033834246702835,22.683305580703927,1.3505286659989082,5.619280935933829
vrptw,4,4,28,worst_removal,greedy_with_noise,14142653920759273170,5,13,13,24.033834246702835,22.799040978996395,1.23479326770644,5.13772898253153
vrptw,4,4,28,worst_removal,best_position_first,10079508833357337980,5,13,13,24.033834246702835,22.80742865857828,1.2264055881245532,5.10282951748659
vrptw,4,4,28,worst_removal,sequential_insertion,1216161819019965536,5,13,13,24.033834246702835,22.603668687256857,1.4301655594459781,5.950634196631278
vrptw,4,4,28,route_removal,greedy_insertion,1306088809849692044,5,13,13,24.033834246702835,23.284315841619247,0.7495184050835881,3.118596880505712
vrptw,4,4,28,route_removal,regret_2,14300863762195159599,5,13,13,24.033834246702835,23.284315841619247,0.7495184050835881,3.118596880505712
vrptw,4,4,28,route_removal,regret_3,17236693207688310252,5,13,13,24.033834246702835,23.284315841619247,0.7495184050835881,3.118596880505712
vrptw,4,4,28,route_removal,greedy_with_noise,2233003570766951564,5,13,13,24.033834246702835,23.284315841619247,0.7495184050835881,3.118596880505712
vrptw,4,4,28,route_removal,best_position_first,3712574555155370540,5,13,13,24.033834246702835,23.284315841619247,0.7495184050835881,3.118596880505712
vrptw,4,4,28,route_removal,sequential_insertion,17493843977015091855,5,13,13,24.033834246702835,23.284315841619247,0.7495184050835881,3.118596880505712
vrptw,4,4,28,cluster_removal,greedy_insertion,10197011469853367175,5,13,13,24.033834246702835,23.003328933177535,1.0305053135252997,4.287727471810592
vrptw,4,4,28,cluster_removal,regret_2,11565743636702616501,5,13,13,24.033834246702835,23.003328933177535,1.0305053135252997,4.287727471810592
vrptw,4,4,28,cluster_removal,regret_3,5153865932765428451,5,13,13,24.033834246702835,22.799040978996395,1.23479326770644,5.13772898253153
vrptw,4,4,28,cluster_removal,greedy_with_noise,16552579953121508012,5,13,13,24.033834246702835,23.097240692449347,0.9365935542534878,3.896979336045715
vrptw,4,4,28,cluster_removal,best_position_first,17035424711727118925,5,13,13,24.033834246702835,23.097240692449347,0.9365935542534878,3.896979336045715
vrptw,4,4,28,cluster_removal,sequential_insertion,17789819858574242207,5,13,13,24.033834246702835,23.097240692449347,0.9365935542534878,3.896979336045715
vrptw,4,4,28,time_oriented_removal,greedy_insertion,510279921382374883,5,13,13,24.033834246702835,24.033834246702835,0.0,0.0
vrptw,4,4,28,time_oriented_removal,regret_2,11582669871458016977,5,13,13,24.033834246702835,24.033834246702835,0.0,0.0
vrptw,4,4,28,time_oriented_removal,regret_3,13249817712486192679,5,13,13,24.033834246702835,24.033834246702835,0.0,0.0
vrptw,4,4,28,time_oriented_removal,greedy_with_noise,16541455881375902408,5,13,13,24.033834246702835,24.033834246702835,0.0,0.0
vrptw,4,4,28,time_oriented_removal,best_position_first,2327622042651248453,5,13,13,24.033834246702835,24.033834246702835,0.0,0.0
vrptw,4,4,28,time_oriented_removal,sequential_insertion,5193018097284646436,5,13,13,24.033834246702835,24.033834246702835,0.0,0.0
vrptw,4,5,29,random_removal,greedy_insertion,3517913144061474666,5,14,14,26.588727991701916,26.586696583321668,0.0020314083802475125,0.007640111181255062
vrptw,4,5,29,random_removal,regret_2,296775357467997309,5,14,14,26.588727991701916,26.586696583321668,0.0020314083802475125,0.007640111181255062
vrptw,4,5,29,random_removal,regret_3,10691181979188228412,5,14,14,26.588727991701916,26.586696583321668,0.0020314083802475125,0.007640111181255062
vrptw,4,5,29,random_removal,greedy_with_noise,4220598828058858462,5,14,14,26.588727991701916,26.586696583321668,0.0020314083802475125,0.007640111181255062
vrptw,4,5,29,random_removal,best_position_first,3292711822026529278,5,14,14,26.588727991701916,26.586696583321668,0.0020314083802475125,0.007640111181255062
vrptw,4,5,29,random_removal,sequential_insertion,12460622990517945887,5,14,14,26.588727991701916,26.586696583321668,0.0020314083802475125,0.007640111181255062
vrptw,4,5,29,shaw_removal,greedy_insertion,799416046787072246,5,14,14,26.588727991701916,25.870270267168866,0.7184577245330495,2.7021139362412265
vrptw,4,5,29,shaw_removal,regret_2,8342399788071342131,5,14,14,26.588727991701916,25.870270267168866,0.7184577245330495,2.7021139362412265
vrptw,4,5,29,shaw_removal,regret_3,6935962791628818888,5,14,14,26.588727991701916,25.870270267168866,0.7184577245330495,2.7021139362412265
vrptw,4,5,29,shaw_removal,greedy_with_noise,18170390898388292280,5,14,14,26.588727991701916,25.88780425723868,0.7009237344632346,2.6361687354204615
vrptw,4,5,29,shaw_removal,best_position_first,8038924162084159290,5,14,14,26.588727991701916,25.870270267168866,0.7184577245330495,2.7021139362412265
vrptw,4,5,29,shaw_removal,sequential_insertion,3239306053364383971,5,14,14,26.588727991701916,25.870270267168866,0.7184577245330495,2.7021139362412265
vrptw,4,5,29,worst_removal,greedy_insertion,15363140843347567462,5,14,14,26.588727991701916,25.087642845231823,1.5010851464700927,5.645569607310913
vrptw,4,5,29,worst_removal,regret_2,217665137992204914,5,14,14,26.588727991701916,25.087642845231823,1.5010851464700927,5.645569607310913
vrptw,4,5,29,worst_removal,regret_3,3195317019979801496,5,14,14,26.588727991701916,25.087642845231823,1.5010851464700927,5.645569607310913
vrptw,4,5,29,worst_removal,greedy_with_noise,17763343136776677421,5,14,14,26.588727991701916,25.14327317214837,1.4454548195535466,5.436344378733195
vrptw,4,5,29,worst_removal,best_position_first,955569094413523225,5,14,14,26.588727991701916,26.155154317189915,0.4335736745120009,1.6306672310436026
vrptw,4,5,29,worst_removal,sequential_insertion,11138332576479731756,5,14,14,26.588727991701916,25.087642845231823,1.5010851464700927,5.645569607310913
vrptw,4,5,29,route_removal,greedy_insertion,17042428825213273919,5,14,14,26.588727991701916,26.475924426248742,0.1128035654531736,0.4242533358059795
vrptw,4,5,29,route_removal,regret_2,15872298611976693356,5,14,14,26.588727991701916,26.3980089162744,0.19071907542751632,0.7172929652258577
vrptw,4,5,29,route_removal,regret_3,15275144471205021943,5,14,14,26.588727991701916,26.3980089162744,0.19071907542751632,0.7172929652258577
vrptw,4,5,29,route_removal,greedy_with_noise,15991428725338699807,5,14,14,26.588727991701916,26.475924426248742,0.1128035654531736,0.4242533358059795
vrptw,4,5,29,route_removal,best_position_first,10168963449271166505,5,14,14,26.588727991701916,26.475924426248742,0.1128035654531736,0.4242533358059795
vrptw,4,5,29,route_removal,sequential_insertion,8351071306364155526,5,14,14,26.588727991701916,26.3980089162744,0.19071907542751632,0.7172929652258577
vrptw,4,5,29,cluster_removal,greedy_insertion,18137704598714414122,5,14,14,26.588727991701916,25.516160355700293,1.0725676360016223,4.033918570066083
vrptw,4,5,29,cluster_removal,regret_2,15747100808177197727,5,14,14,26.588727991701916,25.51654485237005,1.072183139331866,4.032472481069737
vrptw,4,5,29,cluster_removal,regret_3,11196402567376246304,5,14,14,26.588727991701916,25.639725807577403,0.9490021841245131,3.569189862789553
vrptw,4,5,29,cluster_removal,greedy_with_noise,6587642215803909185,5,14,14,26.588727991701916,25.51654485237005,1.072183139331866,4.032472481069737
vrptw,4,5,29,cluster_removal,best_position_first,13973070833848019808,5,14,14,26.588727991701916,25.51654485237005,1.072183139331866,4.032472481069737
vrptw,4,5,29,cluster_removal,sequential_insertion,10863477814621439142,5,14,14,26.588727991701916,25.516160355700293,1.0725676360016223,4.033918570066083
vrptw,4,5,29,time_oriented_removal,greedy_insertion,15082640382067589642,5,14,14,26.588727991701916,26.187904162816483,0.4008238288854322,1.507495315347637
vrptw,4,5,29,time_oriented_removal,regret_2,6319196031231410318,5,14,14,26.588727991701916,26.187904162816483,0.4008238288854322,1.507495315347637
vrptw,4,5,29,time_oriented_removal,regret_3,787380257902566254,5,14,14,26.588727991701916,26.187904162816483,0.4008238288854322,1.507495315347637
vrptw,4,5,29,time_oriented_removal,greedy_with_noise,17549750809741937220,5,14,14,26.588727991701916,26.262130344434343,0.32659764726757246,1.2283312212961086
vrptw,4,5,29,time_oriented_removal,best_position_first,15098696811768853798,5,14,14,26.588727991701916,26.187904162816483,0.4008238288854322,1.507495315347637
vrptw,4,5,29,time_oriented_removal,sequential_insertion,9170389398024174680,5,14,14,26.588727991701916,26.187904162816483,0.4008238288854322,1.507495315347637
vrptw,5,0,30,random_removal,greedy_insertion,7952259434962369907,5,13,13,21.19270237373457,21.023246377304186,0.16945599643038278,0.7995959809278504
vrptw,5,0,30,random_removal,regret_2,11582576515987317664,5,13,13,21.19270237373457,21.023246377304186,0.16945599643038278,0.7995959809278504
vrptw,5,0,30,random_removal,regret_3,4640077359530263428,5,13,13,21.19270237373457,21.023246377304186,0.16945599643038278,0.7995959809278504
vrptw,5,0,30,random_removal,greedy_with_noise,8827306699524647617,5,13,13,21.19270237373457,21.181213404523657,0.011488969210912359,0.05421191223423848
vrptw,5,0,30,random_removal,best_position_first,13166536976829334692,5,13,13,21.19270237373457,21.181213404523657,0.011488969210912359,0.05421191223423848
vrptw,5,0,30,random_removal,sequential_insertion,10759663120429184798,5,13,13,21.19270237373457,21.023246377304186,0.16945599643038278,0.7995959809278504
vrptw,5,0,30,shaw_removal,greedy_insertion,12800816182427310792,5,13,13,21.19270237373457,20.410924148338196,0.7817782253963728,3.6889029610743695
vrptw,5,0,30,shaw_removal,regret_2,17849476464436184330,5,13,13,21.19270237373457,20.410924148338196,0.7817782253963728,3.6889029610743695
vrptw,5,0,30,shaw_removal,regret_3,6697777738875936955,5,13,13,21.19270237373457,20.410924148338196,0.7817782253963728,3.6889029610743695
vrptw,5,0,30,shaw_removal,greedy_with_noise,15006797849224132770,5,13,13,21.19270237373457,20.500215897925305,0.6924864758092646,3.2675704287127916
vrptw,5,0,30,shaw_removal,best_position_first,1083821464953291369,5,13,13,21.19270237373457,20.410924148338196,0.7817782253963728,3.6889029610743695
vrptw,5,0,30,shaw_removal,sequential_insertion,11381444243493564102,5,13,13,21.19270237373457,20.410924148338196,0.7817782253963728,3.6889029610743695
vrptw,5,0,30,worst_removal,greedy_insertion,8456040700419833717,5,13,13,21.19270237373457,21.19270237373457,0.0,0.0
vrptw,5,0,30,worst_removal,regret_2,8516815235855566060,5,13,13,21.19270237373457,21.19270237373457,0.0,0.0
vrptw,5,0,30,worst_removal,regret_3,17652655778199392785,5,13,13,21.19270237373457,21.19270237373457,0.0,0.0
vrptw,5,0,30,worst_removal,greedy_with_noise,11744044819410024344,5,13,13,21.19270237373457,21.269251123123166,-0.07654874938859635,-0.3612033427292782
vrptw,5,0,30,worst_removal,best_position_first,7667314618102885411,5,13,14,21.19270237373457,21.447745931714675,-0.25504355798010536,-1.2034499115893622
vrptw,5,0,30,worst_removal,sequential_insertion,16355470481647838722,5,13,13,21.19270237373457,21.19270237373457,0.0,0.0
vrptw,5,0,30,route_removal,greedy_insertion,6582185236619968789,5,13,13,21.19270237373457,21.614969550078857,-0.42226717634428823,-1.9925121813045896
vrptw,5,0,30,route_removal,regret_2,8191702972672943116,5,13,13,21.19270237373457,21.19270237373457,0.0,0.0
vrptw,5,0,30,route_removal,regret_3,12832916664179531113,5,13,13,21.19270237373457,21.19270237373457,0.0,0.0
vrptw,5,0,30,route_removal,greedy_with_noise,17729646859121988403,5,13,13,21.19270237373457,21.614969550078857,-0.42226717634428823,-1.9925121813045896
vrptw,5,0,30,route_removal,best_position_first,3272036105332504743,5,13,13,21.19270237373457,21.614969550078857,-0.42226717634428823,-1.9925121813045896
vrptw,5,0,30,route_removal,sequential_insertion,16946133389532126318,5,13,13,21.19270237373457,21.54783510095757,-0.35513272722300115,-1.6757312067154737
vrptw,5,0,30,cluster_removal,greedy_insertion,1372928933417991182,5,13,14,21.19270237373457,21.75721959555073,-0.5645172218161605,-2.663734014949418
vrptw,5,0,30,cluster_removal,regret_2,10058673390697041070,5,13,13,21.19270237373457,20.511479945683796,0.6812224280507735,3.214419832059996
vrptw,5,0,30,cluster_removal,regret_3,10815253704918372671,5,13,13,21.19270237373457,20.92414191277406,0.2685604609605079,1.267230843072432
vrptw,5,0,30,cluster_removal,greedy_with_noise,17420225797782926846,5,13,13,21.19270237373457,20.511479945683796,0.6812224280507735,3.214419832059996
vrptw,5,0,30,cluster_removal,best_position_first,5621549104743945307,5,13,13,21.19270237373457,21.00562096548891,0.18708140824566044,0.8827633444119993
vrptw,5,0,30,cluster_removal,sequential_insertion,6431180535669678045,5,13,14,21.19270237373457,21.75721959555073,-0.5645172218161605,-2.663734014949418
vrptw,5,0,30,time_oriented_removal,greedy_insertion,15686370106229320045,5,13,13,21.19270237373457,20.47795635403297,0.7147460197016002,3.372604432870389
vrptw,5,0,30,time_oriented_removal,regret_2,6151322843050248244,5,13,13,21.19270237373457,20.017865419433754,1.1748369543008153,5.543592004372522
vrptw,5,0,30,time_oriented_removal,regret_3,7483837519354952902,5,13,13,21.19270237373457,20.017865419433754,1.1748369543008153,5.543592004372522
vrptw,5,0,30,time_oriented_removal,greedy_with_noise,1347053427689430060,5,13,13,21.19270237373457,20.326513591077855,0.8661887826567138,4.087203072932479
vrptw,5,0,30,time_oriented_removal,best_position_first,6579760060807789864,5,13,13,21.19270237373457,20.47795635403297,0.7147460197016002,3.372604432870389
vrptw,5,0,30,time_oriented_removal,sequential_insertion,17883491551880058702,5,13,13,21.19270237373457,20.326513591077855,0.8661887826567138,4.087203072932479
vrptw,5,1,31,random_removal,greedy_insertion,15205829235360967091,5,12,12,20.549407517737592,20.017320037592217,0.5320874801453748,2.5893081330257033
vrptw,5,1,31,random_removal,regret_2,10372237890062850478,5,12,12,20.549407517737592,19.349133329595396,1.2002741881421954,5.840918708270091
vrptw,5,1,31,random_removal,regret_3,7464793576855656887,5,12,12,20.549407517737592,19.349133329595396,1.2002741881421954,5.840918708270091
vrptw,5,1,31,random_removal,greedy_with_noise,15621751540570250695,5,12,12,20.549407517737592,19.964158865122656,0.5852486526149363,2.848007428485558
vrptw,5,1,31,random_removal,best_position_first,6934466017445731110,5,12,12,20.549407517737592,19.349133329595396,1.2002741881421954,5.840918708270091
vrptw,5,1,31,random_removal,sequential_insertion,6912487749315862947,5,12,12,20.549407517737592,20.017320037592217,0.5320874801453748,2.5893081330257033
vrptw,5,1,31,shaw_removal,greedy_insertion,6936088807570641771,5,12,12,20.549407517737592,20.549407517737592,0.0,0.0
vrptw,5,1,31,shaw_removal,regret_2,11777243974382317863,5,12,12,20.549407517737592,20.549407517737592,0.0,0.0
vrptw,5,1,31,shaw_removal,regret_3,11329893376274695352,5,12,12,20.549407517737592,20.549407517737592,0.0,0.0
vrptw,5,1,31,shaw_removal,greedy_with_noise,4758641110636087431,5,12,12,20.549407517737592,20.6636178659092,-0.11421034817160702,-0.5557841415769496
vrptw,5,1,31,shaw_removal,best_position_first,2042469832843840707,5,12,12,20.549407517737592,20.549407517737592,0.0,0.0
vrptw,5,1,31,shaw_removal,sequential_insertion,2915734033408157595,5,12,12,20.549407517737592,20.549407517737592,0.0,0.0
vrptw,5,1,31,worst_removal,greedy_insertion,12450853457977669738,5,12,12,20.549407517737592,20.466477104679967,0.08293041305762472,0.4035659567607574
vrptw,5,1,31,worst_removal,regret_2,6184612842848011269,5,12,12,20.549407517737592,20.359259106757346,0.19014841098024604,0.9253230820212992
vrptw,5,1,31,worst_removal,regret_3,17819985281573380178,5,12,12,20.549407517737592,20.466477104679967,0.08293041305762472,0.4035659567607574
vrptw,5,1,31,worst_removal,greedy_with_noise,12586982156008383795,5,12,12,20.549407517737592,20.359259106757346,0.19014841098024604,0.9253230820212992
vrptw,5,1,31,worst_removal,best_position_first,5599725084422313440,5,12,12,20.549407517737592,20.98463610838006,-0.4352285906424669,-2.1179617478839305
vrptw,5,1,31,worst_removal,sequential_insertion,6971458107308214660,5,12,12,20.549407517737592,20.98463610838006,-0.4352285906424669,-2.1179617478839305
vrptw,5,1,31,route_removal,greedy_insertion,8603025069672162851,5,12,12,20.549407517737592,20.763965540440946,-0.2145580227033541,-1.044108072304053
vrptw,5,1,31,route_removal,regret_2,1109483184294514280,5,12,12,20.549407517737592,20.31348192642443,0.23592559131316193,1.1480895062766092
vrptw,5,1,31,route_removal,regret_3,13369328250261266912,5,12,12,20.549407517737592,20.31348192642443,0.23592559131316193,1.1480895062766092
vrptw,5,1,31,route_removal,greedy_with_noise,12746630840869663937,5,12,12,20.549407517737592,20.763965540440946,-0.2145580227033541,-1.044108072304053
vrptw,5,1,31,route_removal,best_position_first,9634062438752127752,5,12,12,20.549407517737592,20.763965540440946,-0.2145580227033541,-1.044108072304053
vrptw,5,1,31,route_removal,sequential_insertion,573992957925228850,5,12,12,20.549407517737592,20.422154677446365,0.1272528402912272,0.6192530864035208
vrptw,5,1,31,cluster_removal,greedy_insertion,9116655698158095359,5,12,12,20.549407517737592,20.31348192642443,0.23592559131316193,1.1480895062766092
vrptw,5,1,31,cluster_removal,regret_2,1275231376177452282,5,12,12,20.549407517737592,20.31348192642443,0.23592559131316193,1.1480895062766092
vrptw,5,1,31,cluster_removal,regret_3,16823347478219969347,5,12,12,20.549407517737592,20.31348192642443,0.23592559131316193,1.1480895062766092
vrptw,5,1,31,cluster_removal,greedy_with_noise,4315796536214613119,5,12,12,20.549407517737592,20.42893553654065,0.12047198119694258,0.5862552537972446
vrptw,5,1,31,cluster_removal,best_position_first,15017494465293923143,5,12,12,20.549407517737592,20.31348192642443,0.23592559131316193,1.1480895062766092
vrptw,5,1,31,cluster_removal,sequential_insertion,18254740825883103467,5,12,12,20.549407517737592,20.31348192642443,0.23592559131316193,1.1480895062766092
vrptw,5,1,31,time_oriented_removal,greedy_insertion,5989195965922789249,5,12,12,20.549407517737592,19.86441613834376,0.684991379393832,3.333387489651803
vrptw,5,1,31,time_oriented_removal,regret_2,10901245618130216128,5,12,12,20.549407517737592,19.86441613834376,0.684991379393832,3.333387489651803
vrptw,5,1,31,time_oriented_removal,regret_3,12355828947463353367,5,12,12,20.549407517737592,19.86441613834376,0.684991379393832,3.333387489651803
vrptw,5,1,31,time_oriented_removal,greedy_with_noise,2254514857849811991,5,12,12,20.549407517737592,19.875995216376918,0.6734123013606741,3.277039986575798
vrptw,5,1,31,time_oriented_removal,best_position_first,14480283705976873683,5,12,12,20.549407517737592,19.86441613834376,0.684991379393832,3.333387489651803
vrptw,5,1,31,time_oriented_removal,sequential_insertion,12594790923456913760,5,12,12,20.549407517737592,19.86441613834376,0.684991379393832,3.333387489651803
vrptw,5,2,32,random_removal,greedy_insertion,13410236842692998586,5,13,13,21.316712232680725,21.29314735708835,0.02356487559237408,0.11054648266183698
vrptw,5,2,32,random_removal,regret_2,5687237159752373704,5,13,13,21.316712232680725,21.29314735708835,0.02356487559237408,0.11054648266183698
vrptw,5,2,32,random_removal,regret_3,13804244570765450476,5,13,13,21.316712232680725,21.29314735708835,0.02356487559237408,0.11054648266183698
vrptw,5,2,32,random_removal,greedy_with_noise,5645586302071266623,5,13,13,21.316712232680725,21.29314735708835,0.02356487559237408,0.11054648266183698
vrptw,5,2,32,random_removal,best_position_first,15876301647145718773,5,13,13,21.316712232680725,21.29314735708835,0.02356487559237408,0.11054648266183698
vrptw,5,2,32,random_removal,sequential_insertion,10840334678128182981,5,13,13,21.316712232680725,21.29314735708835,0.02356487559237408,0.11054648266183698
vrptw,5,2,32,shaw_removal,greedy_insertion,16663734894248268084,5,13,13,21.316712232680725,21.29314735708835,0.02356487559237408,0.11054648266183698
vrptw,5,2,32,shaw_removal,regret_2,18269826390014627551,5,13,13,21.316712232680725,21.29314735708835,0.02356487559237408,0.11054648266183698
vrptw,5,2,32,shaw_removal,regret_3,11992416329925416249,5,13,13,21.316712232680725,21.29314735708835,0.02356487559237408,0.11054648266183698
vrptw,5,2,32,shaw_removal,greedy_with_noise,4807178622078426458,5,13,13,21.316712232680725,21.39288856814862,-0.07617633546789548,-0.35735499281690014
vrptw,5,2,32,shaw_removal,best_position_first,14708773648217778046,5,13,13,21.316712232680725,21.29314735708835,0.02356487559237408,0.11054648266183698
vrptw,5,2,32,shaw_removal,sequential_insertion,10592892754656535721,5,13,13,21.316712232680725,21.29314735708835,0.02356487559237408,0.11054648266183698
vrptw,5,2,32,worst_removal,greedy_insertion,9621367877568342761,5,13,13,21.316712232680725,20.75622357150292,0.5604886611778035,2.629339154461711
vrptw,5,2,32,worst_removal,regret_2,1477047959536507152,5,13,13,21.316712232680725,20.75622357150292,0.5604886611778035,2.629339154461711
vrptw,5,2,32,worst_removal,regret_3,3552231656249243454,5,13,13,21.316712232680725,20.9155119537323,0.40120027894842636,1.8820926724963938
vrptw,5,2,32,worst_removal,greedy_with_noise,15716187793305593443,5,13,13,21.316712232680725,21.05427916732656,0.2624330653541662,1.2311141722494578
vrptw,5,2,32,worst_removal,best_position_first,5740575349944367194,5,13,13,21.316712232680725,20.9155119537323,0.40120027894842636,1.8820926724963938
vrptw,5,2,32,worst_removal,sequential_insertion,7767577617114694366,5,13,13,21.316712232680725,20.9155119537323,0.40120027894842636,1.8820926724963938
vrptw,5,2,32,route_removal,greedy_insertion,1724418648663959591,5,13,13,21.316712232680725,21.426065318868574,-0.10935308618784845,-0.512992271013533
vrptw,5,2,32,route_removal,regret_2,6395529887764420589,5,13,13,21.316712232680725,20.97876550820226,0.3379467244784635,1.5853604476601988
vrptw,5,2,32,route_removal,regret_3,822247725183147222,5,13,13,21.316712232680725,20.97876550820226,0.3379467244784635,1.5853604476601988
vrptw,5,2,32,route_removal,greedy_with_noise,7806137748572980345,5,13,13,21.316712232680725,21.43500337402237,-0.11829114134164342,-0.5549220726463195
vrptw,5,2,32,route_removal,best_position_first,13854071381018174961,5,13,13,21.316712232680725,21.426065318868574,-0.10935308618784845,-0.512992271013533
vrptw,5,2,32,route_removal,sequential_insertion,5409681354596116756,5,13,13,21.316712232680725,20.97876550820226,0.3379467244784635,1.5853604476601988
vrptw,5,2,32,cluster_removal,greedy_insertion,11087610342011001714,5,13,13,21.316712232680725,21.171961577228362,0.14475065545236276,0.6790477531072782
vrptw,5,2,32,cluster_removal,regret_2,9589542587165067263,5,13,13,21.316712232680725,21.171961577228362,0.14475065545236276,0.6790477531072782
vrptw,5,2,32,cluster_removal,regret_3,7139885770046674517,5,13,13,21.316712232680725,21.182161600470874,0.13455063220985153,0.6311978636347658
vrptw,5,2,32,cluster_removal,greedy_with_noise,3708792018675079020,5,13,13,21.316712232680725,21.182161600470874,0.13455063220985153,0.6311978636347658
vrptw,5,2,32,cluster_removal,best_position_first,11033118633542707402,5,13,13,21.316712232680725,21.182161600470874,0.13455063220985153,0.6311978636347658
vrptw,5,2,32,cluster_removal,sequential_insertion,4274596773946045193,5,13,13,21.316712232680725,21.171961577228362,0.14475065545236276,0.6790477531072782
vrptw,5,2,32,time_oriented_removal,greedy_insertion,13548986121479890438,5,13,13,21.316712232680725,20.963266066617873,0.3534461660628523,1.6580707296924653
vrptw,5,2,32,time_oriented_removal,regret_2,18319634422640183449,5,13,13,21.316712232680725,20.73900048549533,0.577711747185397,2.710135319553196
vrptw,5,2,32,time_oriented_removal,regret_3,844209975301444317,5,13,13,21.316712232680725,20.83659323835162,0.48011899432910354,2.2523125944020177
vrptw,5,2,32,time_oriented_removal,greedy_with_noise,6842587963053358258,5,13,13,21.316712232680725,20.963266066617873,0.3534461660628523,1.6580707296924653
vrptw,5,2,32,time_oriented_removal,best_position_first,12946546466342441846,5,13,13,21.316712232680725,20.73900048549533,0.577711747185397,2.710135319553196
vrptw,5,2,32,time_oriented_removal,sequential_insertion,11584041538569038515,5,13,13,21.316712232680725,20.963266066617873,0.3534461660628523,1.6580707296924653
vrptw,5,3,33,random_removal,greedy_insertion,835057428840531418,5,13,13,20.01951470265202,20.01951470265202,0.0,0.0
vrptw,5,3,33,random_removal,regret_2,15537134683190609881,5,13,13,20.01951470265202,20.01951470265202,0.0,0.0
vrptw,5,3,33,random_removal,regret_3,7605124816222706006,5,13,13,20.01951470265202,20.01951470265202,0.0,0.0
vrptw,5,3,33,random_removal,greedy_with_noise,8333572808640352868,5,13,13,20.01951470265202,20.01951470265202,0.0,0.0
vrptw,5,3,33,random_removal,best_position_first,1853695518899729254,5,13,13,20.01951470265202,20.01951470265202,0.0,0.0
vrptw,5,3,33,random_removal,sequential_insertion,8432915993152787294,5,13,13,20.01951470265202,20.01951470265202,0.0,0.0
vrptw,5,3,33,shaw_removal,greedy_insertion,17266824084759698230,5,13,13,20.01951470265202,19.108902770801066,0.9106119318509549,4.548621409540584
vrptw,5,3,33,shaw_removal,regret_2,12328414924546046783,5,13,13,20.01951470265202,19.108902770801066,0.9106119318509549,4.548621409540584
vrptw,5,3,33,shaw_removal,regret_3,3118580471928699998,5,13,13,20.01951470265202,19.108902770801066,0.9106119318509549,4.548621409540584
vrptw,5,3,33,shaw_removal,greedy_with_noise,11753264291862407676,5,13,13,20.01951470265202,19.108902770801066,0.9106119318509549,4.548621409540584
vrptw,5,3,33,shaw_removal,best_position_first,11039124370471394374,5,13,13,20.01951470265202,19.108902770801066,0.9106119318509549,4.548621409540584
vrptw,5,3,33,shaw_removal,sequential_insertion,1047490982725502591,5,13,13,20.01951470265202,19.108902770801066,0.9106119318509549,4.548621409540584
vrptw,5,3,33,worst_removal,greedy_insertion,15189317493302983395,5,13,13,20.01951470265202,19.93792115446309,0.0815935481889305,0.40757006051760913
vrptw,5,3,33,worst_removal,regret_2,17830433537120017774,5,13,13,20.01951470265202,19.248579906435218,0.7709347962168032,3.850916506555856
vrptw,5,3,33,worst_removal,regret_3,590027347753852597,5,13,13,20.01951470265202,19.248579906435218,0.7709347962168032,3.850916506555856
vrptw,5,3,33,worst_removal,greedy_with_noise,2872721891099453599,5,13,13,20.01951470265202,19.248579906435218,0.7709347962168032,3.850916506555856
vrptw,5,3,33,worst_removal,best_position_first,9130405473893871092,5,13,13,20.01951470265202,19.248579906435218,0.7709347962168032,3.850916506555856
vrptw,5,3,33,worst_removal,sequential_insertion,11259110490489643842,5,13,14,20.01951470265202,21.088900453715844,-1.0693857510638232,-5.341716654710714
vrptw,5,3,33,route_removal,greedy_insertion,15585700722139002269,5,13,12,20.01951470265202,19.488138324735246,0.5313763779167751,2.6542920036237576
vrptw,5,3,33,route_removal,regret_2,2657332366715693954,5,13,12,20.01951470265202,19.488138324735246,0.5313763779167751,2.6542920036237576
vrptw,5,3,33,route_removal,regret_3,17929164931298620054,5,13,12,20.01951470265202,19.488138324735246,0.5313763779167751,2.6542920036237576
vrptw,5,3,33,route_removal,greedy_with_noise,132755546375515264,5,13,12,20.01951470265202,19.58224889562435,0.43726580702767137,2.1841978365726615
vrptw,5,3,33,route_removal,best_position_first,8755143220583829100,5,13,12,20.01951470265202,19.488138324735246,0.5313763779167751,2.6542920036237576
vrptw,5,3,33,route_removal,sequential_insertion,1040110902974224557,5,13,12,20.01951470265202,19.488138324735246,0.5313763779167751,2.6542920036237576
vrptw,5,3,33,cluster_removal,greedy_insertion,11735211091125875264,5,13,13,20.01951470265202,18.915778621002527,1.1037360816494939,5.513300886875545
vrptw,5,3,33,cluster_removal,regret_2,5960895547534245534,5,13,13,20.01951470265202,18.915778621002527,1.1037360816494939,5.513300886875545
vrptw,5,3,33,cluster_removal,regret_3,8039387532018888629,5,13,13,20.01951470265202,18.915778621002527,1.1037360816494939,5.513300886875545
vrptw,5,3,33,cluster_removal,greedy_with_noise,3573958489273009225,5,13,13,20.01951470265202,18.915778621002527,1.1037360816494939,5.513300886875545
vrptw,5,3,33,cluster_removal,best_position_first,16663947841177955795,5,13,13,20.01951470265202,18.915778621002527,1.1037360816494939,5.513300886875545
vrptw,5,3,33,cluster_removal,sequential_insertion,3711962011461030445,5,13,13,20.01951470265202,18.915778621002527,1.1037360816494939,5.513300886875545
vrptw,5,3,33,time_oriented_removal,greedy_insertion,13610326819243486517,5,13,13,20.01951470265202,20.01951470265202,0.0,0.0
vrptw,5,3,33,time_oriented_removal,regret_2,10121960639423232010,5,13,13,20.01951470265202,20.01951470265202,0.0,0.0
vrptw,5,3,33,time_oriented_removal,regret_3,17951302976531459947,5,13,13,20.01951470265202,20.01951470265202,0.0,0.0
vrptw,5,3,33,time_oriented_removal,greedy_with_noise,7131014158725066388,5,13,13,20.01951470265202,20.01951470265202,0.0,0.0
vrptw,5,3,33,time_oriented_removal,best_position_first,657709425267139954,5,13,13,20.01951470265202,20.01951470265202,0.0,0.0
vrptw,5,3,33,time_oriented_removal,sequential_insertion,10021876144557194311,5,13,13,20.01951470265202,20.01951470265202,0.0,0.0
vrptw,5,4,34,random_removal,greedy_insertion,10384824802235994462,5,12,12,21.09723197368794,20.922327358668117,0.17490461501982324,0.8290405833237313
vrptw,5,4,34,random_removal,regret_2,3933705716115290989,5,12,12,21.09723197368794,20.893707009730612,0.203524963957328,0.9646998440893119
vrptw,5,4,34,random_removal,regret_3,9091433545039641541,5,12,12,21.09723197368794,20.893707009730612,0.203524963957328,0.9646998440893119
vrptw,5,4,34,random_removal,greedy_with_noise,8248700107972607347,5,12,12,21.09723197368794,20.893707009730612,0.203524963957328,0.9646998440893119
vrptw,5,4,34,random_removal,best_position_first,599205955555537564,5,12,12,21.09723197368794,20.893707009730612,0.203524963957328,0.9646998440893119
vrptw,5,4,34,random_removal,sequential_insertion,8291546063521245141,5,12,12,21.09723197368794,20.922327358668117,0.17490461501982324,0.8290405833237313
vrptw,5,4,34,shaw_removal,greedy_insertion,12572423759156068406,5,12,12,21.09723197368794,20.448908129393423,0.6483238442945165,3.0730279929760145
vrptw,5,4,34,shaw_removal,regret_2,11548008165321696371,5,12,12,21.09723197368794,20.426483963776786,0.6707480099111542,3.1793176031229984
vrptw,5,4,34,shaw_removal,regret_3,4722545989755067886,5,12,12,21.09723197368794,20.426483963776786,0.6707480099111542,3.1793176031229984
vrptw,5,4,34,shaw_removal,greedy_with_noise,157271921465553686,5,12,12,21.09723197368794,20.426483963776786,0.6707480099111542,3.1793176031229984
vrptw,5,4,34,shaw_removal,best_position_first,14446005390978919186,5,12,12,21.09723197368794,20.46607259599886,0.6311593776890803,2.9916691368623622
vrptw,5,4,34,shaw_removal,sequential_insertion,10322518641461915882,5,12,12,21.09723197368794,20.448908129393423,0.6483238442945165,3.0730279929760145
vrptw,5,4,34,worst_removal,greedy_insertion,1412887015652993204,5,12,12,21.09723197368794,19.866896843910776,1.2303351297771634,5.831737221791056
vrptw,5,4,34,worst_removal,regret_2,11056897840739631877,5,12,12,21.09723197368794,19.866896843910776,1.2303351297771634,5.831737221791056
vrptw,5,4,34,worst_removal,regret_3,15747222641904524056,5,12,12,21.09723197368794,19.866896843910776,1.2303351297771634,5.831737221791056
vrptw,5,4,34,worst_removal,greedy_with_noise,598909891937341721,5,12,12,21.09723197368794,19.866896843910776,1.2303351297771634,5.831737221791056
vrptw,5,4,34,worst_removal,best_position_first,15241117098878929884,5,12,12,21.09723197368794,19.866896843910776,1.2303351297771634,5.831737221791056
vrptw,5,4,34,worst_removal,sequential_insertion,4690768424187843859,5,12,12,21.09723197368794,19.866896843910776,1.2303351297771634,5.831737221791056
vrptw,5,4,34,route_removal,greedy_insertion,13946477804956678319,5,12,12,21.09723197368794,20.931081235365923,0.16615073832201688,0.787547572730095
vrptw,5,4,34,route_removal,regret_2,8156746912115287284,5,12,12,21.09723197368794,20.931081235365923,0.16615073832201688,0.787547572730095
vrptw,5,4,34,route_removal,regret_3,4923261580090372351,5,12,12,21.09723197368794,20.931081235365923,0.16615073832201688,0.787547572730095
vrptw,5,4,34,route_removal,greedy_with_noise,6482671035465462146,5,12,12,21.09723197368794,21.036984407266345,0.060247566421594456,0.28557095308395936
vrptw,5,4,34,route_removal,best_position_first,13511233705077734493,5,12,12,21.09723197368794,21.036984407266345,0.060247566421594456,0.28557095308395936
vrptw,5,4,34,route_removal,sequential_insertion,581506425842374593,5,12,12,21.09723197368794,21.036984407266345,0.060247566421594456,0.28557095308395936
vrptw,5,4,34,cluster_removal,greedy_insertion,3024107455912715678,5,12,12,21.09723197368794,20.845806379361562,0.2514255943263777,1.1917468350348084
vrptw,5,4,34,cluster_removal,regret_2,11642328854158771428,5,12,12,21.09723197368794,20.845806379361562,0.2514255943263777,1.1917468350348084
vrptw,5,4,34,cluster_removal,regret_3,17039136721393014685,5,12,12,21.09723197368794,20.845806379361562,0.2514255943263777,1.1917468350348084
vrptw,5,4,34,cluster_removal,greedy_with_noise,10216576566626052079,5,12,12,21.09723197368794,20.845806379361562,0.2514255943263777,1.1917468350348084
vrptw,5,4,34,cluster_removal,best_position_first,11178267804741175043,5,12,12,21.09723197368794,20.845806379361562,0.2514255943263777,1.1917468350348084
vrptw,5,4,34,cluster_removal,sequential_insertion,2483069407283999400,5,12,12,21.09723197368794,20.845806379361562,0.2514255943263777,1.1917468350348084
vrptw,5,4,34,time_oriented_removal,greedy_insertion,11761452843337951776,5,12,12,21.09723197368794,20.514294328335556,0.5829376453523842,2.7631001359771403
vrptw,5,4,34,time_oriented_removal,regret_2,10002605208641405168,5,12,12,21.09723197368794,20.514294328335556,0.5829376453523842,2.7631001359771403
vrptw,5,4,34,time_oriented_removal,regret_3,10449623074590322303,5,12,12,21.09723197368794,20.555171040693487,0.5420609329944526,2.5693462235733127
vrptw,5,4,34,time_oriented_removal,greedy_with_noise,14698495860396780870,5,12,12,21.09723197368794,20.86649297720575,0.23073899648219154,1.0936932236890828
vrptw,5,4,34,time_oriented_removal,best_position_first,5676757174480157548,5,12,12,21.09723197368794,20.773475677343374,0.32375629634456615,1.534591347094011
vrptw,5,4,34,time_oriented_removal,sequential_insertion,17290977876447898234,5,12,12,21.09723197368794,20.773475677343374,0.32375629634456615,1.534591347094011
vrptw,5,5,35,random_removal,greedy_insertion,17045504549340619960,5,13,13,20.463944978429833,19.918621296064348,0.5453236823654848,2.6648023288778733
vrptw,5,5,35,random_removal,regret_2,1897582667423703660,5,13,13,20.463944978429833,19.918621296064348,0.5453236823654848,2.6648023288778733
vrptw,5,5,35,random_removal,regret_3,16959923114342514191,5,13,13,20.463944978429833,19.918621296064348,0.5453236823654848,2.6648023288778733
vrptw,5,5,35,random_removal,greedy_with_noise,4221860197106286572,5,13,13,20.463944978429833,19.918621296064348,0.5453236823654848,2.6648023288778733
vrptw,5,5,35,random_removal,best_position_first,2693312966693241207,5,13,13,20.463944978429833,19.918621296064348,0.5453236823654848,2.6648023288778733
vrptw,5,5,35,random_removal,sequential_insertion,5377170510952756271,5,13,13,20.463944978429833,19.918621296064348,0.5453236823654848,2.6648023288778733
vrptw,5,5,35,shaw_removal,greedy_insertion,16746451092374336172,5,13,13,20.463944978429833,20.42821178298384,0.035733195445992294,0.1746153807765664
vrptw,5,5,35,shaw_removal,regret_2,16974701049021671669,5,13,13,20.463944978429833,20.41127245555796,0.052672522871873184,0.25739183196296234
vrptw,5,5,35,shaw_removal,regret_3,11730227693096753366,5,13,13,20.463944978429833,20.41127245555796,0.052672522871873184,0.25739183196296234
vrptw,5,5,35,shaw_removal,greedy_with_noise,2750097813139716008,5,13,13,20.463944978429833,20.463944978429833,0.0,0.0
vrptw,5,5,35,shaw_removal,best_position_first,4534344633532917702,5,13,13,20.463944978429833,20.41127245555796,0.052672522871873184,0.25739183196296234
vrptw,5,5,35,shaw_removal,sequential_insertion,11880460208637758416,5,13,13,20.463944978429833,20.41127245555796,0.052672522871873184,0.25739183196296234
vrptw,5,5,35,worst_removal,greedy_insertion,12308561707734612946,5,13,13,20.463944978429833,20.27488808151672,0.18905689691311167,0.923853622126078
vrptw,5,5,35,worst_removal,regret_2,15484965890828522027,5,13,13,20.463944978429833,19.82079527368755,0.6431497047422816,3.14284320750568
vrptw,5,5,35,worst_removal,regret_3,1215342560820472340,5,13,13,20.463944978429833,19.82079527368755,0.6431497047422816,3.14284320750568
vrptw,5,5,35,worst_removal,greedy_with_noise,10959633164709196774,5,13,13,20.463944978429833,20.198339332128125,0.265605646301708,1.2979200568691498
vrptw,5,5,35,worst_removal,best_position_first,10641404134167089070,5,13,13,20.463944978429833,20.198339332128125,0.265605646301708,1.2979200568691498
vrptw,5,5,35,worst_removal,sequential_insertion,3192507315297614857,5,13,13,20.463944978429833,20.31295857925364,0.15098639917619394,0.7378166787261314
vrptw,5,5,35,route_removal,greedy_insertion,248847096345956275,5,13,12,20.463944978429833,20.250128103919124,0.21381687451070874,1.0448468012208005
vrptw,5,5,35,route_removal,regret_2,212446704952754357,5,13,12,20.463944978429833,20.250128103919124,0.21381687451070874,1.0448468012208005
vrptw,5,5,35,route_removal,regret_3,12222714359168507993,5,13,12,20.463944978429833,20.252232158759465,0.21171281967036748,1.034565035693386
vrptw,5,5,35,route_removal,greedy_with_noise,7974631866830467230,5,13,12,20.463944978429833,20.731190783368152,-0.2672458049383195,-1.305934927112108
vrptw,5,5,35,route_removal,best_position_first,3000222594535479658,5,13,12,20.463944978429833,20.68230263739475,-0.21835765896491566,-1.0670359952349222
vrptw,5,5,35,route_removal,sequential_insertion,1842715399528300429,5,13,12,20.463944978429833,20.68230263739475,-0.21835765896491566,-1.0670359952349222
vrptw,5,5,35,cluster_removal,greedy_insertion,7323609676004650278,5,13,13,20.463944978429833,20.125339961947702,0.3386050164821306,1.6546419414196023
vrptw,5,5,35,cluster_removal,regret_2,12405544295744062315,5,13,13,20.463944978429833,19.51329384857452,0.9506511298553129,4.645492991978592
vrptw,5,5,35,cluster_removal,regret_3,1714431313041043156,5,13,13,20.463944978429833,19.51329384857452,0.9506511298553129,4.645492991978592
vrptw,5,5,35,cluster_removal,greedy_with_noise,4355709440177896316,5,13,13,20.463944978429833,20.787672197464737,-0.32372721903490387,-1.5819394519293852
vrptw,5,5,35,cluster_removal,best_position_first,582870148814381510,5,13,13,20.463944978429833,20.75172584398698,-0.28778086555714566,-1.406282443881095
vrptw,5,5,35,cluster_removal,sequential_insertion,15072832408963593437,5,13,13,20.463944978429833,19.51329384857452,0.9506511298553129,4.645492991978592
vrptw,5,5,35,time_oriented_removal,greedy_insertion,1410077119525220473,5,13,13,20.463944978429833,20.057307227047783,0.40663775138204983,1.987093650860913
vrptw,5,5,35,time_oriented_removal,regret_2,2773821970412187921,5,13,13,20.463944978429833,19.688579795692828,0.7753651827370049,3.7889330896573665
vrptw,5,5,35,time_oriented_removal,regret_3,7280236190795197618,5,13,13,20.463944978429833,19.688579795692828,0.7753651827370049,3.7889330896573665
vrptw,5,5,35,time_oriented_removal,greedy_with_noise,4678532757791833301,5,13,13,20.463944978429833,20.05640810471105,0.407536873718783,1.9914873410202683
vrptw,5,5,35,time_oriented_removal,best_position_first,6298966640882769267,5,13,13,20.463944978429833,19.718779032985815,0.7451659454440183,3.641360188514315
vrptw,5,5,35,time_oriented_removal,sequential_insertion,1185997196048236063,5,13,13,20.463944978429833,19.719678155322548,0.7442668231072851,3.6369664983549597
vrptw,6,0,36,random_removal,greedy_insertion,1756543955162432366,5,12,12,23.13590932050681,22.522008760387678,0.6139005601191307,2.6534533465472747
vrptw,6,0,36,random_removal,regret_2,1622986762679761142,5,12,12,23.13590932050681,22.522008760387678,0.6139005601191307,2.6534533465472747
vrptw,6,0,36,random_removal,regret_3,13991769887942239145,5,12,12,23.13590932050681,22.522008760387678,0.6139005601191307,2.6534533465472747
vrptw,6,0,36,random_removal,greedy_with_noise,12480150134247837798,5,12,12,23.13590932050681,22.522008760387678,0.6139005601191307,2.6534533465472747
vrptw,6,0,36,random_removal,best_position_first,7538389760334767273,5,12,12,23.13590932050681,22.522008760387678,0.6139005601191307,2.6534533465472747
vrptw,6,0,36,random_removal,sequential_insertion,3287307770155253345,5,12,12,23.13590932050681,22.522008760387678,0.6139005601191307,2.6534533465472747
vrptw,6,0,36,shaw_removal,greedy_insertion,12625704115291200187,5,12,12,23.13590932050681,22.757981832309948,0.3779274881968604,1.6335104143145978
vrptw,6,0,36,shaw_removal,regret_2,11578402026140820718,5,12,12,23.13590932050681,22.757981832309948,0.3779274881968604,1.6335104143145978
vrptw,6,0,36,shaw_removal,regret_3,13239529751759548607,5,12,12,23.13590932050681,22.757981832309948,0.3779274881968604,1.6335104143145978
vrptw,6,0,36,shaw_removal,greedy_with_noise,17253704788978261825,5,12,12,23.13590932050681,22.917879958726363,0.21802936178044519,0.9423850982472173
vrptw,6,0,36,shaw_removal,best_position_first,5484957231616586645,5,12,12,23.13590932050681,22.917879958726363,0.21802936178044519,0.9423850982472173
vrptw,6,0,36,shaw_removal,sequential_insertion,13544846383198482457,5,12,12,23.13590932050681,22.757981832309948,0.3779274881968604,1.6335104143145978
vrptw,6,0,36,worst_removal,greedy_insertion,14915441152985644970,5,12,12,23.13590932050681,23.13590932050681,0.0,0.0
vrptw,6,0,36,worst_removal,regret_2,11195026082384806847,5,12,12,23.13590932050681,23.13590932050681,0.0,0.0
vrptw,6,0,36,worst_removal,regret_3,17301009419748330654,5,12,12,23.13590932050681,23.13590932050681,0.0,0.0
vrptw,6,0,36,worst_removal,greedy_with_noise,3297729659923641194,5,12,13,23.13590932050681,24.759798099699434,-1.623888779192626,-7.018910545924691
vrptw,6,0,36,worst_removal,best_position_first,1348430579261868208,5,12,13,23.13590932050681,24.759798099699434,-1.623888779192626,-7.018910545924691
vrptw,6,0,36,worst_removal,sequential_insertion,16746861976559579983,5,12,12,23.13590932050681,23.13590932050681,0.0,0.0
vrptw,6,0,36,route_removal,greedy_insertion,5966856136449389322,5,12,11,23.13590932050681,21.703699850190507,1.4322094703163017,6.190417893135692
vrptw,6,0,36,route_removal,regret_2,16259208748663830312,5,12,11,23.13590932050681,21.703699850190507,1.4322094703163017,6.190417893135692
vrptw,6,0,36,route_removal,regret_3,3341837162253287050,5,12,11,23.13590932050681,21.703699850190507,1.4322094703163017,6.190417893135692
vrptw,6,0,36,route_removal,greedy_with_noise,4056420541136793379,5,12,12,23.13590932050681,23.17230834454398,-0.03639902403716988,-0.15732696533741658
vrptw,6,0,36,route_removal,best_position_first,8117660121312955964,5,12,11,23.13590932050681,21.703699850190507,1.4322094703163017,6.190417893135692
vrptw,6,0,36,route_removal,sequential_insertion,1687903238537832145,5,12,11,23.13590932050681,21.703699850190507,1.4322094703163017,6.190417893135692
vrptw,6,0,36,cluster_removal,greedy_insertion,1381302648359146133,5,12,12,23.13590932050681,22.938254343959354,0.19765497654745445,0.8543211931257892
vrptw,6,0,36,cluster_removal,regret_2,7202049401808363113,5,12,12,23.13590932050681,22.61209351049118,0.5238158100156269,2.2640813583727875
vrptw,6,0,36,cluster_removal,regret_3,13963109111838349911,5,12,12,23.13590932050681,22.938254343959354,0.19765497654745445,0.8543211931257892
vrptw,6,0,36,cluster_removal,greedy_with_noise,15133580971571946098,5,12,12,23.13590932050681,22.61209351049118,0.5238158100156269,2.2640813583727875
vrptw,6,0,36,cluster_removal,best_position_first,14060100174046163061,5,12,12,23.13590932050681,22.938254343959354,0.19765497654745445,0.8543211931257892
vrptw,6,0,36,cluster_removal,sequential_insertion,13591515877290659994,5,12,12,23.13590932050681,22.61209351049118,0.5238158100156269,2.2640813583727875
vrptw,6,0,36,time_oriented_removal,greedy_insertion,7078109080543739391,5,12,12,23.13590932050681,22.505940196559923,0.6299691239468856,2.7229062632455276
vrptw,6,0,36,time_oriented_removal,regret_2,6250298273996575717,5,12,12,23.13590932050681,22.505940196559923,0.6299691239468856,2.7229062632455276
vrptw,6,0,36,time_oriented_removal,regret_3,13332886890407493288,5,12,12,23.13590932050681,22.505940196559923,0.6299691239468856,2.7229062632455276
vrptw,6,0,36,time_oriented_removal,greedy_with_noise,3226244187925155720,5,12,12,23.13590932050681,22.522008760387678,0.6139005601191307,2.6534533465472747
vrptw,6,0,36,time_oriented_removal,best_position_first,10561965371320691326,5,12,12,23.13590932050681,22.505940196559923,0.6299691239468856,2.7229062632455276
vrptw,6,0,36,time_oriented_removal,sequential_insertion,6494374955263364309,5,12,12,23.13590932050681,22.505940196559923,0.6299691239468856,2.7229062632455276
vrptw,6,1,37,random_removal,greedy_insertion,12369377532106456716,5,11,11,21.878186076743287,21.080761585664728,0.7974244910785586,3.6448382342182755
vrptw,6,1,37,random_removal,regret_2,5962261540730025655,5,11,11,21.878186076743287,21.080761585664728,0.7974244910785586,3.6448382342182755
vrptw,6,1,37,random_removal,regret_3,16635803899555362439,5,11,11,21.878186076743287,21.080761585664728,0.7974244910785586,3.6448382342182755
vrptw,6,1,37,random_removal,greedy_with_noise,1433416348424968021,5,11,11,21.878186076743287,21.080761585664728,0.7974244910785586,3.6448382342182755
vrptw,6,1,37,random_removal,best_position_first,1882402646326015083,5,11,11,21.878186076743287,21.080761585664728,0.7974244910785586,3.6448382342182755
vrptw,6,1,37,random_removal,sequential_insertion,40791708508472420,5,11,11,21.878186076743287,21.080761585664728,0.7974244910785586,3.6448382342182755
vrptw,6,1,37,shaw_removal,greedy_insertion,7534087257355425562,5,11,11,21.878186076743287,21.878186076743287,0.0,0.0
vrptw,6,1,37,shaw_removal,regret_2,14785913432577970671,5,11,11,21.878186076743287,21.878186076743287,0.0,0.0
vrptw,6,1,37,shaw_removal,regret_3,12324099641795863010,5,11,11,21.878186076743287,21.878186076743287,0.0,0.0
vrptw,6,1,37,shaw_removal,greedy_with_noise,17493019992344591881,5,11,11,21.878186076743287,21.885395526790486,-0.007209450047199084,-0.03295268639689831
vrptw,6,1,37,shaw_removal,best_position_first,12308255128677930556,5,11,11,21.878186076743287,21.885395526790486,-0.007209450047199084,-0.03295268639689831
vrptw,6,1,37,shaw_removal,sequential_insertion,17798353824403647865,5,11,11,21.878186076743287,21.878186076743287,0.0,0.0
vrptw,6,1,37,worst_removal,greedy_insertion,3680948456879258661,5,11,11,21.878186076743287,20.77079042726924,1.1073956494740465,5.06164288752996
vrptw,6,1,37,worst_removal,regret_2,16440036402385555902,5,11,11,21.878186076743287,20.77079042726924,1.1073956494740465,5.06164288752996
vrptw,6,1,37,worst_removal,regret_3,10382441485941054668,5,11,11,21.878186076743287,20.77079042726924,1.1073956494740465,5.06164288752996
vrptw,6,1,37,worst_removal,greedy_with_noise,1071736319985554312,5,11,11,21.878186076743287,20.796839936816976,1.0813461399263105,4.942576757201052
vrptw,6,1,37,worst_removal,best_position_first,12344982939406102051,5,11,11,21.878186076743287,20.77079042726924,1.1073956494740465,5.06164288752996
vrptw,6,1,37,worst_removal,sequential_insertion,16586919803709551349,5,11,11,21.878186076743287,20.77079042726924,1.1073956494740465,5.06164288752996
vrptw,6,1,37,route_removal,greedy_insertion,16055719306508940242,5,11,11,21.878186076743287,21.189988686062993,0.6881973906802941,3.1455870622284094
vrptw,6,1,37,route_removal,regret_2,10523997423540103760,5,11,11,21.878186076743287,21.189988686062993,0.6881973906802941,3.1455870622284094
vrptw,6,1,37,route_removal,regret_3,15606178021835815468,5,11,11,21.878186076743287,21.189988686062993,0.6881973906802941,3.1455870622284094
vrptw,6,1,37,route_removal,greedy_with_noise,1745434990144060607,5,11,11,21.878186076743287,21.693182536358975,0.18500354038431155,0.8456073082812474
vrptw,6,1,37,route_removal,best_position_first,2358359562161074287,5,11,11,21.878186076743287,21.693182536358975,0.18500354038431155,0.8456073082812474
vrptw,6,1,37,route_removal,sequential_insertion,16863224293665766277,5,11,11,21.878186076743287,21.28336183858644,0.5948242381568463,2.7188005261055435
vrptw,6,1,37,cluster_removal,greedy_insertion,9842594229569795796,5,11,11,21.878186076743287,21.686502352086602,0.19168372465668426,0.8761408463402998
vrptw,6,1,37,cluster_removal,regret_2,12689722403190272031,5,11,11,21.878186076743287,21.686502352086602,0.19168372465668426,0.8761408463402998
vrptw,6,1,37,cluster_removal,regret_3,11125563209765881712,5,11,11,21.878186076743287,21.855625515598295,0.022560561144992164,0.10311897460719674
vrptw,6,1,37,cluster_removal,greedy_with_noise,15986136121669876340,5,11,11,21.878186076743287,21.686502352086602,0.19168372465668426,0.8761408463402998
vrptw,6,1,37,cluster_removal,best_position_first,957741222021240073,5,11,11,21.878186076743287,21.686502352086602,0.19168372465668426,0.8761408463402998
vrptw,6,1,37,cluster_removal,sequential_insertion,15316769816822952319,5,11,11,21.878186076743287,21.855625515598295,0.022560561144992164,0.10311897460719674
vrptw,6,1,37,time_oriented_removal,greedy_insertion,12335625052621105096,5,11,11,21.878186076743287,21.794501228360048,0.08368484838323909,0.38250359554349367
vrptw,6,1,37,time_oriented_removal,regret_2,8532628938226266560,5,11,11,21.878186076743287,21.794501228360048,0.08368484838323909,0.38250359554349367
vrptw,6,1,37,time_oriented_removal,regret_3,1118583200498479920,5,11,11,21.878186076743287,21.794501228360048,0.08368484838323909,0.38250359554349367
vrptw,6,1,37,time_oriented_removal,greedy_with_noise,7557901511727303018,5,11,11,21.878186076743287,21.794501228360048,0.08368484838323909,0.38250359554349367
vrptw,6,1,37,time_oriented_removal,best_position_first,7489373535520194816,5,11,11,21.878186076743287,21.794501228360048,0.08368484838323909,0.38250359554349367
vrptw,6,1,37,time_oriented_removal,sequential_insertion,10888866101702467725,5,11,11,21.878186076743287,21.794501228360048,0.08368484838323909,0.38250359554349367
vrptw,6,2,38,random_removal,greedy_insertion,15287544009512398833,5,11,11,22.716980744132538,21.919372763655915,0.7976079804766236,3.511065090296535
vrptw,6,2,38,random_removal,regret_2,15698442655720054229,5,11,11,22.716980744132538,21.919372763655915,0.7976079804766236,3.511065090296535
vrptw,6,2,38,random_removal,regret_3,12954694984790634085,5,11,11,22.716980744132538,21.919372763655915,0.7976079804766236,3.511065090296535
vrptw,6,2,38,random_removal,greedy_with_noise,16984270805954060434,5,11,11,22.716980744132538,21.97486757941086,0.7421131647216797,3.266777275907832
vrptw,6,2,38,random_removal,best_position_first,4651866940877693435,5,11,11,22.716980744132538,21.919372763655915,0.7976079804766236,3.511065090296535
vrptw,6,2,38,random_removal,sequential_insertion,6036903621601600503,5,11,11,22.716980744132538,21.919372763655915,0.7976079804766236,3.511065090296535
vrptw,6,2,38,shaw_removal,greedy_insertion,7394255288260764627,5,11,11,22.716980744132538,22.436261309105173,0.28071943502736474,1.2357251088477963
vrptw,6,2,38,shaw_removal,regret_2,18030503495860034353,5,11,11,22.716980744132538,22.033395236825076,0.6835855073074626,3.00913891245879
vrptw,6,2,38,shaw_removal,regret_3,5974011888011928435,5,11,11,22.716980744132538,22.033395236825076,0.6835855073074626,3.00913891245879
vrptw,6,2,38,shaw_removal,greedy_with_noise,10069872281264620694,5,11,11,22.716980744132538,22.24001176085858,0.4769689832739594,2.099614330998425
vrptw,6,2,38,shaw_removal,best_position_first,1379192132172106072,5,11,11,22.716980744132538,22.24001176085858,0.4769689832739594,2.099614330998425
vrptw,6,2,38,shaw_removal,sequential_insertion,3024510444773323931,5,11,11,22.716980744132538,22.24001176085858,0.4769689832739594,2.099614330998425
vrptw,6,2,38,worst_removal,greedy_insertion,8822079576231298027,5,11,12,22.716980744132538,23.252974828736342,-0.5359940846038036,-2.3594424392961773
vrptw,6,2,38,worst_removal,regret_2,12508336937642705749,5,11,11,22.716980744132538,21.689120276561088,1.0278604675714504,4.524635025880064
vrptw,6,2,38,worst_removal,regret_3,2560034034327074298,5,11,11,22.716980744132538,21.689120276561088,1.0278604675714504,4.524635025880064
vrptw,6,2,38,worst_removal,greedy_with_noise,12527960566914219013,5,11,12,22.716980744132538,23.252974828736342,-0.5359940846038036,-2.3594424392961773
vrptw,6,2,38,worst_removal,best_position_first,2223337371695759599,5,11,12,22.716980744132538,23.252974828736342,-0.5359940846038036,-2.3594424392961773
vrptw,6,2,38,worst_removal,sequential_insertion,9113131982531220357,5,11,11,22.716980744132538,21.689120276561088,1.0278604675714504,4.524635025880064
vrptw,6,2,38,route_removal,greedy_insertion,6035192987709293482,5,11,11,22.716980744132538,22.53009940588566,0.18688133824687725,0.8226504232748709
vrptw,6,2,38,route_removal,regret_2,7012368556739482392,5,11,11,22.716980744132538,22.53009940588566,0.18688133824687725,0.8226504232748709
vrptw,6,2,38,route_removal,regret_3,2493796967096154846,5,11,11,22.716980744132538,22.53009940588566,0.18688133824687725,0.8226504232748709
vrptw,6,2,38,route_removal,greedy_with_noise,11573332929186489357,5,11,11,22.716980744132538,22.53009940588566,0.18688133824687725,0.8226504232748709
vrptw,6,2,38,route_removal,best_position_first,17567603448189979324,5,11,11,22.716980744132538,22.53009940588566,0.18688133824687725,0.8226504232748709
vrptw,6,2,38,route_removal,sequential_insertion,7634322363098208153,5,11,11,22.716980744132538,22.53009940588566,0.18688133824687725,0.8226504232748709
vrptw,6,2,38,cluster_removal,greedy_insertion,4479647645455293843,5,11,11,22.716980744132538,22.570623634549264,0.14635710958327408,0.6442630349153066
vrptw,6,2,38,cluster_removal,regret_2,16184870002865200616,5,11,11,22.716980744132538,22.570623634549264,0.14635710958327408,0.6442630349153066
vrptw,6,2,38,cluster_removal,regret_3,17328758788960791481,5,11,11,22.716980744132538,22.570623634549264,0.14635710958327408,0.6442630349153066
vrptw,6,2,38,cluster_removal,greedy_with_noise,11827393853781620555,5,11,12,22.716980744132538,22.679002775512757,0.03797796861978142,0.16717876837392034
vrptw,6,2,38,cluster_removal,best_position_first,18409541919114850568,5,11,11,22.716980744132538,22.570623634549264,0.14635710958327408,0.6442630349153066
vrptw,6,2,38,cluster_removal,sequential_insertion,8928021910441828050,5,11,11,22.716980744132538,22.570623634549264,0.14635710958327408,0.6442630349153066
vrptw,6,2,38,time_oriented_removal,greedy_insertion,14179050805084128534,5,11,11,22.716980744132538,22.716980744132538,0.0,0.0
vrptw,6,2,38,time_oriented_removal,regret_2,17349469962701253648,5,11,11,22.716980744132538,22.716980744132538,0.0,0.0
vrptw,6,2,38,time_oriented_removal,regret_3,10343308042628861964,5,11,11,22.716980744132538,22.716980744132538,0.0,0.0
vrptw,6,2,38,time_oriented_removal,greedy_with_noise,11133964566911271248,5,11,11,22.716980744132538,22.716980744132538,0.0,0.0
vrptw,6,2,38,time_oriented_removal,best_position_first,12124782774291618430,5,11,11,22.716980744132538,22.716980744132538,0.0,0.0
vrptw,6,2,38,time_oriented_removal,sequential_insertion,8071423706201594193,5,11,11,22.716980744132538,22.779754098589486,-0.06277335445694732,-0.2763278939396942
vrptw,6,3,39,random_removal,greedy_insertion,4228041729505895909,5,11,11,22.08584214241042,21.77435795799165,0.3114841844187701,1.4103341969498255
vrptw,6,3,39,random_removal,regret_2,13833149746844097099,5,11,11,22.08584214241042,21.77435795799165,0.3114841844187701,1.4103341969498255
vrptw,6,3,39,random_removal,regret_3,12323957487302257102,5,11,11,22.08584214241042,21.77435795799165,0.3114841844187701,1.4103341969498255
vrptw,6,3,39,random_removal,greedy_with_noise,5350875745300674210,5,11,11,22.08584214241042,21.81848191013196,0.2673602322784596,1.210550317957132
vrptw,6,3,39,random_removal,best_position_first,18089383239214641136,5,11,11,22.08584214241042,21.77435795799165,0.3114841844187701,1.4103341969498255
vrptw,6,3,39,random_removal,sequential_insertion,13059966043073327057,5,11,11,22.08584214241042,21.77435795799165,0.3114841844187701,1.4103341969498255
vrptw,6,3,39,shaw_removal,greedy_insertion,5286640967295671164,5,11,12,22.08584214241042,23.660604811921942,-1.5747626695115216,-7.130190731951206
vrptw,6,3,39,shaw_removal,regret_2,16210785460523640406,5,11,11,22.08584214241042,22.08584214241042,0.0,0.0
vrptw,6,3,39,shaw_removal,regret_3,3304939572172695025,5,11,11,22.08584214241042,22.08584214241042,0.0,0.0
vrptw,6,3,39,shaw_removal,greedy_with_noise,16399020873568376543,5,11,12,22.08584214241042,23.294801528162594,-1.2089593857521734,-5.473911195945138
vrptw,6,3,39,shaw_removal,best_position_first,16659747805420255805,5,11,12,22.08584214241042,23.437144161341923,-1.3513020189315021,-6.118408391304489
vrptw,6,3,39,shaw_removal,sequential_insertion,2296860460005962326,5,11,12,22.08584214241042,23.660604811921942,-1.5747626695115216,-7.130190731951206
vrptw,6,3,39,worst_removal,greedy_insertion,5326034540556132643,5,11,11,22.08584214241042,21.445119723031244,0.640722419379177,2.901054962033018
vrptw,6,3,39,worst_removal,regret_2,11981251741161981914,5,11,11,22.08584214241042,21.445119723031244,0.640722419379177,2.901054962033018
vrptw,6,3,39,worst_removal,regret_3,14017910816260392752,5,11,11,22.08584214241042,21.445119723031244,0.640722419379177,2.901054962033018
vrptw,6,3,39,worst_removal,greedy_with_noise,11799108856991854683,5,11,11,22.08584214241042,21.445119723031244,0.640722419379177,2.901054962033018
vrptw,6,3,39,worst_removal,best_position_first,12910240890225325234,5,11,11,22.08584214241042,21.445119723031244,0.640722419379177,2.901054962033018
vrptw,6,3,39,worst_removal,sequential_insertion,15038978670471348247,5,11,11,22.08584214241042,21.445119723031244,0.640722419379177,2.901054962033018
vrptw,6,3,39,route_removal,greedy_insertion,17907554934179711756,5,11,11,22.08584214241042,21.795581347619123,0.2902607947912976,1.3142391986671103
vrptw,6,3,39,route_removal,regret_2,8752121905127421118,5,11,11,22.08584214241042,21.795581347619123,0.2902607947912976,1.3142391986671103
vrptw,6,3,39,route_removal,regret_3,5644549326463361529,5,11,11,22.08584214241042,21.795581347619123,0.2902607947912976,1.3142391986671103
vrptw,6,3,39,route_removal,greedy_with_noise,4841285461414642294,5,11,11,22.08584214241042,21.795581347619123,0.2902607947912976,1.3142391986671103
vrptw,6,3,39,route_removal,best_position_first,15257918331687043635,5,11,11,22.08584214241042,21.795581347619123,0.2902607947912976,1.3142391986671103
vrptw,6,3,39,route_removal,sequential_insertion,1633141664410897927,5,11,11,22.08584214241042,21.795581347619123,0.2902607947912976,1.3142391986671103
vrptw,6,3,39,cluster_removal,greedy_insertion,3336892288903619989,5,11,11,22.08584214241042,22.08584214241042,0.0,0.0
vrptw,6,3,39,cluster_removal,regret_2,11552658082315307230,5,11,11,22.08584214241042,22.08584214241042,0.0,0.0
vrptw,6,3,39,cluster_removal,regret_3,5710034083872421689,5,11,11,22.08584214241042,22.08584214241042,0.0,0.0
vrptw,6,3,39,cluster_removal,greedy_with_noise,10234582597689703167,5,11,11,22.08584214241042,22.08584214241042,0.0,0.0
vrptw,6,3,39,cluster_removal,best_position_first,12479341147951650316,5,11,11,22.08584214241042,22.08584214241042,0.0,0.0
vrptw,6,3,39,cluster_removal,sequential_insertion,12878836755354077133,5,11,11,22.08584214241042,22.08584214241042,0.0,0.0
vrptw,6,3,39,time_oriented_removal,greedy_insertion,13845967304821857904,5,11,11,22.08584214241042,22.535135288671057,-0.44929314626063643,-2.034303891894073
vrptw,6,3,39,time_oriented_removal,regret_2,15584571933093284339,5,11,11,22.08584214241042,21.945421698177036,0.14042044423338496,0.6357939322754738
vrptw,6,3,39,time_oriented_removal,regret_3,16741861093222380149,5,11,11,22.08584214241042,21.945421698177036,0.14042044423338496,0.6357939322754738
vrptw,6,3,39,time_oriented_removal,greedy_with_noise,6258063482509680227,5,11,11,22.08584214241042,22.58020945166946,-0.49436730925904016,-2.238390123733292
vrptw,6,3,39,time_oriented_removal,best_position_first,9355630491545248966,5,11,11,22.08584214241042,22.535135288671057,-0.44929314626063643,-2.034303891894073
vrptw,6,3,39,time_oriented_removal,sequential_insertion,5441100944325631482,5,11,11,22.08584214241042,21.945421698177036,0.14042044423338496,0.6357939322754738
vrptw,6,4,40,random_removal,greedy_insertion,952658236167603529,5,11,11,20.10362802629411,20.10362802629411,0.0,0.0
vrptw,6,4,40,random_removal,regret_2,13943688816065537337,5,11,11,20.10362802629411,20.10362802629411,0.0,0.0
vrptw,6,4,40,random_removal,regret_3,1404144540308346000,5,11,11,20.10362802629411,20.10362802629411,0.0,0.0
vrptw,6,4,40,random_removal,greedy_with_noise,7347839215062744405,5,11,11,20.10362802629411,20.591159150284135,-0.4875311239900242,-2.4250902541191484
vrptw,6,4,40,random_removal,best_position_first,2725937428813488214,5,11,11,20.10362802629411,20.494060126410897,-0.39043210011678653,-1.9420977129408146
vrptw,6,4,40,random_removal,sequential_insertion,4758084210654602643,5,11,11,20.10362802629411,20.10362802629411,0.0,0.0
vrptw,6,4,40,shaw_removal,greedy_insertion,3052783931323763728,5,11,11,20.10362802629411,19.78165325973236,0.32197476656175184,1.6015754277816512
vrptw,6,4,40,shaw_removal,regret_2,1444955459251787854,5,11,11,20.10362802629411,19.78165325973236,0.32197476656175184,1.6015754277816512
vrptw,6,4,40,shaw_removal,regret_3,9321144116112825593,5,11,11,20.10362802629411,19.78165325973236,0.32197476656175184,1.6015754277816512
vrptw,6,4,40,shaw_removal,greedy_with_noise,6980887245004820064,5,11,11,20.10362802629411,19.916446810993037,0.18718121530107368,0.9310817682074798
vrptw,6,4,40,shaw_removal,best_position_first,7192476745098511149,5,11,11,20.10362802629411,19.79179383189565,0.31183419439846105,1.5511339246359124
vrptw,6,4,40,shaw_removal,sequential_insertion,8988050696588673100,5,11,11,20.10362802629411,19.79179383189565,0.31183419439846105,1.5511339246359124
vrptw,6,4,40,worst_removal,greedy_insertion,1555744782762867944,5,11,11,20.10362802629411,19.53255358392906,0.5710744423650489,2.840653645292901
vrptw,6,4,40,worst_removal,regret_2,7847471470991410394,5,11,11,20.10362802629411,19.53255358392906,0.5710744423650489,2.840653645292901
vrptw,6,4,40,worst_removal,regret_3,698429982420839749,5,11,11,20.10362802629411,19.53255358392906,0.5710744423650489,2.840653645292901
vrptw,6,4,40,worst_removal,greedy_with_noise,13041673254725902886,5,11,11,20.10362802629411,19.556229021320966,0.5473990049731441,2.7228866563646386
vrptw,6,4,40,worst_removal,best_position_first,14549533796388827856,5,11,11,20.10362802629411,19.53255358392906,0.5710744423650489,2.840653645292901
vrptw,6,4,40,worst_removal,sequential_insertion,16699166723087225210,5,11,11,20.10362802629411,19.53255358392906,0.5710744423650489,2.840653645292901
vrptw,6,4,40,route_removal,greedy_insertion,1475016135913091321,5,11,11,20.10362802629411,19.764894295833535,0.3387337304605751,1.68493831072449
vrptw,6,4,40,route_removal,regret_2,3543988196320733398,5,11,11,20.10362802629411,19.54246069418169,0.5611673321124222,2.7913734345783525
vrptw,6,4,40,route_removal,regret_3,10639261170775904650,5,11,11,20.10362802629411,19.54246069418169,0.5611673321124222,2.7913734345783525
vrptw,6,4,40,route_removal,greedy_with_noise,16807738200168184423,5,11,11,20.10362802629411,19.769887139420895,0.33374088687321546,1.6601027756617175
vrptw,6,4,40,route_removal,best_position_first,1757879822352566706,5,11,11,20.10362802629411,19.764894295833535,0.3387337304605751,1.68493831072449
vrptw,6,4,40,route_removal,sequential_insertion,1618710296857832114,5,11,11,20.10362802629411,19.764894295833535,0.3387337304605751,1.68493831072449
vrptw,6,4,40,cluster_removal,greedy_insertion,5036520707447194820,5,11,11,20.10362802629411,20.05442320874879,0.04920481754531991,0.24475590913721407
vrptw,6,4,40,cluster_removal,regret_2,3947903059494115876,5,11,11,20.10362802629411,20.054117165085444,0.04951086120866677,0.24627823964863504
vrptw,6,4,40,cluster_removal,regret_3,14137865352621585766,5,11,11,20.10362802629411,20.05442320874879,0.04920481754531991,0.24475590913721407
vrptw,6,4,40,cluster_removal,greedy_with_noise,9270663270987484473,5,11,11,20.10362802629411,20.151777885616706,-0.048149859322595745,-0.2395083079512771
vrptw,6,4,40,cluster_removal,best_position_first,7442586393354263267,5,11,11,20.10362802629411,20.18186702964693,-0.07823900335282019,-0.3891785266345416
vrptw,6,4,40,cluster_removal,sequential_insertion,10455964116958648675,5,11,11,20.10362802629411,20.095840946123367,0.007787080170743366,0.038734700823942925
vrptw,6,4,40,time_oriented_removal,greedy_insertion,2751136713043667332,5,11,11,20.10362802629411,20.053778125329636,0.049849900964474614,0.24796470019876263
vrptw,6,4,40,time_oriented_removal,regret_2,3927337548184757654,5,11,11,20.10362802629411,20.053778125329636,0.049849900964474614,0.24796470019876263
vrptw,6,4,40,time_oriented_removal,regret_3,1066985032094888215,5,11,11,20.10362802629411,20.053778125329636,0.049849900964474614,0.24796470019876263
vrptw,6,4,40,time_oriented_removal,greedy_with_noise,9553094588976909999,5,11,11,20.10362802629411,20.097851789367216,0.005776236926894995,0.028732311000482548
vrptw,6,4,40,time_oriented_removal,best_position_first,12856739994099300992,5,11,11,20.10362802629411,20.198873576083347,-0.0952455497892366,-0.47377294120574764
vrptw,6,4,40,time_oriented_removal,sequential_insertion,10809652284663093249,5,11,11,20.10362802629411,20.053778125329636,0.049849900964474614,0.24796470019876263
vrptw,6,5,41,random_removal,greedy_insertion,3376172198805902999,5,13,13,24.613245083881477,24.594083777372212,0.01916130650926462,0.07784957425956328
vrptw,6,5,41,random_removal,regret_2,10516488371308983356,5,13,13,24.613245083881477,24.594083777372212,0.01916130650926462,0.07784957425956328
vrptw,6,5,41,random_removal,regret_3,4467892326352081970,5,13,13,24.613245083881477,24.594083777372212,0.01916130650926462,0.07784957425956328
vrptw,6,5,41,random_removal,greedy_with_noise,2927245877116568640,5,13,13,24.613245083881477,24.594083777372212,0.01916130650926462,0.07784957425956328
vrptw,6,5,41,random_removal,best_position_first,10157948265657065092,5,13,13,24.613245083881477,24.594083777372212,0.01916130650926462,0.07784957425956328
vrptw,6,5,41,random_removal,sequential_insertion,9788806026129831882,5,13,13,24.613245083881477,24.594083777372212,0.01916130650926462,0.07784957425956328
vrptw,6,5,41,shaw_removal,greedy_insertion,5611202352765957515,5,13,13,24.613245083881477,23.105393601197495,1.5078514826839822,6.1261791265038505
vrptw,6,5,41,shaw_removal,regret_2,17340600654019833749,5,13,13,24.613245083881477,23.091553167421694,1.5216919164597833,6.182410776286857
vrptw,6,5,41,shaw_removal,regret_3,16493592905719603839,5,13,13,24.613245083881477,23.105393601197495,1.5078514826839822,6.1261791265038505
vrptw,6,5,41,shaw_removal,greedy_with_noise,3392418511379853412,5,13,13,24.613245083881477,23.091553167421694,1.5216919164597833,6.182410776286857
vrptw,6,5,41,shaw_removal,best_position_first,18431959160817537837,5,13,13,24.613245083881477,23.091553167421694,1.5216919164597833,6.182410776286857
vrptw,6,5,41,shaw_removal,sequential_insertion,14402506621079347673,5,13,13,24.613245083881477,23.105393601197495,1.5078514826839822,6.1261791265038505
vrptw,6,5,41,worst_removal,greedy_insertion,6637478004886633271,5,13,11,24.613245083881477,22.536655643434838,2.0765894404466394,8.436877922312403
vrptw,6,5,41,worst_removal,regret_2,3636001153128877961,5,13,11,24.613245083881477,23.262598904628916,1.3506461792525606,5.487477066309558
vrptw,6,5,41,worst_removal,regret_3,6739673165688607178,5,13,11,24.613245083881477,22.536655643434838,2.0765894404466394,8.436877922312403
vrptw,6,5,41,worst_removal,greedy_with_noise,14931425058276727835,5,13,11,24.613245083881477,23.262598904628916,1.3506461792525606,5.487477066309558
vrptw,6,5,41,worst_removal,best_position_first,13559295198752766559,5,13,11,24.613245083881477,23.262598904628916,1.3506461792525606,5.487477066309558
vrptw,6,5,41,worst_removal,sequential_insertion,12612539545078391839,5,13,11,24.613245083881477,23.262598904628916,1.3506461792525606,5.487477066309558
vrptw,6,5,41,route_removal,greedy_insertion,17328015221003875394,5,13,13,24.613245083881477,23.967127295802687,0.6461177880787901,2.6250816821464733
vrptw,6,5,41,route_removal,regret_2,2488460150453546331,5,13,13,24.613245083881477,23.967127295802687,0.6461177880787901,2.6250816821464733
vrptw,6,5,41,route_removal,regret_3,13087373322657234587,5,13,13,24.613245083881477,23.967127295802687,0.6461177880787901,2.6250816821464733
vrptw,6,5,41,route_removal,greedy_with_noise,18127563489388272015,5,13,13,24.613245083881477,25.102720147639012,-0.4894750637575349,-1.9886652982547124
vrptw,6,5,41,route_removal,best_position_first,16458710355556299712,5,13,13,24.613245083881477,25.101625249654717,-0.48838016577323984,-1.9842168885445597
vrptw,6,5,41,route_removal,sequential_insertion,12295004096862303116,5,13,13,24.613245083881477,24.888397513626327,-0.27515242974484977,-1.1179039123331176
vrptw,6,5,41,cluster_removal,greedy_insertion,10409522374186286669,5,13,13,24.613245083881477,24.00342649023711,0.6098185936443663,2.477603386169178
vrptw,6,5,41,cluster_removal,regret_2,5149890681813671948,5,13,13,24.613245083881477,24.00342649023711,0.6098185936443663,2.477603386169178
vrptw,6,5,41,cluster_removal,regret_3,7808003747211326975,5,13,13,24.613245083881477,24.00342649023711,0.6098185936443663,2.477603386169178
vrptw,6,5,41,cluster_removal,greedy_with_noise,13782805898670479285,5,13,13,24.613245083881477,24.13004772792732,0.48319735595415736,1.963159893412794
vrptw,6,5,41,cluster_removal,best_position_first,3271889113676942508,5,13,13,24.613245083881477,24.13004772792732,0.48319735595415736,1.963159893412794
vrptw,6,5,41,cluster_removal,sequential_insertion,1583365707289607949,5,13,13,24.613245083881477,24.00342649023711,0.6098185936443663,2.477603386169178
vrptw,6,5,41,time_oriented_removal,greedy_insertion,8136582141042565533,5,13,13,24.613245083881477,23.9198101157397,0.6934349681417764,2.817324435597838
vrptw,6,5,41,time_oriented_removal,regret_2,4047826267156268815,5,13,13,24.613245083881477,23.814125928622538,0.7991191552589392,3.2467037667546728
vrptw,6,5,41,time_oriented_removal,regret_3,14752937556748214065,5,13,13,24.613245083881477,23.814125928622538,0.7991191552589392,3.2467037667546728
vrptw,6,5,41,time_oriented_removal,greedy_with_noise,16016234511491891533,5,13,13,24.613245083881477,23.9198101157397,0.6934349681417764,2.817324435597838
vrptw,6,5,41,time_oriented_removal,best_position_first,16841645026495907651,5,13,13,24.613245083881477,23.9198101157397,0.6934349681417764,2.817324435597838
vrptw,6,5,41,time_oriented_removal,sequential_insertion,3080550477873062968,5,13,13,24.613245083881477,23.9198101157397,0.6934349681417764,2.817324435597838
vrptw,7,0,42,random_removal,greedy_insertion,8609434891923410247,5,13,13,24.119843990050587,23.947741652554996,0.17210233749559123,0.7135300608353159
vrptw,7,0,42,random_removal,regret_2,11987450633658167381,5,13,13,24.119843990050587,23.77486519431432,0.34497879573626733,1.4302695982551576
vrptw,7,0,42,random_removal,regret_3,6453164262355944211,5,13,13,24.119843990050587,23.947741652554996,0.17210233749559123,0.7135300608353159
vrptw,7,0,42,random_removal,greedy_with_noise,12729699315727063563,5,13,13,24.119843990050587,23.947741652554996,0.17210233749559123,0.7135300608353159
vrptw,7,0,42,random_removal,best_position_first,6489402467498064018,5,13,13,24.119843990050587,23.947741652554996,0.17210233749559123,0.7135300608353159
vrptw,7,0,42,random_removal,sequential_insertion,10854719602147055798,5,13,13,24.119843990050587,23.947741652554996,0.17210233749559123,0.7135300608353159
vrptw,7,0,42,shaw_removal,greedy_insertion,17259250029477617209,5,13,13,24.119843990050587,23.939695045167046,0.18014894488354116,0.7468910037637575
vrptw,7,0,42,shaw_removal,regret_2,5604082360928092641,5,13,12,24.119843990050587,23.8178312098954,0.30201278015518795,1.252134053104854
vrptw,7,0,42,shaw_removal,regret_3,3967120789060355996,5,13,12,24.119843990050587,23.8178312098954,0.30201278015518795,1.252134053104854
vrptw,7,0,42,shaw_removal,greedy_with_noise,12720082727283862296,5,13,13,24.119843990050587,24.22718371540289,-0.10733972535230407,-0.44502661541501515
vrptw,7,0,42,shaw_removal,best_position_first,6537489287165756123,5,13,13,24.119843990050587,23.939695045167046,0.18014894488354116,0.7468910037637575
vrptw,7,0,42,shaw_removal,sequential_insertion,15353674709938815681,5,13,12,24.119843990050587,23.8178312098954,0.30201278015518795,1.252134053104854
vrptw,7,0,42,worst_removal,greedy_insertion,9276523286679150002,5,13,13,24.119843990050587,23.983166312455776,0.1366776775948111,0.5666607033245759
vrptw,7,0,42,worst_removal,regret_2,15309665848120097693,5,13,13,24.119843990050587,23.983166312455776,0.1366776775948111,0.5666607033245759
vrptw,7,0,42,worst_removal,regret_3,8042868807727400415,5,13,13,24.119843990050587,23.983166312455776,0.1366776775948111,0.5666607033245759
vrptw,7,0,42,worst_removal,greedy_with_noise,16011972220268987048,5,13,13,24.119843990050587,23.989818657549836,0.13002533250075032,0.5390803213917372
vrptw,7,0,42,worst_removal,best_position_first,9697325017945293403,5,13,13,24.119843990050587,23.983166312455776,0.1366776775948111,0.5666607033245759
vrptw,7,0,42,worst_removal,sequential_insertion,498327140460820414,5,13,13,24.119843990050587,23.983166312455776,0.1366776775948111,0.5666607033245759
vrptw,7,0,42,route_removal,greedy_insertion,14009863390735856279,5,13,12,24.119843990050587,23.030992170916544,1.0888518191340424,4.514340223689643
vrptw,7,0,42,route_removal,regret_2,11238610034470713174,5,13,12,24.119843990050587,23.03957552437085,1.0802684656797368,4.478753951001286
vrptw,7,0,42,route_removal,regret_3,12734591902964584518,5,13,12,24.119843990050587,23.03957552437085,1.0802684656797368,4.478753951001286
vrptw,7,0,42,route_removal,greedy_with_noise,3331873855139801407,5,13,12,24.119843990050587,23.756495801863334,0.3633481881872527,1.5064284343511238
vrptw,7,0,42,route_removal,best_position_first,12597247553193048303,5,13,12,24.119843990050587,23.756495801863334,0.3633481881872527,1.5064284343511238
vrptw,7,0,42,route_removal,sequential_insertion,11330040848530233719,5,13,12,24.119843990050587,23.03957552437085,1.0802684656797368,4.478753951001286
vrptw,7,0,42,cluster_removal,greedy_insertion,1867611633512589700,5,13,12,24.119843990050587,23.663633518200047,0.45621047185053953,1.8914321006335113
vrptw,7,0,42,cluster_removal,regret_2,6765263288909281039,5,13,12,24.119843990050587,23.663633518200047,0.45621047185053953,1.8914321006335113
vrptw,7,0,42,cluster_removal,regret_3,8973001361139247,5,13,12,24.119843990050587,23.663633518200047,0.45621047185053953,1.8914321006335113
vrptw,7,0,42,cluster_removal,greedy_with_noise,2668507164824320444,5,13,12,24.119843990050587,23.8178312098954,0.30201278015518795,1.252134053104854
vrptw,7,0,42,cluster_removal,best_position_first,10776785950219071109,5,13,12,24.119843990050587,23.8178312098954,0.30201278015518795,1.252134053104854
vrptw,7,0,42,cluster_removal,sequential_insertion,6038416569749263177,5,13,12,24.119843990050587,23.8178312098954,0.30201278015518795,1.252134053104854
vrptw,7,0,42,time_oriented_removal,greedy_insertion,14217675879711302957,5,13,13,24.119843990050587,23.964908284006054,0.1549357060445331,0.6423578283028859
vrptw,7,0,42,time_oriented_removal,regret_2,4594763378761680888,5,13,13,24.119843990050587,23.964908284006054,0.1549357060445331,0.6423578283028859
vrptw,7,0,42,time_oriented_removal,regret_3,7225252511038225141,5,13,13,24.119843990050587,23.964908284006054,0.1549357060445331,0.6423578283028859
vrptw,7,0,42,time_oriented_removal,greedy_with_noise,16041482948074819846,5,13,13,24.119843990050587,23.989818657549836,0.13002533250075032,0.5390803213917372
vrptw,7,0,42,time_oriented_removal,best_position_first,16538680465214744556,5,13,13,24.119843990050587,23.964908284006054,0.1549357060445331,0.6423578283028859
vrptw,7,0,42,time_oriented_removal,sequential_insertion,7983461239353140857,5,13,13,24.119843990050587,23.964908284006054,0.1549357060445331,0.6423578283028859
vrptw,7,1,43,random_removal,greedy_insertion,5687049216600119631,5,12,12,24.31676798735789,23.7927141798037,0.5240538075541892,2.1551129156088544
vrptw,7,1,43,random_removal,regret_2,1164433946624983294,5,12,12,24.31676798735789,23.7927141798037,0.5240538075541892,2.1551129156088544
vrptw,7,1,43,random_removal,regret_3,12519327640516305504,5,12,12,24.31676798735789,23.7927141798037,0.5240538075541892,2.1551129156088544
vrptw,7,1,43,random_removal,greedy_with_noise,9246102863938963328,5,12,12,24.31676798735789,23.7927141798037,0.5240538075541892,2.1551129156088544
vrptw,7,1,43,random_removal,best_position_first,17305517617635973098,5,12,12,24.31676798735789,23.7927141798037,0.5240538075541892,2.1551129156088544
vrptw,7,1,43,random_removal,sequential_insertion,10564567060597090700,5,12,12,24.31676798735789,23.7927141798037,0.5240538075541892,2.1551129156088544
vrptw,7,1,43,shaw_removal,greedy_insertion,15182335793886776689,5,12,12,24.31676798735789,24.648343728836547,-0.33157574147865887,-1.3635683066558957
vrptw,7,1,43,shaw_removal,regret_2,10942112103488232369,5,12,12,24.31676798735789,24.648343728836547,-0.33157574147865887,-1.3635683066558957
vrptw,7,1,43,shaw_removal,regret_3,3522221437196576915,5,12,12,24.31676798735789,24.30657842017736,0.010189567180528769,0.04190346013839607
vrptw,7,1,43,shaw_removal,greedy_with_noise,1551496881296445120,5,12,13,24.31676798735789,24.656969070404898,-0.3402010830470097,-1.39903906318421
vrptw,7,1,43,shaw_removal,best_position_first,9954240093662204552,5,12,13,24.31676798735789,24.656969070404898,-0.3402010830470097,-1.39903906318421
vrptw,7,1,43,shaw_removal,sequential_insertion,14932569103812965898,5,12,12,24.31676798735789,24.30657842017736,0.010189567180528769,0.04190346013839607
vrptw,7,1,43,worst_removal,greedy_insertion,9102667766060971314,5,12,13,24.31676798735789,24.954578531278486,-0.6378105439205974,-2.6229248239412017
vrptw,7,1,43,worst_removal,regret_2,448991167452957263,5,12,12,24.31676798735789,23.9846918388377,0.3320761485201871,1.3656261748799472
vrptw,7,1,43,worst_removal,regret_3,10221679720214854082,5,12,12,24.31676798735789,23.9846918388377,0.3320761485201871,1.3656261748799472
vrptw,7,1,43,worst_removal,greedy_with_noise,973662333874841394,5,12,13,24.31676798735789,24.973007335989042,-0.6562393486311535,-2.6987112307537235
vrptw,7,1,43,worst_removal,best_position_first,14050990991513919718,5,12,13,24.31676798735789,24.954578531278486,-0.6378105439205974,-2.6229248239412017
vrptw,7,1,43,worst_removal,sequential_insertion,11175981151932758141,5,12,13,24.31676798735789,24.954578531278486,-0.6378105439205974,-2.6229248239412017
vrptw,7,1,43,route_removal,greedy_insertion,4576621616834186718,5,12,12,24.31676798735789,24.095304086876236,0.22146390048165188,0.9107456245698003
vrptw,7,1,43,route_removal,regret_2,10508526199511149437,5,12,12,24.31676798735789,24.095304086876236,0.22146390048165188,0.9107456245698003
vrptw,7,1,43,route_removal,regret_3,11490887942240422284,5,12,12,24.31676798735789,24.095304086876236,0.22146390048165188,0.9107456245698003
vrptw,7,1,43,route_removal,greedy_with_noise,6988880712776237008,5,12,12,24.31676798735789,24.095304086876236,0.22146390048165188,0.9107456245698003
vrptw,7,1,43,route_removal,best_position_first,1042024675479708413,5,12,12,24.31676798735789,24.095304086876236,0.22146390048165188,0.9107456245698003
vrptw,7,1,43,route_removal,sequential_insertion,11805550627872387329,5,12,12,24.31676798735789,24.095304086876236,0.22146390048165188,0.9107456245698003
vrptw,7,1,43,cluster_removal,greedy_insertion,11598677440798839882,5,12,12,24.31676798735789,24.136696918315398,0.1800710690424907,0.7405222155185605
vrptw,7,1,43,cluster_removal,regret_2,9253778767972396606,5,12,12,24.31676798735789,24.145606760233225,0.17116122712466364,0.7038814829900467
vrptw,7,1,43,cluster_removal,regret_3,1497496872004585916,5,12,12,24.31676798735789,23.915233017833746,0.4015349695241426,1.651267840088361
vrptw,7,1,43,cluster_removal,greedy_with_noise,6760543750436875621,5,12,12,24.31676798735789,24.171965768035086,0.14480221932280202,0.5954829992130682
vrptw,7,1,43,cluster_removal,best_position_first,9760533561625441399,5,12,12,24.31676798735789,24.145606760233225,0.17116122712466364,0.7038814829900467
vrptw,7,1,43,cluster_removal,sequential_insertion,6200563588930442503,5,12,12,24.31676798735789,23.915233017833746,0.4015349695241426,1.651267840088361
vrptw,7,1,43,time_oriented_removal,greedy_insertion,4450083800623477717,5,12,12,24.31676798735789,23.8418019575361,0.4749660298217897,1.953244896972826
vrptw,7,1,43,time_oriented_removal,regret_2,3415215718604777305,5,12,12,24.31676798735789,23.330288479970914,0.9864795073869743,4.056787102216207
vrptw,7,1,43,time_oriented_removal,regret_3,18358094864430921240,5,12,12,24.31676798735789,23.76914974973503,0.54761823762286,2.2520190097119928
vrptw,7,1,43,time_oriented_removal,greedy_with_noise,12679294423288749812,5,12,13,24.31676798735789,23.891656784558513,0.42511120279937487,1.748222473563868
vrptw,7,1,43,time_oriented_removal,best_position_first,6528360228923040079,5,12,12,24.31676798735789,23.54024453270942,0.7765234546484692,3.193366219771386
vrptw,7,1,43,time_oriented_removal,sequential_insertion,7623504670963857744,5,12,12,24.31676798735789,23.756246393067276,0.5605215942906128,2.3050826268607074
vrptw,7,2,44,random_removal,greedy_insertion,10245830166500731511,5,12,12,24.311917435030658,23.941312750276317,0.3706046847543405,1.5243745613430806
vrptw,7,2,44,random_removal,regret_2,10164532382484267025,5,12,12,24.311917435030658,23.941312750276317,0.3706046847543405,1.5243745613430806
vrptw,7,2,44,random_removal,regret_3,4461685814777116772,5,12,12,24.311917435030658,24.02718928406243,0.28472815096822757,1.171146421211382
vrptw,7,2,44,random_removal,greedy_with_noise,2263644683113759631,5,12,12,24.311917435030658,23.941312750276317,0.3706046847543405,1.5243745613430806
vrptw,7,2,44,random_removal,best_position_first,17660854256404505765,5,12,12,24.311917435030658,23.941312750276317,0.3706046847543405,1.5243745613430806
vrptw,7,2,44,random_removal,sequential_insertion,14854746898679306779,5,12,12,24.311917435030658,23.941312750276317,0.3706046847543405,1.5243745613430806
vrptw,7,2,44,shaw_removal,greedy_insertion,6137477857683718074,5,12,12,24.311917435030658,24.23734232588704,0.0745751091436162,0.3067430174641927
vrptw,7,2,44,shaw_removal,regret_2,16015314430605323727,5,12,12,24.311917435030658,24.143968877966586,0.1679485570640722,0.6908075330252552
vrptw,7,2,44,shaw_removal,regret_3,17153446383738905931,5,12,12,24.311917435030658,23.952435160908173,0.35948227412248457,1.4786257607329327
vrptw,7,2,44,shaw_removal,greedy_with_noise,1723328850316916965,5,12,12,24.311917435030658,24.03354128366028,0.2783761513703773,1.1450193186707252
vrptw,7,2,44,shaw_removal,best_position_first,1956212716749759038,5,12,12,24.311917435030658,23.952435160908173,0.35948227412248457,1.4786257607329327
vrptw,7,2,44,shaw_removal,sequential_insertion,11573757504894611275,5,12,12,24.311917435030658,24.143968877966586,0.1679485570640722,0.6908075330252552
vrptw,7,2,44,worst_removal,greedy_insertion,972659108496862697,5,12,12,24.311917435030658,23.768330312860776,0.5435871221698818,2.235887496831639
vrptw,7,2,44,worst_removal,regret_2,13089835623800849999,5,12,12,24.311917435030658,23.768330312860776,0.5435871221698818,2.235887496831639
vrptw,7,2,44,worst_removal,regret_3,17256446525132196492,5,12,12,24.311917435030658,23.768330312860776,0.5435871221698818,2.235887496831639
vrptw,7,2,44,worst_removal,greedy_with_noise,1710222810657851730,5,12,12,24.311917435030658,23.768330312860776,0.5435871221698818,2.235887496831639
vrptw,7,2,44,worst_removal,best_position_first,6539773420996216840,5,12,12,24.311917435030658,23.768330312860776,0.5435871221698818,2.235887496831639
vrptw,7,2,44,worst_removal,sequential_insertion,6074972305919267136,5,12,12,24.311917435030658,23.768330312860776,0.5435871221698818,2.235887496831639
vrptw,7,2,44,route_removal,greedy_insertion,17475196592339258871,5,12,12,24.311917435030658,23.420492969182,0.8914244658486581,3.666615223710075
vrptw,7,2,44,route_removal,regret_2,16825851290107467692,5,12,12,24.311917435030658,23.420492969182,0.8914244658486581,3.666615223710075
vrptw,7,2,44,route_removal,regret_3,9346586931613619582,5,12,12,24.311917435030658,23.420492969182,0.8914244658486581,3.666615223710075
vrptw,7,2,44,route_removal,greedy_with_noise,8237987910806096258,5,12,12,24.311917435030658,23.469719186524053,0.8421982485066053,3.4641374986453974
vrptw,7,2,44,route_removal,best_position_first,4859459293033525623,5,12,12,24.311917435030658,23.469719186524053,0.8421982485066053,3.4641374986453974
vrptw,7,2,44,route_removal,sequential_insertion,3161148817592563924,5,12,12,24.311917435030658,23.420492969182,0.8914244658486581,3.666615223710075
vrptw,7,2,44,cluster_removal,greedy_insertion,5502940744272277321,5,12,12,24.311917435030658,23.676428044655776,0.6354893903748824,2.6139007426013046
vrptw,7,2,44,cluster_removal,regret_2,17933391618703975228,5,12,12,24.311917435030658,23.676428044655776,0.6354893903748824,2.6139007426013046
vrptw,7,2,44,cluster_removal,regret_3,9997522282067904833,5,12,12,24.311917435030658,23.676428044655776,0.6354893903748824,2.6139007426013046
vrptw,7,2,44,cluster_removal,greedy_with_noise,13114988992203159209,5,12,12,24.311917435030658,23.79622262454764,0.5156948104830192,2.121160586618161
vrptw,7,2,44,cluster_removal,best_position_first,12057346072092648802,5,12,12,24.311917435030658,23.79622262454764,0.5156948104830192,2.121160586618161
vrptw,7,2,44,cluster_removal,sequential_insertion,13384928810898953120,5,12,12,24.311917435030658,23.676428044655776,0.6354893903748824,2.6139007426013046
vrptw,7,2,44,time_oriented_removal,greedy_insertion,7219974480022538692,5,12,12,24.311917435030658,23.432157085165507,0.8797603498651512,3.6186382757187157
vrptw,7,2,44,time_oriented_removal,regret_2,17637826572972311273,5,12,12,24.311917435030658,23.432157085165507,0.8797603498651512,3.6186382757187157
vrptw,7,2,44,time_oriented_removal,regret_3,340983141506593970,5,12,12,24.311917435030658,23.432157085165507,0.8797603498651512,3.6186382757187157
vrptw,7,2,44,time_oriented_removal,greedy_with_noise,5261705296277347657,5,12,13,24.311917435030658,24.462215288279236,-0.1502978532485777,-0.6182064974933482
vrptw,7,2,44,time_oriented_removal,best_position_first,18361087638895009286,5,12,13,24.311917435030658,24.462215288279236,-0.1502978532485777,-0.6182064974933482
vrptw,7,2,44,time_oriented_removal,sequential_insertion,17903323488606706140,5,12,12,24.311917435030658,23.432157085165507,0.8797603498651512,3.6186382757187157
vrptw,7,3,45,random_removal,greedy_insertion,576826151574878439,5,11,11,22.16292005052078,22.16292005052078,0.0,0.0
vrptw,7,3,45,random_removal,regret_2,13238018785167978896,5,11,11,22.16292005052078,22.16292005052078,0.0,0.0
vrptw,7,3,45,random_removal,regret_3,7480698737512503766,5,11,11,22.16292005052078,22.16292005052078,0.0,0.0
vrptw,7,3,45,random_removal,greedy_with_noise,11452079190326086492,5,11,11,22.16292005052078,22.16292005052078,0.0,0.0
vrptw,7,3,45,random_removal,best_position_first,16578338371623342027,5,11,11,22.16292005052078,22.16292005052078,0.0,0.0
vrptw,7,3,45,random_removal,sequential_insertion,7051844806685242107,5,11,11,22.16292005052078,22.16292005052078,0.0,0.0
vrptw,7,3,45,shaw_removal,greedy_insertion,8419764711840798305,5,11,11,22.16292005052078,22.049342297185593,0.1135777533351856,0.5124674595057107
vrptw,7,3,45,shaw_removal,regret_2,12532867434679891316,5,11,11,22.16292005052078,22.049342297185593,0.1135777533351856,0.5124674595057107
vrptw,7,3,45,shaw_removal,regret_3,13813206938771017821,5,11,11,22.16292005052078,22.049342297185593,0.1135777533351856,0.5124674595057107
vrptw,7,3,45,shaw_removal,greedy_with_noise,402279538016988524,5,11,11,22.16292005052078,22.049342297185593,0.1135777533351856,0.5124674595057107
vrptw,7,3,45,shaw_removal,best_position_first,11660240677498748857,5,11,11,22.16292005052078,22.049342297185593,0.1135777533351856,0.5124674595057107
vrptw,7,3,45,shaw_removal,sequential_insertion,8832560099668825662,5,11,12,22.16292005052078,23.830178020628377,-1.667257970107599,-7.52273602172933
vrptw,7,3,45,worst_removal,greedy_insertion,17214906789506789600,5,11,12,22.16292005052078,22.63815484264333,-0.4752347921225528,-2.144278782034346
vrptw,7,3,45,worst_removal,regret_2,11524303999462847953,5,11,11,22.16292005052078,22.16292005052078,0.0,0.0
vrptw,7,3,45,worst_removal,regret_3,9640676719621087530,5,11,11,22.16292005052078,22.16292005052078,0.0,0.0
vrptw,7,3,45,worst_removal,greedy_with_noise,16141515545393820506,5,11,12,22.16292005052078,22.63815484264333,-0.4752347921225528,-2.144278782034346
vrptw,7,3,45,worst_removal,best_position_first,10652172023430604443,5,11,12,22.16292005052078,22.631635293411527,-0.46871524289074884,-2.114862309760194
vrptw,7,3,45,worst_removal,sequential_insertion,13691872159176480727,5,11,11,22.16292005052078,22.17380661547232,-0.010886564951540834,-0.04912062547139416
vrptw,7,3,45,route_removal,greedy_insertion,8460621799380081169,5,11,11,22.16292005052078,22.16292005052078,0.0,0.0
vrptw,7,3,45,route_removal,regret_2,4565461270621081925,5,11,11,22.16292005052078,22.16292005052078,0.0,0.0
vrptw,7,3,45,route_removal,regret_3,1650864448524762972,5,11,11,22.16292005052078,22.16292005052078,0.0,0.0
vrptw,7,3,45,route_removal,greedy_with_noise,16055281759745608669,5,11,11,22.16292005052078,22.16292005052078,0.0,0.0
vrptw,7,3,45,route_removal,best_position_first,4867012999562256881,5,11,11,22.16292005052078,22.16292005052078,0.0,0.0
vrptw,7,3,45,route_removal,sequential_insertion,2270392706399885074,5,11,11,22.16292005052078,22.16292005052078,0.0,0.0
vrptw,7,3,45,cluster_removal,greedy_insertion,10726232212650571604,5,11,11,22.16292005052078,22.16292005052078,0.0,0.0
vrptw,7,3,45,cluster_removal,regret_2,14271650681412572722,5,11,11,22.16292005052078,22.16292005052078,0.0,0.0
vrptw,7,3,45,cluster_removal,regret_3,5191865548878570811,5,11,11,22.16292005052078,22.16292005052078,0.0,0.0
vrptw,7,3,45,cluster_removal,greedy_with_noise,8704482874634685880,5,11,11,22.16292005052078,22.39531481555041,-0.23239476502963186,-1.0485746666047784
vrptw,7,3,45,cluster_removal,best_position_first,6318960404403753101,5,11,11,22.16292005052078,22.16292005052078,0.0,0.0
vrptw,7,3,45,cluster_removal,sequential_insertion,12675988497163261503,5,11,11,22.16292005052078,22.736471039738284,-0.5735509892175052,-2.5878854767787156
vrptw,7,3,45,time_oriented_removal,greedy_insertion,2498143128165705486,5,11,12,22.16292005052078,23.152391630784862,-0.9894715802640839,-4.464536162241101
vrptw,7,3,45,time_oriented_removal,regret_2,5946175917671953486,5,11,11,22.16292005052078,22.16292005052078,0.0,0.0
vrptw,7,3,45,time_oriented_removal,regret_3,18416200469657719890,5,11,11,22.16292005052078,22.16292005052078,0.0,0.0
vrptw,7,3,45,time_oriented_removal,greedy_with_noise,14678190542067986147,5,11,12,22.16292005052078,23.152391630784862,-0.9894715802640839,-4.464536162241101
vrptw,7,3,45,time_oriented_removal,best_position_first,9708607075226449819,5,11,12,22.16292005052078,23.152391630784862,-0.9894715802640839,-4.464536162241101
vrptw,7,3,45,time_oriented_removal,sequential_insertion,15950106635746841374,5,11,11,22.16292005052078,22.348758296772132,-0.18583824625135392,-0.8385097533525919
vrptw,7,4,46,random_removal,greedy_insertion,10190735873653556622,5,14,14,26.2255994181328,26.277706768133886,-0.05210735000108713,-0.1986888809300552
vrptw,7,4,46,random_removal,regret_2,17223192190690081675,5,14,14,26.2255994181328,26.2255994181328,0.0,0.0
vrptw,7,4,46,random_removal,regret_3,5334653405044727963,5,14,14,26.2255994181328,26.277706768133886,-0.05210735000108713,-0.1986888809300552
vrptw,7,4,46,random_removal,greedy_with_noise,11299417298387823280,5,14,14,26.2255994181328,26.2255994181328,0.0,0.0
vrptw,7,4,46,random_removal,best_position_first,2632679065257891828,5,14,14,26.2255994181328,26.277706768133886,-0.05210735000108713,-0.1986888809300552
vrptw,7,4,46,random_removal,sequential_insertion,15127481258724553976,5,14,14,26.2255994181328,26.277706768133886,-0.05210735000108713,-0.1986888809300552
vrptw,7,4,46,shaw_removal,greedy_insertion,1458973148594304731,5,14,14,26.2255994181328,25.463204901660337,0.7623945164724617,2.9070623108249336
vrptw,7,4,46,shaw_removal,regret_2,7673272849849569140,5,14,14,26.2255994181328,25.463204901660337,0.7623945164724617,2.9070623108249336
vrptw,7,4,46,shaw_removal,regret_3,861005498956958913,5,14,14,26.2255994181328,25.463204901660337,0.7623945164724617,2.9070623108249336
vrptw,7,4,46,shaw_removal,greedy_with_noise,17728976411937791433,5,14,14,26.2255994181328,25.50197923721413,0.7236201809186689,2.7592131237173794
vrptw,7,4,46,shaw_removal,best_position_first,15746155966198670956,5,14,14,26.2255994181328,25.50197923721413,0.7236201809186689,2.7592131237173794
vrptw,7,4,46,shaw_removal,sequential_insertion,1590238460981866337,5,14,14,26.2255994181328,25.50197923721413,0.7236201809186689,2.7592131237173794
vrptw,7,4,46,worst_removal,greedy_insertion,6542325464038029272,5,14,14,26.2255994181328,25.169621006096815,1.0559784120359836,4.026517736352914
vrptw,7,4,46,worst_removal,regret_2,5643363975388703187,5,14,14,26.2255994181328,25.169621006096815,1.0559784120359836,4.026517736352914
vrptw,7,4,46,worst_removal,regret_3,2718944551096723111,5,14,14,26.2255994181328,25.169621006096815,1.0559784120359836,4.026517736352914
vrptw,7,4,46,worst_removal,greedy_with_noise,7854446424577399128,5,14,14,26.2255994181328,25.169621006096815,1.0559784120359836,4.026517736352914
vrptw,7,4,46,worst_removal,best_position_first,11429983790135855906,5,14,14,26.2255994181328,25.169621006096815,1.0559784120359836,4.026517736352914
vrptw,7,4,46,worst_removal,sequential_insertion,8537362639842921301,5,14,14,26.2255994181328,25.169621006096815,1.0559784120359836,4.026517736352914
vrptw,7,4,46,route_removal,greedy_insertion,6174066005749199302,5,14,14,26.2255994181328,26.2255994181328,0.0,0.0
vrptw,7,4,46,route_removal,regret_2,6433599691647325384,5,14,14,26.2255994181328,26.2255994181328,0.0,0.0
vrptw,7,4,46,route_removal,regret_3,18120252588603184769,5,14,14,26.2255994181328,26.518561430904217,-0.29296201277141876,-1.1170841440095365
vrptw,7,4,46,route_removal,greedy_with_noise,5706724693502749107,5,14,14,26.2255994181328,27.07788293178535,-0.8522835136525515,-3.249815190356599
vrptw,7,4,46,route_removal,best_position_first,9678164574514329070,5,14,14,26.2255994181328,27.050085160109088,-0.8244857419762894,-3.1438203902642807
vrptw,7,4,46,route_removal,sequential_insertion,18188865384356464243,5,14,14,26.2255994181328,26.518561430904217,-0.29296201277141876,-1.1170841440095365
vrptw,7,4,46,cluster_removal,greedy_insertion,17700972332660717920,5,14,14,26.2255994181328,25.964518573864915,0.2610808442678838,0.995519073197497
vrptw,7,4,46,cluster_removal,regret_2,17368720484552041770,5,14,14,26.2255994181328,25.964518573864915,0.2610808442678838,0.995519073197497
vrptw,7,4,46,cluster_removal,regret_3,17668622654743890040,5,14,14,26.2255994181328,25.964518573864915,0.2610808442678838,0.995519073197497
vrptw,7,4,46,cluster_removal,greedy_with_noise,12988506187820495813,5,14,14,26.2255994181328,25.964518573864915,0.2610808442678838,0.995519073197497
vrptw,7,4,46,cluster_removal,best_position_first,3057158567377803143,5,14,14,26.2255994181328,25.964518573864915,0.2610808442678838,0.995519073197497
vrptw,7,4,46,cluster_removal,sequential_insertion,18118722452475658273,5,14,14,26.2255994181328,25.936973439483562,0.288625978649236,1.100550550046438
vrptw,7,4,46,time_oriented_removal,greedy_insertion,5628781035986550198,5,14,14,26.2255994181328,26.397593967201193,-0.17199454906839406,-0.6558269510876242
vrptw,7,4,46,time_oriented_removal,regret_2,4118708108315262653,5,14,14,26.2255994181328,26.062491368259963,0.1631080498728359,0.6219421233135299
vrptw,7,4,46,time_oriented_removal,regret_3,4566454535938605818,5,14,14,26.2255994181328,26.062491368259963,0.1631080498728359,0.6219421233135299
vrptw,7,4,46,time_oriented_removal,greedy_with_noise,8551978736639722503,5,14,14,26.2255994181328,26.26261381179288,-0.03701439366007975,-0.1411384085829032
vrptw,7,4,46,time_oriented_removal,best_position_first,3739116042790305927,5,14,14,26.2255994181328,26.397593967201193,-0.17199454906839406,-0.6558269510876242
vrptw,7,4,46,time_oriented_removal,sequential_insertion,14334610654900798688,5,14,14,26.2255994181328,26.159594785688128,0.06600463244467036,0.2516801671234012
vrptw,7,5,47,random_removal,greedy_insertion,14126231481712972614,5,12,12,23.228757104002767,23.228757104002767,0.0,0.0
vrptw,7,5,47,random_removal,regret_2,12393510290373632016,5,12,12,23.228757104002767,23.228757104002767,0.0,0.0
vrptw,7,5,47,random_removal,regret_3,3658582351591140223,5,12,12,23.228757104002767,23.228757104002767,0.0,0.0
vrptw,7,5,47,random_removal,greedy_with_noise,16773510420969066873,5,12,12,23.228757104002767,23.264640449949816,-0.035883345947048895,-0.15447811428905722
vrptw,7,5,47,random_removal,best_position_first,2644565916056974469,5,12,12,23.228757104002767,23.228757104002767,0.0,0.0
vrptw,7,5,47,random_removal,sequential_insertion,5309259619771831510,5,12,12,23.228757104002767,23.228757104002767,0.0,0.0
vrptw,7,5,47,shaw_removal,greedy_insertion,9649038835660850662,5,12,12,23.228757104002767,23.201544709752472,0.02721239425029509,0.11714959232840687
vrptw,7,5,47,shaw_removal,regret_2,13521462469562722956,5,12,12,23.228757104002767,23.201544709752472,0.02721239425029509,0.11714959232840687
vrptw,7,5,47,shaw_removal,regret_3,6872177762021883815,5,12,12,23.228757104002767,23.201544709752472,0.02721239425029509,0.11714959232840687
vrptw,7,5,47,shaw_removal,greedy_with_noise,12431765073142569565,5,12,13,23.228757104002767,23.356525743231753,-0.12776863922898585,-0.5500450956412507
vrptw,7,5,47,shaw_removal,best_position_first,15762773513692663944,5,12,12,23.228757104002767,23.201544709752472,0.02721239425029509,0.11714959232840687
vrptw,7,5,47,shaw_removal,sequential_insertion,3825693409656888717,5,12,12,23.228757104002767,23.201544709752472,0.02721239425029509,0.11714959232840687
vrptw,7,5,47,worst_removal,greedy_insertion,3017565917924121379,5,12,12,23.228757104002767,23.03243182600396,0.19632527799880606,0.8451820177885255
vrptw,7,5,47,worst_removal,regret_2,13636838719864951718,5,12,12,23.228757104002767,23.03243182600396,0.19632527799880606,0.8451820177885255
vrptw,7,5,47,worst_removal,regret_3,17827286131707185591,5,12,12,23.228757104002767,23.03243182600396,0.19632527799880606,0.8451820177885255
vrptw,7,5,47,worst_removal,greedy_with_noise,15026140673481935151,5,12,12,23.228757104002767,23.065523098818385,0.16323400518438191,0.7027238024554208
vrptw,7,5,47,worst_removal,best_position_first,12893794897052822477,5,12,12,23.228757104002767,23.03243182600396,0.19632527799880606,0.8451820177885255
vrptw,7,5,47,worst_removal,sequential_insertion,442091437243159900,5,12,12,23.228757104002767,23.03243182600396,0.19632527799880606,0.8451820177885255
vrptw,7,5,47,route_removal,greedy_insertion,8929203407178924890,5,12,11,23.228757104002767,23.21037767825388,0.01837942574888629,0.07912358662409517
vrptw,7,5,47,route_removal,regret_2,5458198333063806149,5,12,11,23.228757104002767,23.21037767825388,0.01837942574888629,0.07912358662409517
vrptw,7,5,47,route_removal,regret_3,11412536759653581230,5,12,11,23.228757104002767,23.21037767825388,0.01837942574888629,0.07912358662409517
vrptw,7,5,47,route_removal,greedy_with_noise,2682335590159496538,5,12,11,23.228757104002767,23.21037767825388,0.01837942574888629,0.07912358662409517
vrptw,7,5,47,route_removal,best_position_first,5085701326136400170,5,12,11,23.228757104002767,23.21037767825388,0.01837942574888629,0.07912358662409517
vrptw,7,5,47,route_removal,sequential_insertion,9388559001438930567,5,12,11,23.228757104002767,23.21037767825388,0.01837942574888629,0.07912358662409517
vrptw,7,5,47,cluster_removal,greedy_insertion,16150056026966735468,5,12,12,23.228757104002767,23.40949116186653,-0.18073405786376284,-0.7780616804186171
vrptw,7,5,47,cluster_removal,regret_2,3308480401149472268,5,12,12,23.228757104002767,23.228757104002767,0.0,0.0
vrptw,7,5,47,cluster_removal,regret_3,1439814994970687730,5,12,12,23.228757104002767,23.228757104002767,0.0,0.0
vrptw,7,5,47,cluster_removal,greedy_with_noise,9222079838277335022,5,12,12,23.228757104002767,23.684437372790413,-0.45568026878764556,-1.9617074936356496
vrptw,7,5,47,cluster_removal,best_position_first,8847216180344693314,5,12,12,23.228757104002767,23.5855400303242,-0.3567829263214328,-1.5359535799698563
vrptw,7,5,47,cluster_removal,sequential_insertion,11981577845894762609,5,12,12,23.228757104002767,23.228757104002767,0.0,0.0
vrptw,7,5,47,time_oriented_removal,greedy_insertion,972677711483234181,5,12,12,23.228757104002767,23.228757104002767,0.0,0.0
vrptw,7,5,47,time_oriented_removal,regret_2,5691216734162910266,5,12,12,23.228757104002767,23.228757104002767,0.0,0.0
vrptw,7,5,47,time_oriented_removal,regret_3,10117663958005394509,5,12,12,23.228757104002767,23.228757104002767,0.0,0.0
vrptw,7,5,47,time_oriented_removal,greedy_with_noise,18425272363088438168,5,12,12,23.228757104002767,23.592839961594,-0.3640828575912316,-1.5673798471485718
vrptw,7,5,47,time_oriented_removal,best_position_first,1779919368161499878,5,12,12,23.228757104002767,23.81850287058845,-0.5897457665856827,-2.5388606198136103
vrptw,7,5,47,time_oriented_removal,sequential_insertion,16221781582440034139,5,12,12,23.228757104002767,23.45442001299722,-0.22566290899445107,-0.9714807726650384
