problem,instance,repeat,block,destroy,repair,seed,n_remove,routes_before,routes_after,cost_before,cost_after,gain,relative_gain_pct
cvrp,0,0,0,random_removal,greedy_insertion,15336196180900590447,15,8,8,19.96090138916856,18.18426604932423,1.7766353398443293,8.900576708466634
cvrp,0,0,0,random_removal,regret_2,7971086580457912539,15,8,8,19.96090138916856,18.93470980611341,1.026191583055148,5.141008229277628
cvrp,0,0,0,random_removal,regret_3,13652801504400678522,15,8,8,19.96090138916856,17.87256091017484,2.088340478993718,10.46215518166389
cvrp,0,0,0,random_removal,greedy_with_noise,15623614376185770855,15,8,8,19.96090138916856,18.325319045969785,1.6355823431987737,8.193930280554838
cvrp,0,0,0,random_removal,best_position_first,5189364354949950430,15,8,8,19.96090138916856,18.03778225083067,1.9231191383378885,9.634430333799635
cvrp,0,0,0,random_removal,sequential_insertion,15469038367081097704,15,8,8,19.96090138916856,18.57179613056771,1.3891052586008499,6.9591309105641095
cvrp,0,0,0,shaw_removal,greedy_insertion,117473776165045232,15,8,8,19.96090138916856,18.63516243736068,1.3257389518078782,6.641678779733202
cvrp,0,0,0,shaw_removal,regret_2,5643541476169303175,15,8,8,19.96090138916856,18.788150253789784,1.1727511353787747,5.875241365678747
cvrp,0,0,0,shaw_removal,regret_3,2328504578251071305,15,8,8,19.96090138916856,18.182464573175984,1.778436815992574,8.909601732502985
cvrp,0,0,0,shaw_removal,greedy_with_noise,8157172123499889902,15,8,8,19.96090138916856,18.54370227242129,1.4171991167472697,7.099875346893345
cvrp,0,0,0,shaw_removal,best_position_first,8594920539251760358,15,8,8,19.96090138916856,17.744057658218033,2.216843730950526,11.105929976456165
cvrp,0,0,0,shaw_removal,sequential_insertion,13443460538938572421,15,8,8,19.96090138916856,18.507295368620703,1.4536060205478556,7.28226642779083
cvrp,0,0,0,worst_removal,greedy_insertion,6674495361553446376,15,8,8,19.96090138916856,17.79651818891147,2.164383200257088,10.843113535100944
cvrp,0,0,0,worst_removal,regret_2,17961680741319302831,15,8,8,19.96090138916856,16.802672560934354,3.158228828234204,15.822075199209003
cvrp,0,0,0,worst_removal,regret_3,16189124310014357476,15,8,8,19.96090138916856,17.088646258479645,2.872255130688913,14.389405942596827
cvrp,0,0,0,worst_removal,greedy_with_noise,10148704272244348674,15,8,8,19.96090138916856,17.48313353812302,2.477767851045538,12.41310601529276
cvrp,0,0,0,worst_removal,best_position_first,8282880008344367897,15,8,8,19.96090138916856,17.885698458694918,2.0752029304736404,10.396338772555199
cvrp,0,0,0,worst_removal,sequential_insertion,10044122708387804937,15,8,8,19.96090138916856,17.43848732523019,2.522414063938367,12.636774335787821
cvrp,0,0,0,route_removal,greedy_insertion,590512871415538343,15,8,8,19.96090138916856,20.587182539966342,-0.6262811507977837,-3.137539425637484
cvrp,0,0,0,route_removal,regret_2,11820404632013595279,15,8,7,19.96090138916856,19.766986887290052,0.19391450187850623,0.9714716690285872
cvrp,0,0,0,route_removal,regret_3,899347048685253119,15,8,8,19.96090138916856,18.569439559802287,1.3914618293662713,6.970936844171397
cvrp,0,0,0,route_removal,greedy_with_noise,927007624207414351,15,8,8,19.96090138916856,20.04396319240703,-0.08306180323847201,-0.4161225067899192
cvrp,0,0,0,route_removal,best_position_first,2543856553355614472,15,8,7,19.96090138916856,18.19194147514358,1.768959914024979,8.8621244077929
cvrp,0,0,0,route_removal,sequential_insertion,13116909284864351437,15,8,8,19.96090138916856,18.65490214144456,1.3059992477239994,6.542786932621579
cvrp,0,0,0,cluster_removal,greedy_insertion,13150599452388135471,15,8,8,19.96090138916856,17.78571426144588,2.1751871277226797,10.897238983921877
cvrp,0,0,0,cluster_removal,regret_2,3615355725489489323,15,8,8,19.96090138916856,17.67111719191816,2.2897841972503983,11.471346672214464
cvrp,0,0,0,cluster_removal,regret_3,17394563463179343320,15,8,8,19.96090138916856,17.507954728451043,2.452946660717515,12.288756969906002
cvrp,0,0,0,cluster_removal,greedy_with_noise,2316709768369698497,15,8,8,19.96090138916856,18.45606925257716,1.5048321365914,7.538898706287741
cvrp,0,0,0,cluster_removal,best_position_first,12528409453243108458,15,8,8,19.96090138916856,18.05621330298978,1.9046880861787798,9.542094562985648
cvrp,0,0,0,cluster_removal,sequential_insertion,13060483967419356548,15,8,8,19.96090138916856,18.006330892797727,1.954570496370831,9.791995152240196
cvrp,0,0,0,time_oriented_removal,greedy_insertion,12689192757297990793,15,8,8,19.96090138916856,19.103140544761605,0.857760844406954,4.297204959253008
cvrp,0,0,0,time_oriented_removal,regret_2,8207621158870274811,15,8,8,19.96090138916856,20.061759693888202,-0.10085830471964385,-0.5052793095524879
cvrp,0,0,0,time_oriented_removal,regret_3,13617328267100469976,15,8,7,19.96090138916856,18.22451837503795,1.7363830141306096,8.698920856714558
cvrp,0,0,0,time_oriented_removal,greedy_with_noise,3952611505884795994,15,8,8,19.96090138916856,18.432196442737894,1.5287049464306648,7.658496560982914
cvrp,0,0,0,time_oriented_removal,best_position_first,15844848800123012074,15,8,8,19.96090138916856,18.325000469451307,1.6359009197172512,8.195526283221582
cvrp,0,0,0,time_oriented_removal,sequential_insertion,8104503622977605193,15,8,8,19.96090138916856,18.293878408063584,1.6670229811049744,8.351441393370923
cvrp,0,1,1,random_removal,greedy_insertion,1951738132100363693,15,8,8,21.399444232022965,18.298986125999285,3.10045810602368,14.488498263819551
cvrp,0,1,1,random_removal,regret_2,4910700749252371684,15,8,8,21.399444232022965,18.0246460457138,3.374798186309164,15.770494549849028
cvrp,0,1,1,random_removal,regret_3,12772090323004632766,15,8,8,21.399444232022965,18.0246460457138,3.374798186309164,15.770494549849028
cvrp,0,1,1,random_removal,greedy_with_noise,6213937305897345676,15,8,8,21.399444232022965,18.66408520337487,2.7353590286480944,12.782383500197618
cvrp,0,1,1,random_removal,best_position_first,12056923617364654124,15,8,8,21.399444232022965,18.576783038603747,2.8226611934192185,13.190348136215977
cvrp,0,1,1,random_removal,sequential_insertion,6745255788075450354,15,8,8,21.399444232022965,18.12531977132091,3.2741244607020548,15.300044361911638
cvrp,0,1,1,shaw_removal,greedy_insertion,4033515326306290514,15,8,8,21.399444232022965,19.181893032281145,2.21755119974182,10.362657906897365
cvrp,0,1,1,shaw_removal,regret_2,10894659172223434976,15,8,8,21.399444232022965,18.501037693015462,2.898406539007503,13.544307541736128
cvrp,0,1,1,shaw_removal,regret_3,9855218437586399722,15,8,8,21.399444232022965,18.831446977902374,2.5679972541205913,12.00029882214296
cvrp,0,1,1,shaw_removal,greedy_with_noise,14589852477705062411,15,8,8,21.399444232022965,20.16454993112429,1.2348943008986737,5.770683983702388
cvrp,0,1,1,shaw_removal,best_position_first,6354712182107798554,15,8,8,21.399444232022965,19.64139913824176,1.758045093781206,8.215377346811646
cvrp,0,1,1,shaw_removal,sequential_insertion,9728778090702385878,15,8,8,21.399444232022965,19.54198662171999,1.8574576103029763,8.679933881289328
cvrp,0,1,1,worst_removal,greedy_insertion,12550177183429728517,15,8,8,21.399444232022965,19.105209753564118,2.294234478458847,10.721000291333104
cvrp,0,1,1,worst_removal,regret_2,1220318706352709191,15,8,8,21.399444232022965,17.53643885839931,3.863005373623654,18.051895795699693
cvrp,0,1,1,worst_removal,regret_3,9145805542055663378,15,8,8,21.399444232022965,17.054629681498987,4.344814550523978,20.303399020158793
cvrp,0,1,1,worst_removal,greedy_with_noise,4937378227815723088,15,8,8,21.399444232022965,17.94397313165228,3.4554711003706835,16.147480574284174
cvrp,0,1,1,worst_removal,best_position_first,1413421791027580804,15,8,8,21.399444232022965,18.04548241735587,3.3539618146670946,15.673125798510668
cvrp,0,1,1,worst_removal,sequential_insertion,4972305158166190843,15,8,8,21.399444232022965,17.765690276253252,3.6337539557697127,16.98059966591105
cvrp,0,1,1,route_removal,greedy_insertion,7865876888375260125,15,8,8,21.399444232022965,20.120323367339978,1.2791208646829872,5.977355536966987
cvrp,0,1,1,route_removal,regret_2,14390392050718172520,15,8,8,21.399444232022965,20.1564338934241,1.2430103385988645,5.808610378482518
cvrp,0,1,1,route_removal,regret_3,10078411382551006948,15,8,8,21.399444232022965,18.54723917797512,2.8522050540478467,13.328407145171067
cvrp,0,1,1,route_removal,greedy_with_noise,11910791820398700041,15,8,8,21.399444232022965,19.431750040704994,1.967694191317971,9.195071470003116
cvrp,0,1,1,route_removal,best_position_first,97635769421045728,15,8,8,21.399444232022965,19.295314979245894,2.1041292527770707,9.832635043990392
cvrp,0,1,1,route_removal,sequential_insertion,7928536916833675507,15,8,8,21.399444232022965,18.187944228083843,3.211500003939122,15.007399113353177
cvrp,0,1,1,cluster_removal,greedy_insertion,5491055702141751199,15,8,8,21.399444232022965,18.56929019698243,2.830154035040536,13.22536232415505
cvrp,0,1,1,cluster_removal,regret_2,2812702859761423760,15,8,8,21.399444232022965,18.501372710114946,2.898071521908019,13.542742000613416
cvrp,0,1,1,cluster_removal,regret_3,6176023163673410865,15,8,8,21.399444232022965,18.91033736202832,2.4891068699946466,11.631642593174684
cvrp,0,1,1,cluster_removal,greedy_with_noise,11856664529901868977,15,8,8,21.399444232022965,19.261254365245495,2.13818986677747,9.99180092526795
cvrp,0,1,1,cluster_removal,best_position_first,5527682500917754921,15,8,8,21.399444232022965,18.586246186281706,2.8131980457412595,13.146126671511777
cvrp,0,1,1,cluster_removal,sequential_insertion,17534919323652156108,15,8,8,21.399444232022965,19.528799502613204,1.8706447294097615,8.741557533585175
cvrp,0,1,1,time_oriented_removal,greedy_insertion,12714628460705944017,15,8,8,21.399444232022965,19.185418196055544,2.2140260359674215,10.346184751164081
cvrp,0,1,1,time_oriented_removal,regret_2,5521409520758356513,15,8,8,21.399444232022965,18.920751902195562,2.4786923298274033,11.582975253713323
cvrp,0,1,1,time_oriented_removal,regret_3,8414644968325694736,15,8,8,21.399444232022965,18.81717863046292,2.582265601560046,12.066975074501432
cvrp,0,1,1,time_oriented_removal,greedy_with_noise,11772994598667533782,15,8,8,21.399444232022965,19.613286976100568,1.7861572559223973,8.346746002167297
cvrp,0,1,1,time_oriented_removal,best_position_first,9557113985593668868,15,8,8,21.399444232022965,19.516210375955396,1.8832338560675694,8.800386756070163
cvrp,0,1,1,time_oriented_removal,sequential_insertion,13519910124203874451,15,8,8,21.399444232022965,19.36312266375519,2.036321568267777,9.515768475989418
cvrp,0,2,2,random_removal,greedy_insertion,1826687913176087286,15,8,8,20.7636455329248,18.85855031142826,1.9050952214965413,9.175148065765436
cvrp,0,2,2,random_removal,regret_2,14242931714122978249,15,8,8,20.7636455329248,18.635626680384576,2.128018852540226,10.248772784942016
cvrp,0,2,2,random_removal,regret_3,16154787007825098266,15,8,8,20.7636455329248,18.59440379437138,2.1692417385534206,10.447306736736888
cvrp,0,2,2,random_removal,greedy_with_noise,13319592293850763032,15,8,8,20.7636455329248,18.93724877364938,1.826396759275422,8.796127618241771
cvrp,0,2,2,random_removal,best_position_first,6839653516178821657,15,8,8,20.7636455329248,19.843509822038254,0.920135710886548,4.431474759225174
cvrp,0,2,2,random_removal,sequential_insertion,13781640431957588660,15,8,8,20.7636455329248,18.96047375084819,1.8031717820766104,8.68427357429759
cvrp,0,2,2,shaw_removal,greedy_insertion,13516894424582038620,15,8,8,20.7636455329248,19.051229045754315,1.7124164871704863,8.247186094826732
cvrp,0,2,2,shaw_removal,regret_2,14707715516446479994,15,8,8,20.7636455329248,19.090564075973752,1.6730814569510493,8.057744264118037
cvrp,0,2,2,shaw_removal,regret_3,7605078707846270914,15,8,8,20.7636455329248,18.958482395504713,1.805163137420088,8.693864160595743
cvrp,0,2,2,shaw_removal,greedy_with_noise,2668696207358423789,15,8,8,20.7636455329248,19.248384659174548,1.515260873750254,7.297662981905142
cvrp,0,2,2,shaw_removal,best_position_first,15418038453422928538,15,8,8,20.7636455329248,19.033776087091518,1.729869445833284,8.331241462826165
cvrp,0,2,2,shaw_removal,sequential_insertion,6217390343491202533,15,8,8,20.7636455329248,19.018057204085615,1.7455883288391867,8.406945331787796
cvrp,0,2,2,worst_removal,greedy_insertion,5246179327154167103,15,8,8,20.7636455329248,19.3619363259399,1.4017092069849006,6.7507856689338
cvrp,0,2,2,worst_removal,regret_2,8090447231200151009,15,8,8,20.7636455329248,17.520147997736473,3.243497535188329,15.621040775547492
cvrp,0,2,2,worst_removal,regret_3,1758490626464126642,15,8,8,20.7636455329248,18.291916650850528,2.4717288820742738,11.904118080588818
cvrp,0,2,2,worst_removal,greedy_with_noise,10839409531334366070,15,8,9,20.7636455329248,18.525048403118042,2.2385971298067595,10.781329927141302
cvrp,0,2,2,worst_removal,best_position_first,13825789945286723781,15,8,8,20.7636455329248,19.34493170220146,1.4187138307233411,6.832681806639851
cvrp,0,2,2,worst_removal,sequential_insertion,7500333545287291537,15,8,8,20.7636455329248,18.047830763773085,2.7158147691517165,13.079662551767528
cvrp,0,2,2,route_removal,greedy_insertion,14554763252873470240,15,8,8,20.7636455329248,20.773928606018792,-0.01028307309399068,-0.04952441071913343
cvrp,0,2,2,route_removal,regret_2,4177105138857468409,15,8,8,20.7636455329248,21.193190070676263,-0.42954453775146106,-2.0687337253486366
cvrp,0,2,2,route_removal,regret_3,16841051749354409757,15,8,8,20.7636455329248,20.571799832992003,0.19184569993279865,0.9239499857026068
cvrp,0,2,2,route_removal,greedy_with_noise,18198075335273294178,15,8,8,20.7636455329248,20.663778639844345,0.09986689308045626,0.48096993816474987
cvrp,0,2,2,route_removal,best_position_first,15747006556726144258,15,8,8,20.7636455329248,20.485380911495135,0.2782646214296669,1.3401530140187772
cvrp,0,2,2,route_removal,sequential_insertion,16338717186744010652,15,8,8,20.7636455329248,20.155595822866104,0.6080497100586975,2.9284342631187585
cvrp,0,2,2,cluster_removal,greedy_insertion,1924955969066424592,15,8,8,20.7636455329248,19.655389858776648,1.108255674148154,5.337481187447546
cvrp,0,2,2,cluster_removal,regret_2,13108861631692253034,15,8,8,20.7636455329248,19.21643650377209,1.547209029152711,7.4515288112547955
cvrp,0,2,2,cluster_removal,regret_3,2735208926379505417,15,8,8,20.7636455329248,18.98495964871312,1.7786858842116828,8.56634679777802
cvrp,0,2,2,cluster_removal,greedy_with_noise,10931964955978536597,15,8,8,20.7636455329248,19.506777981016253,1.2568675519085488,6.053212331695514
cvrp,0,2,2,cluster_removal,best_position_first,8851984535348801691,15,8,8,20.7636455329248,19.307737233553,1.4559082993718029,7.011814457452458
cvrp,0,2,2,cluster_removal,sequential_insertion,8472920723343108001,15,8,8,20.7636455329248,19.28042590536794,1.4832196275568599,7.143348817070329
cvrp,0,2,2,time_oriented_removal,greedy_insertion,11967058937908748546,15,8,8,20.7636455329248,18.07285092639643,2.690794606528371,12.959162697425134
cvrp,0,2,2,time_oriented_removal,regret_2,11290078571186437770,15,8,8,20.7636455329248,18.363225625921594,2.400419907003208,11.560686215707522
cvrp,0,2,2,time_oriented_removal,regret_3,8666629631774988840,15,8,8,20.7636455329248,17.853675792334624,2.909969740590178,14.014734242962561
cvrp,0,2,2,time_oriented_removal,greedy_with_noise,2559674285178967538,15,8,8,20.7636455329248,18.915392137510675,1.848253395414126,8.901391581181448
cvrp,0,2,2,time_oriented_removal,best_position_first,17338785705213734130,15,8,8,20.7636455329248,17.80230227304756,2.9613432598772427,14.262154760740142
cvrp,0,2,2,time_oriented_removal,sequential_insertion,13539966738278659932,15,8,8,20.7636455329248,18.14959025546109,2.614055277463713,12.589577650603884
cvrp,0,3,3,random_removal,greedy_insertion,16786019559304810486,15,8,8,19.98202754572091,17.10211405024116,2.8799134954797516,14.412518894242423
cvrp,0,3,3,random_removal,regret_2,17242645406407024842,15,8,8,19.98202754572091,17.405474474964215,2.5765530707566953,12.894352511832343
cvrp,0,3,3,random_removal,regret_3,4396223550741264305,15,8,8,19.98202754572091,17.282876276874276,2.6991512688466344,13.50789484535892
cvrp,0,3,3,random_removal,greedy_with_noise,5568779462698351242,15,8,8,19.98202754572091,17.84882777668349,2.1331997690374216,10.675592174800297
cvrp,0,3,3,random_removal,best_position_first,10733375126800932751,15,8,8,19.98202754572091,18.37624750749007,1.60578003823084,8.036121632585342
cvrp,0,3,3,random_removal,sequential_insertion,7056851155515606695,15,8,8,19.98202754572091,17.34359720018627,2.6384303455346405,13.204017157406293
cvrp,0,3,3,shaw_removal,greedy_insertion,3735558486569948719,15,8,8,19.98202754572091,19.041908645375877,0.9401189003450341,4.7048223619647525
cvrp,0,3,3,shaw_removal,regret_2,7154033351529331719,15,8,8,19.98202754572091,18.18171582708495,1.8003117186359603,9.009654873694194
cvrp,0,3,3,shaw_removal,regret_3,8419008517363948529,15,8,8,19.98202754572091,17.769672818144475,2.212354727576436,11.071722939598313
cvrp,0,3,3,shaw_removal,greedy_with_noise,10660300007247224774,15,8,8,19.98202754572091,19.4773330098793,0.5046945358416117,2.5257423686701426
cvrp,0,3,3,shaw_removal,best_position_first,5343500653012161386,15,8,8,19.98202754572091,19.67393789905929,0.308089646661621,1.541833760146114
cvrp,0,3,3,shaw_removal,sequential_insertion,3517017234796056993,15,8,8,19.98202754572091,18.82686123196928,1.1551663137516321,5.781026530508449
cvrp,0,3,3,worst_removal,greedy_insertion,232837343708630302,15,8,8,19.98202754572091,15.616592970957097,4.365434574763814,21.84680490893757
cvrp,0,3,3,worst_removal,regret_2,6975985700234665892,15,8,8,19.98202754572091,15.374058299355772,4.607969246365139,23.060568982910453
cvrp,0,3,3,worst_removal,regret_3,4022172628934732406,15,8,8,19.98202754572091,15.42757589785152,4.55445164786939,22.792740313505934
cvrp,0,3,3,worst_removal,greedy_with_noise,6886445021922023720,15,8,8,19.98202754572091,16.580589568721695,3.4014379769992154,17.02248667817307
cvrp,0,3,3,worst_removal,best_position_first,2030837999760209530,15,8,8,19.98202754572091,16.269515222267113,3.7125123234537973,18.579257359941035
cvrp,0,3,3,worst_removal,sequential_insertion,7518195877492474866,15,8,8,19.98202754572091,16.001602394886483,3.980425150834428,19.92002634230591
cvrp,0,3,3,route_removal,greedy_insertion,3815428294486290603,15,8,8,19.98202754572091,18.455013307820863,1.5270142379000475,7.641938408933146
cvrp,0,3,3,route_removal,regret_2,7702798280812836416,15,8,8,19.98202754572091,19.094925509650732,0.8871020360701785,4.439499615544012
cvrp,0,3,3,route_removal,regret_3,12613688285201910542,15,8,8,19.98202754572091,18.74357418191771,1.238453363803199,6.197836335524469
cvrp,0,3,3,route_removal,greedy_with_noise,3703251406332173485,15,8,8,19.98202754572091,18.737602959591985,1.2444245861289254,6.2277193006643365
cvrp,0,3,3,route_removal,best_position_first,14363495124287467910,15,8,8,19.98202754572091,18.704714876741342,1.2773126689795689,6.39230761771771
cvrp,0,3,3,route_removal,sequential_insertion,3688758322355270097,15,8,8,19.98202754572091,18.45379825403596,1.5282292916849514,7.648019142142645
cvrp,0,3,3,cluster_removal,greedy_insertion,10330672703949654827,15,8,8,19.98202754572091,18.918486962109554,1.0635405836113563,5.32248582471357
cvrp,0,3,3,cluster_removal,regret_2,16154692809785901826,15,8,8,19.98202754572091,18.576899376073587,1.4051281696473232,7.031959927150772
cvrp,0,3,3,cluster_removal,regret_3,3047341781436452482,15,8,8,19.98202754572091,17.892827988710202,2.0891995570107085,10.455393238901346
cvrp,0,3,3,cluster_removal,greedy_with_noise,5051805677488249141,15,8,8,19.98202754572091,18.79539269490164,1.1866348508192708,5.938510734729644
cvrp,0,3,3,cluster_removal,best_position_first,3686697064631323682,15,8,8,19.98202754572091,19.045600512043542,0.9364270336773686,4.686346425730464
cvrp,0,3,3,cluster_removal,sequential_insertion,15006373007854021789,15,8,8,19.98202754572091,19.713945699396092,0.2680818463248187,1.3416148371901708
cvrp,0,3,3,time_oriented_removal,greedy_insertion,11703126066021671623,15,8,8,19.98202754572091,17.965544585051695,2.016482960669215,10.091483239402494
cvrp,0,3,3,time_oriented_removal,regret_2,12769437902013881469,15,8,8,19.98202754572091,17.43470431279971,2.547323232921201,12.748071871548904
cvrp,0,3,3,time_oriented_removal,regret_3,15866514272631283518,15,8,8,19.98202754572091,17.285236145914176,2.6967913998067345,13.496084887463002
cvrp,0,3,3,time_oriented_removal,greedy_with_noise,2359886960080738180,15,8,8,19.98202754572091,18.363229690441337,1.618797855279574,8.101269260967637
cvrp,0,3,3,time_oriented_removal,best_position_first,18134859379658614364,15,8,8,19.98202754572091,17.44796484469737,2.53406270102354,12.681709577395724
cvrp,0,3,3,time_oriented_removal,sequential_insertion,16759923762443152130,15,8,8,19.98202754572091,17.629529958785852,2.3524975869350584,11.773067480526212
cvrp,0,4,4,random_removal,greedy_insertion,8820711895167545792,15,8,8,19.717087298428066,19.677176216152773,0.03991108227529239,0.20241875319218308
cvrp,0,4,4,random_removal,regret_2,9759631724219557938,15,8,8,19.717087298428066,18.45341919703387,1.2636681013941953,6.408999880499289
cvrp,0,4,4,random_removal,regret_3,10653325276598734015,15,8,8,19.717087298428066,18.174575119966548,1.542512178461518,7.823225383723355
cvrp,0,4,4,random_removal,greedy_with_noise,16083053607175877148,15,8,8,19.717087298428066,19.60654464600889,0.11054265241917705,0.5606439264890306
cvrp,0,4,4,random_removal,best_position_first,7196090647770002093,15,8,8,19.717087298428066,19.654100205687204,0.06298709274086178,0.3194543483402003
cvrp,0,4,4,random_removal,sequential_insertion,3792794094720572146,15,8,8,19.717087298428066,19.25460477811621,0.46248252031185544,2.3455924970658653
cvrp,0,4,4,shaw_removal,greedy_insertion,622994000804476958,15,8,8,19.717087298428066,19.317784200763672,0.39930309766439365,2.025162700863164
cvrp,0,4,4,shaw_removal,regret_2,5218898608926908695,15,8,8,19.717087298428066,18.474572581750323,1.2425147166777428,6.301715349086077
cvrp,0,4,4,shaw_removal,regret_3,1932556227949945939,15,8,8,19.717087298428066,19.6778924784053,0.03919482002276453,0.1987860551080956
cvrp,0,4,4,shaw_removal,greedy_with_noise,5467890644408434410,15,8,8,19.717087298428066,19.37330368298365,0.3437836154444156,1.7435821541035808
cvrp,0,4,4,shaw_removal,best_position_first,5849910130988959483,15,8,8,19.717087298428066,19.311486750886537,0.4056005475415283,2.057101748359478
cvrp,0,4,4,shaw_removal,sequential_insertion,9475349939904856148,15,8,8,19.717087298428066,18.543149492577335,1.1739378058507306,5.953910879850505
cvrp,0,4,4,worst_removal,greedy_insertion,14560268247283221502,15,8,8,19.717087298428066,16.145470356784852,3.5716169416432137,18.11432331553332
cvrp,0,4,4,worst_removal,regret_2,17378246407439769140,15,8,8,19.717087298428066,15.894462947333103,3.8226243510949622,19.387368393909373
cvrp,0,4,4,worst_removal,regret_3,16616368917185367441,15,8,8,19.717087298428066,15.649657547701821,4.0674297507262445,20.628958472230927
cvrp,0,4,4,worst_removal,greedy_with_noise,10577152251384077460,15,8,8,19.717087298428066,15.826936127816388,3.890151170611677,19.72984706986522
cvrp,0,4,4,worst_removal,best_position_first,5523935355345563985,15,8,8,19.717087298428066,15.707439250639,4.0096480477890655,20.335904523325475
cvrp,0,4,4,worst_removal,sequential_insertion,10046712670140934680,15,8,8,19.717087298428066,16.418164714214143,3.2989225842139227,16.73128760999566
cvrp,0,4,4,route_removal,greedy_insertion,5536091037260625490,15,8,8,19.717087298428066,20.174367677129908,-0.45728037870184224,-2.3192085716347095
cvrp,0,4,4,route_removal,regret_2,9269306472661061998,15,8,7,19.717087298428066,18.933425720372632,0.7836615780554332,3.9745301432930726
cvrp,0,4,4,route_removal,regret_3,14959970994663314329,15,8,8,19.717087298428066,18.648057419993723,1.0690298784343426,5.42184483059813
cvrp,0,4,4,route_removal,greedy_with_noise,1422656591916013985,15,8,8,19.717087298428066,18.320415281577453,1.3966720168506122,7.083561561153919
cvrp,0,4,4,route_removal,best_position_first,17969726371145873444,15,8,8,19.717087298428066,18.827874894510536,0.8892124039175293,4.509856808253931
cvrp,0,4,4,route_removal,sequential_insertion,443814124074655491,15,8,8,19.717087298428066,19.358995724147263,0.3580915742808024,1.8161484445491656
cvrp,0,4,4,cluster_removal,greedy_insertion,18190492637939287521,15,8,8,19.717087298428066,17.714255817440073,2.002831480987993,10.157846596072371
cvrp,0,4,4,cluster_removal,regret_2,14823501235188425420,15,8,8,19.717087298428066,17.775434998724524,1.9416522997035415,9.847561510052952
cvrp,0,4,4,cluster_removal,regret_3,16275280117226785402,15,8,8,19.717087298428066,17.486816468232156,2.2302708301959093,11.311360529269027
cvrp,0,4,4,cluster_removal,greedy_with_noise,1198982851426112084,15,8,8,19.717087298428066,18.30039461606334,1.416692682364726,7.185101231852186
cvrp,0,4,4,cluster_removal,best_position_first,9303909423930044293,15,8,8,19.717087298428066,17.98946732556029,1.7276199728677746,8.762044549072458
cvrp,0,4,4,cluster_removal,sequential_insertion,6407675065350736518,15,8,8,19.717087298428066,17.50781446182228,2.209272836605784,11.204864101717078
cvrp,0,4,4,time_oriented_removal,greedy_insertion,13693688158476219589,15,8,8,19.717087298428066,17.217849094638417,2.4992382037896483,12.675493930530493
cvrp,0,4,4,time_oriented_removal,regret_2,7398603835421551050,15,8,8,19.717087298428066,16.69863881250651,3.0184484859215566,15.30879505799115
cvrp,0,4,4,time_oriented_removal,regret_3,8572763157595083434,15,8,8,19.717087298428066,16.607258638027332,3.1098286604007335,15.772251820625975
cvrp,0,4,4,time_oriented_removal,greedy_with_noise,8337723094174629353,15,8,8,19.717087298428066,16.925579096797083,2.7915082016309825,14.157812253808574
cvrp,0,4,4,time_oriented_removal,best_position_first,4106861510421007413,15,8,8,19.717087298428066,17.04680801728314,2.670279281144925,13.542970321776744
cvrp,0,4,4,time_oriented_removal,sequential_insertion,3051227881048182668,15,8,8,19.717087298428066,18.20615800953902,1.510929288889045,7.663045083791373
cvrp,0,5,5,random_removal,greedy_insertion,507682098448284557,15,8,8,20.539752461832506,18.485557059571295,2.054195402261211,10.001071853608604
cvrp,0,5,5,random_removal,regret_2,1682491769681088578,15,8,8,20.539752461832506,18.505181807400362,2.0345706544321445,9.905526652343234
cvrp,0,5,5,random_removal,regret_3,7520286627095562561,15,8,8,20.539752461832506,18.25667939525666,2.283073066575845,11.115387445970004
cvrp,0,5,5,random_removal,greedy_with_noise,3499208123705292554,15,8,8,20.539752461832506,18.95158460207925,1.5881678597532556,7.7321665034884415
cvrp,0,5,5,random_removal,best_position_first,17287147215307992733,15,8,8,20.539752461832506,18.731694207836284,1.8080582539962222,8.802726602260677
cvrp,0,5,5,random_removal,sequential_insertion,14866951073323833580,15,8,8,20.539752461832506,18.67491445966286,1.8648380021696482,9.079164929737775
cvrp,0,5,5,shaw_removal,greedy_insertion,18144600912109781022,15,8,8,20.539752461832506,19.913303273344894,0.6264491884876122,3.049935434478561
cvrp,0,5,5,shaw_removal,regret_2,570931133165006950,15,8,8,20.539752461832506,19.534182805109744,1.0055696567227628,4.8957243208813646
cvrp,0,5,5,shaw_removal,regret_3,2925232645669998212,15,8,7,20.539752461832506,18.163236874374455,2.3765155874580515,11.570322436330008
cvrp,0,5,5,shaw_removal,greedy_with_noise,4380359067427827199,15,8,8,20.539752461832506,19.61639758960269,0.9233548722298153,4.495452776004077
cvrp,0,5,5,shaw_removal,best_position_first,15387800439089594275,15,8,8,20.539752461832506,19.281521893098933,1.2582305687335733,6.125831219590642
cvrp,0,5,5,shaw_removal,sequential_insertion,16255414299472435066,15,8,8,20.539752461832506,20.53464438490162,0.005108076930888217,0.024869223426037756
cvrp,0,5,5,worst_removal,greedy_insertion,17341738037566702414,15,8,8,20.539752461832506,18.566466145668702,1.9732863161638043,9.607157242184956
cvrp,0,5,5,worst_removal,regret_2,16435219808251717801,15,8,8,20.539752461832506,19.197839768534507,1.3419126932979992,6.533246667853353
cvrp,0,5,5,worst_removal,regret_3,4233073850354517504,15,8,8,20.539752461832506,18.736765108924782,1.8029873529077243,8.778038373432597
cvrp,0,5,5,worst_removal,greedy_with_noise,4477855643969069017,15,8,8,20.539752461832506,19.14067334126919,1.399079120563318,6.811567584191302
cvrp,0,5,5,worst_removal,best_position_first,14917691906075939962,15,8,8,20.539752461832506,18.26554581435918,2.274206647473328,11.072220328357496
cvrp,0,5,5,worst_removal,sequential_insertion,16749356587740333291,15,8,8,20.539752461832506,18.42200622646881,2.117746235363697,10.310475938300362
cvrp,0,5,5,route_removal,greedy_insertion,12789224555922051737,15,8,8,20.539752461832506,19.700034253385212,0.8397182084472945,4.088258658460857
cvrp,0,5,5,route_removal,regret_2,11104341948393064143,15,8,8,20.539752461832506,20.839651712832275,-0.29989925099976844,-1.4600918465646016
cvrp,0,5,5,route_removal,regret_3,10195536397855230126,15,8,8,20.539752461832506,19.231593062478296,1.30815939935421,6.368915116114789
cvrp,0,5,5,route_removal,greedy_with_noise,14778232705816431938,15,8,8,20.539752461832506,19.849469199777126,0.6902832620553809,3.360718505922031
cvrp,0,5,5,route_removal,best_position_first,4552419295099779332,15,8,8,20.539752461832506,19.48525203726349,1.0545004245690173,5.133949041150895
cvrp,0,5,5,route_removal,sequential_insertion,13077401438195376791,15,8,8,20.539752461832506,19.103375897191665,1.4363765646408417,6.993154213079993
cvrp,0,5,5,cluster_removal,greedy_insertion,6169385345073015166,15,8,8,20.539752461832506,20.085922368089758,0.45383009374274863,2.2095207553550966
cvrp,0,5,5,cluster_removal,regret_2,11705515200565935432,15,8,8,20.539752461832506,19.778494107500475,0.7612583543320319,3.706268397083274
cvrp,0,5,5,cluster_removal,regret_3,2543471209173964428,15,8,8,20.539752461832506,18.987742209989772,1.5520102518427343,7.556129289906095
cvrp,0,5,5,cluster_removal,greedy_with_noise,10066970278417978063,15,8,8,20.539752461832506,20.319329260463387,0.22042320136911897,1.0731541277272694
cvrp,0,5,5,cluster_removal,best_position_first,209732350020007760,15,8,8,20.539752461832506,19.711217520401007,0.8285349414314993,4.033811716918712
cvrp,0,5,5,cluster_removal,sequential_insertion,6918462788218481238,15,8,8,20.539752461832506,18.91321549703097,1.626536964801538,7.918970629388112
cvrp,0,5,5,time_oriented_removal,greedy_insertion,3311352129130447326,15,8,8,20.539752461832506,18.827418045546313,1.7123344162861933,8.336684774892477
cvrp,0,5,5,time_oriented_removal,regret_2,11264421705996680723,15,8,8,20.539752461832506,19.11322521979122,1.426527242041285,6.945201723789488
cvrp,0,5,5,time_oriented_removal,regret_3,15191437154289841344,15,8,8,20.539752461832506,18.654630005922655,1.8851224559098512,9.177921980378459
cvrp,0,5,5,time_oriented_removal,greedy_with_noise,3523618657706351499,15,8,8,20.539752461832506,19.208285728888708,1.3314667329437988,6.482389383309094
cvrp,0,5,5,time_oriented_removal,best_position_first,8230915678474509117,15,8,8,20.539752461832506,19.131978831460106,1.4077736303724002,6.853897742868914
cvrp,0,5,5,time_oriented_removal,sequential_insertion,4472395452993373971,15,8,8,20.539752461832506,19.41337803931396,1.1263744225185448,5.483875351524331
cvrp,1,0,6,random_removal,greedy_insertion,4866954907330365391,15,7,7,22.394496678831377,19.275196559227908,3.1193001196034693,13.928869062514002
cvrp,1,0,6,random_removal,regret_2,5913165881437363245,15,7,7,22.394496678831377,19.01497581243621,3.3795208663951684,15.09085430613716
cvrp,1,0,6,random_removal,regret_3,7665672442984868993,15,7,7,22.394496678831377,19.052141311542893,3.3423553672884836,14.924896126144594
cvrp,1,0,6,random_removal,greedy_with_noise,4896889992833995070,15,7,7,22.394496678831377,19.493019796081278,2.9014768827500994,12.956204929994026
cvrp,1,0,6,random_removal,best_position_first,13329017777667281759,15,7,7,22.394496678831377,19.391262467603315,3.0032342112280617,13.410590353061602
cvrp,1,0,6,random_removal,sequential_insertion,7779972903208649600,15,7,7,22.394496678831377,19.014685991720636,3.3798106871107407,15.092148466571881
cvrp,1,0,6,shaw_removal,greedy_insertion,10412477989042881880,15,7,7,22.394496678831377,21.843128436827882,0.5513682420034947,2.462070257308712
cvrp,1,0,6,shaw_removal,regret_2,12520649952306666034,15,7,7,22.394496678831377,22.232229053586206,0.16226762524517113,0.724587060706554
cvrp,1,0,6,shaw_removal,regret_3,549521330398748121,15,7,7,22.394496678831377,22.297361019893906,0.09713565893747145,0.43374789945285935
cvrp,1,0,6,shaw_removal,greedy_with_noise,9317088624947255916,15,7,7,22.394496678831377,21.77857485448745,0.6159218243439284,2.7503267127505246
cvrp,1,0,6,shaw_removal,best_position_first,10662788431732825929,15,7,7,22.394496678831377,22.761787968991786,-0.3672912901604093,-1.640096205009131
cvrp,1,0,6,shaw_removal,sequential_insertion,8957760770833914671,15,7,7,22.394496678831377,22.806074442777437,-0.4115777639460596,-1.837852262761983
cvrp,1,0,6,worst_removal,greedy_insertion,5384290889356158205,15,7,7,22.394496678831377,18.89011628824683,3.504380390584547,15.648399876283435
cvrp,1,0,6,worst_removal,regret_2,7709698652954105603,15,7,7,22.394496678831377,18.600907083671117,3.7935895951602596,16.93982968032583
cvrp,1,0,6,worst_removal,regret_3,12588173368395191056,15,7,7,22.394496678831377,17.659535508109677,4.7349611707217,21.143414110295545
cvrp,1,0,6,worst_removal,greedy_with_noise,10042229752235801629,15,7,7,22.394496678831377,18.146693833764907,4.24780284506647,18.968065708222632
cvrp,1,0,6,worst_removal,best_position_first,13432356749209281851,15,7,7,22.394496678831377,19.21980000972038,3.174696669110997,14.176235861160974
cvrp,1,0,6,worst_removal,sequential_insertion,748008064180899376,15,7,7,22.394496678831377,18.16242233988318,4.232074338948198,18.897831907732087
cvrp,1,0,6,route_removal,greedy_insertion,2392401108276147090,15,7,7,22.394496678831377,22.270218084156497,0.12427859467488034,0.5549514974915954
cvrp,1,0,6,route_removal,regret_2,14070311552230938448,15,7,7,22.394496678831377,22.128574519111595,0.26592215971978206,1.1874442347755358
cvrp,1,0,6,route_removal,regret_3,3912905379375896769,15,7,7,22.394496678831377,21.605859615033438,0.788637063797939,3.5215663701136273
cvrp,1,0,6,route_removal,greedy_with_noise,8279425470167167489,15,7,7,22.394496678831377,21.566798350614743,0.8276983282166341,3.695989867899216
cvrp,1,0,6,route_removal,best_position_first,14491015439723741550,15,7,7,22.394496678831377,21.55403091034369,0.840465768487686,3.753001375923508
cvrp,1,0,6,route_removal,sequential_insertion,5602133623724054895,15,7,7,22.394496678831377,20.99319023047203,1.401306448359346,6.257369694242538
cvrp,1,0,6,cluster_removal,greedy_insertion,3777791151141907294,15,7,7,22.394496678831377,20.692986872180686,1.7015098066506908,7.597892603047694
cvrp,1,0,6,cluster_removal,regret_2,17014754949773133232,15,7,7,22.394496678831377,20.47145502988624,1.9230416489451372,8.587117078469156
cvrp,1,0,6,cluster_removal,regret_3,13617217044626041706,15,7,7,22.394496678831377,20.226335963873428,2.168160714957949,9.681667536682907
cvrp,1,0,6,cluster_removal,greedy_with_noise,205529015350098612,15,7,7,22.394496678831377,20.6450968798053,1.749399799026076,7.811739750684881
cvrp,1,0,6,cluster_removal,best_position_first,4777700153391342576,15,7,7,22.394496678831377,20.171046419863345,2.2234502589680325,9.928556514823443
cvrp,1,0,6,cluster_removal,sequential_insertion,7150514444239415669,15,7,7,22.394496678831377,20.94320762275887,1.4512890560725076,6.480561170389479
cvrp,1,0,6,time_oriented_removal,greedy_insertion,15684146630785578890,15,7,7,22.394496678831377,18.92246291393357,3.472033764897809,15.503959810714495
cvrp,1,0,6,time_oriented_removal,regret_2,12896215554063512494,15,7,7,22.394496678831377,18.49480986498273,3.8996868138486462,17.413594374437825
cvrp,1,0,6,time_oriented_removal,regret_3,16478183887064285690,15,7,7,22.394496678831377,18.51174524889733,3.8827514299340464,17.337971402609178
cvrp,1,0,6,time_oriented_removal,greedy_with_noise,16198155913989986734,15,7,7,22.394496678831377,19.507095591294462,2.887401087536915,12.893351116331452
cvrp,1,0,6,time_oriented_removal,best_position_first,16134736452889186258,15,7,7,22.394496678831377,19.27791097162163,3.1165857072097474,13.916748172133431
cvrp,1,0,6,time_oriented_removal,sequential_insertion,18067296171503545371,15,7,7,22.394496678831377,18.806998053928268,3.587498624903109,16.019554609120675
cvrp,1,1,7,random_removal,greedy_insertion,1527521307121542117,15,7,7,19.404625992548358,19.353353524193743,0.05127246835461463,0.26422806795814546
cvrp,1,1,7,random_removal,regret_2,746062350539788433,15,7,7,19.404625992548358,18.926192837172948,0.4784331553754093,2.4655623641452005
cvrp,1,1,7,random_removal,regret_3,5576817081099898693,15,7,7,19.404625992548358,19.17806360296774,0.22656238958061792,1.167568958389721
cvrp,1,1,7,random_removal,greedy_with_noise,6106355986028461409,15,7,7,19.404625992548358,19.020580977278918,0.38404501526943946,1.9791415480871315
cvrp,1,1,7,random_removal,best_position_first,6211843624133549800,15,7,7,19.404625992548358,19.449291961801347,-0.04466596925298916,-0.2301820672562383
cvrp,1,1,7,random_removal,sequential_insertion,12548276115026982999,15,7,7,19.404625992548358,18.84823466069307,0.5563913318552878,2.8673128359647317
cvrp,1,1,7,shaw_removal,greedy_insertion,16351033549269967831,15,7,7,19.404625992548358,18.529831412439588,0.8747945801087695,4.508175423966958
cvrp,1,1,7,shaw_removal,regret_2,18117344643077436659,15,7,7,19.404625992548358,18.36751275226249,1.0371132402858692,5.3446700837425825
cvrp,1,1,7,shaw_removal,regret_3,17575466561362780150,15,7,7,19.404625992548358,18.373905172915656,1.0307208196327018,5.31172731712795
cvrp,1,1,7,shaw_removal,greedy_with_noise,273867882918752716,15,7,7,19.404625992548358,19.10744101685024,0.29718497569811575,1.5315161230741519
cvrp,1,1,7,shaw_removal,best_position_first,8012601526200301059,15,7,7,19.404625992548358,20.04662049624125,-0.6419945036928922,-3.3084611058178957
cvrp,1,1,7,shaw_removal,sequential_insertion,5060180031091980683,15,7,7,19.404625992548358,19.21440867063258,0.19021732191577811,0.9802679113157047
cvrp,1,1,7,worst_removal,greedy_insertion,14875597073930863317,15,7,7,19.404625992548358,17.08964876588629,2.314977226662066,11.930027548848654
cvrp,1,1,7,worst_removal,regret_2,480387728341977742,15,7,7,19.404625992548358,16.51747899693011,2.8871469956182487,14.878653145528045
cvrp,1,1,7,worst_removal,regret_3,590971784652059056,15,7,7,19.404625992548358,16.32204463895148,3.082581353596879,15.885806584371338
cvrp,1,1,7,worst_removal,greedy_with_noise,4608183503713786435,15,7,7,19.404625992548358,17.69202500438243,1.7126009881659279,8.825735620071164
cvrp,1,1,7,worst_removal,best_position_first,3894543645040764804,15,7,7,19.404625992548358,17.10297509560057,2.3016508969477876,11.861351503665432
cvrp,1,1,7,worst_removal,sequential_insertion,12216874253814027643,15,7,7,19.404625992548358,16.99500716855287,2.409618823995487,12.417754534000364
cvrp,1,1,7,route_removal,greedy_insertion,422778898014045002,15,7,7,19.404625992548358,19.324775812017066,0.07985018053129167,0.41150074503860695
cvrp,1,1,7,route_removal,regret_2,3018545182323226036,15,7,7,19.404625992548358,18.56790230055636,0.8367236919919989,4.311980515951775
cvrp,1,1,7,route_removal,regret_3,5294969663633286164,15,7,7,19.404625992548358,18.2511959238967,1.1534300686516588,5.944098428357195
cvrp,1,1,7,route_removal,greedy_with_noise,10765857269721317914,15,7,7,19.404625992548358,19.493529971349965,-0.08890397880160705,-0.4581586825520234
cvrp,1,1,7,route_removal,best_position_first,3771158298071846984,15,7,7,19.404625992548358,18.158705594180542,1.245920398367815,6.420739048751909
cvrp,1,1,7,route_removal,sequential_insertion,591870850839474723,15,7,7,19.404625992548358,18.22157307302727,1.1830529195210886,6.096757133971029
cvrp,1,1,7,cluster_removal,greedy_insertion,7852044275125651520,15,7,7,19.404625992548358,18.027634111007725,1.3769918815406328,7.096204183834394
cvrp,1,1,7,cluster_removal,regret_2,11049352727175554500,15,7,7,19.404625992548358,18.933855112452967,0.47077088009539025,2.426075515581556
cvrp,1,1,7,cluster_removal,regret_3,18167969647749414370,15,7,7,19.404625992548358,18.075571261876473,1.329054730671885,6.849164375454905
cvrp,1,1,7,cluster_removal,greedy_with_noise,17287923775971206007,15,7,7,19.404625992548358,17.081897710676653,2.3227282818717043,11.969971916818514
cvrp,1,1,7,cluster_removal,best_position_first,13804084911546057970,15,7,7,19.404625992548358,17.01453310154198,2.390092891006379,12.317129389271441
cvrp,1,1,7,cluster_removal,sequential_insertion,8498128707521828180,15,7,7,19.404625992548358,17.773856318878412,1.6307696736699455,8.404025278797867
cvrp,1,1,7,time_oriented_removal,greedy_insertion,11349533574794569801,15,7,7,19.404625992548358,18.18642946527106,1.2181965272772963,6.277866565143284
cvrp,1,1,7,time_oriented_removal,regret_2,1218634441521994240,15,7,7,19.404625992548358,18.230831211333204,1.173794781215154,6.049046148407639
cvrp,1,1,7,time_oriented_removal,regret_3,7410087317984179370,15,7,7,19.404625992548358,17.27628354190247,2.1283424506458886,10.968221966572306
cvrp,1,1,7,time_oriented_removal,greedy_with_noise,15334561323205588167,15,7,8,19.404625992548358,18.600892114028582,0.8037338785197754,4.141970470486884
cvrp,1,1,7,time_oriented_removal,best_position_first,2197953215759286256,15,7,7,19.404625992548358,17.827105705137082,1.577520287411275,8.129609341695451
cvrp,1,1,7,time_oriented_removal,sequential_insertion,1648629624075679737,15,7,7,19.404625992548358,19.513876306327738,-0.10925031377938055,-0.5630116953624057
cvrp,1,2,8,random_removal,greedy_insertion,16826316707953815452,15,7,7,19.191705057103537,16.664700701259708,2.527004355843829,13.167169609604302
cvrp,1,2,8,random_removal,regret_2,17504942141825039355,15,7,7,19.191705057103537,16.304521960823305,2.887183096280232,15.043911354877677
cvrp,1,2,8,random_removal,regret_3,6895812815761953790,15,7,7,19.191705057103537,16.490642620345696,2.701062436757841,14.074113939960123
cvrp,1,2,8,random_removal,greedy_with_noise,11594406204795610496,15,7,7,19.191705057103537,16.998859983685016,2.192845073418521,11.426004447722955
cvrp,1,2,8,random_removal,best_position_first,3876795762905721595,15,7,7,19.191705057103537,16.81031147738483,2.381393579718708,12.408452363315519
cvrp,1,2,8,random_removal,sequential_insertion,16846610604639836736,15,7,7,19.191705057103537,16.311682313356265,2.880022743747272,15.006601733290356
cvrp,1,2,8,shaw_removal,greedy_insertion,9956206188209884366,15,7,7,19.191705057103537,18.79101870233367,0.40068635476986714,2.0878100907535506
cvrp,1,2,8,shaw_removal,regret_2,4893581813872412319,15,7,7,19.191705057103537,18.84611307619245,0.3455919809110881,1.800736202868917
cvrp,1,2,8,shaw_removal,regret_3,13974844142598337910,15,7,7,19.191705057103537,18.209688481342607,0.9820165757609303,5.116880302396325
cvrp,1,2,8,shaw_removal,greedy_with_noise,13986180320676626925,15,7,7,19.191705057103537,19.104155473540324,0.08754958356321296,0.4561844989943076
cvrp,1,2,8,shaw_removal,best_position_first,1764647034052071207,15,7,7,19.191705057103537,18.66178363385038,0.5299214232531568,2.761200329394464
cvrp,1,2,8,shaw_removal,sequential_insertion,14398154836436712242,15,7,7,19.191705057103537,18.37756807329459,0.8141369838089467,4.242129510570013
cvrp,1,2,8,worst_removal,greedy_insertion,5742654399362172965,15,7,7,19.191705057103537,16.75239326100368,2.439311796099858,12.710240121145366
cvrp,1,2,8,worst_removal,regret_2,17758870687330968175,15,7,7,19.191705057103537,16.555319847951342,2.636385209152195,13.737107783325246
cvrp,1,2,8,worst_removal,regret_3,9139306980629366832,15,7,7,19.191705057103537,16.39780782340291,2.7938972337006263,14.557837489621615
cvrp,1,2,8,worst_removal,greedy_with_noise,15980140147654760682,15,7,7,19.191705057103537,16.525860684556175,2.6658443725473617,13.890607242114932
cvrp,1,2,8,worst_removal,best_position_first,6920289693262757702,15,7,7,19.191705057103537,16.6873943259844,2.504310731119137,13.048922561428183
cvrp,1,2,8,worst_removal,sequential_insertion,13345660011565432670,15,7,7,19.191705057103537,16.555562750818684,2.636142306284853,13.735842117421049
cvrp,1,2,8,route_removal,greedy_insertion,2900999842172749150,15,7,7,19.191705057103537,18.62233123882188,0.5693738182816581,2.966770365569538
cvrp,1,2,8,route_removal,regret_2,15173376712931881511,15,7,7,19.191705057103537,18.789045991767026,0.4026590653365112,2.0980890657626725
cvrp,1,2,8,route_removal,regret_3,13435510642691579399,15,7,7,19.191705057103537,18.04087326886769,1.1508317882358483,5.996506223973489
cvrp,1,2,8,route_removal,greedy_with_noise,12863741364786306526,15,7,7,19.191705057103537,18.402496488284044,0.7892085688194932,4.112237898984274
cvrp,1,2,8,route_removal,best_position_first,5213673846944839285,15,7,7,19.191705057103537,18.433747377171642,0.757957679931895,3.9494025031994107
cvrp,1,2,8,route_removal,sequential_insertion,8070091910564285931,15,7,7,19.191705057103537,17.90786925790936,1.2838357991941756,6.689534855679653
cvrp,1,2,8,cluster_removal,greedy_insertion,14256286713313562493,15,7,7,19.191705057103537,18.32582835415747,0.8658767029460677,4.511723686716286
cvrp,1,2,8,cluster_removal,regret_2,5306171048538043800,15,7,7,19.191705057103537,18.227881798010458,0.9638232590930791,5.02208248941557
cvrp,1,2,8,cluster_removal,regret_3,14104766685336673322,15,7,7,19.191705057103537,18.109949649918065,1.0817554071854723,5.636577906792476
cvrp,1,2,8,cluster_removal,greedy_with_noise,16387275713805565127,15,7,7,19.191705057103537,18.940043044442206,0.25166201266133115,1.3113061706217815
cvrp,1,2,8,cluster_removal,best_position_first,12201384808682957032,15,7,7,19.191705057103537,19.067831037331892,0.12387401977164458,0.6454560415714308
cvrp,1,2,8,cluster_removal,sequential_insertion,5918204121701687240,15,7,7,19.191705057103537,18.396071353953378,0.795633703150159,4.145716604037047
cvrp,1,2,8,time_oriented_removal,greedy_insertion,11459869776209572497,15,7,7,19.191705057103537,18.98373794213032,0.20796711497321851,1.0836302160460851
cvrp,1,2,8,time_oriented_removal,regret_2,6653773075861260266,15,7,7,19.191705057103537,16.985302514947623,2.2064025421559137,11.496646783550089
cvrp,1,2,8,time_oriented_removal,regret_3,16516020782795147342,15,7,7,19.191705057103537,17.04877272393892,2.142932333164616,11.1659298993418
cvrp,1,2,8,time_oriented_removal,greedy_with_noise,7347640408032134056,15,7,7,19.191705057103537,19.3674993363548,-0.17579427925126367,-0.9159909384194914
cvrp,1,2,8,time_oriented_removal,best_position_first,3412672723362121715,15,7,7,19.191705057103537,18.06694536414104,1.1247596929624954,5.860655369681089
cvrp,1,2,8,time_oriented_removal,sequential_insertion,16723797084511513490,15,7,7,19.191705057103537,17.479912422967228,1.7117926341363088,8.91944008644877
cvrp,1,3,9,random_removal,greedy_insertion,15470104073915862038,15,7,7,20.970395980932505,19.843335345918312,1.1270606350141925,5.374531964198392
cvrp,1,3,9,random_removal,regret_2,10247288716619320894,15,7,7,20.970395980932505,19.585935102849465,1.3844608780830399,6.60197775636603
cvrp,1,3,9,random_removal,regret_3,4004912335257316590,15,7,7,20.970395980932505,18.69178964129559,2.278606339636916,10.865824096544273
cvrp,1,3,9,random_removal,greedy_with_noise,8977954866283733429,15,7,8,20.970395980932505,20.943636340955255,0.02675963997725006,0.1276067462034645
cvrp,1,3,9,random_removal,best_position_first,14205403887361952302,15,7,7,20.970395980932505,20.500692776012233,0.46970320492027184,2.2398394639154793
cvrp,1,3,9,random_removal,sequential_insertion,6679114661375780698,15,7,7,20.970395980932505,20.129626040416696,0.8407699405158091,4.009318380445871
cvrp,1,3,9,shaw_removal,greedy_insertion,3542688570789586797,15,7,7,20.970395980932505,21.681881208204093,-0.7114852272715879,-3.3928077844524793
cvrp,1,3,9,shaw_removal,regret_2,11388956332469285401,15,7,7,20.970395980932505,20.65057934127673,0.31981663965577667,1.5250863166655146
cvrp,1,3,9,shaw_removal,regret_3,1414222672298541724,15,7,7,20.970395980932505,20.10769809297329,0.8626978879592144,4.113884586364651
cvrp,1,3,9,shaw_removal,greedy_with_noise,10428705812728445518,15,7,7,20.970395980932505,21.479156100593187,-0.5087601196606819,-2.426087328647852
cvrp,1,3,9,shaw_removal,best_position_first,9838216372492347864,15,7,7,20.970395980932505,20.45754225213336,0.5128537287991435,2.4456082244010067
cvrp,1,3,9,shaw_removal,sequential_insertion,3467705040438253477,15,7,7,20.970395980932505,21.357553834281934,-0.38715785334942865,-1.8462114578163185
cvrp,1,3,9,worst_removal,greedy_insertion,9345581268015591131,15,7,7,20.970395980932505,17.8929124827527,3.077483498179806,14.675371418727769
cvrp,1,3,9,worst_removal,regret_2,13265420079521753707,15,7,7,20.970395980932505,17.023203766799266,3.9471922141332385,18.822688029936362
cvrp,1,3,9,worst_removal,regret_3,17470356570706335964,15,7,7,20.970395980932505,17.390129411582723,3.5802665693497815,17.07295643155793
cvrp,1,3,9,worst_removal,greedy_with_noise,15498291993655964231,15,7,7,20.970395980932505,18.319626781686296,2.6507691992462092,12.640530019826244
cvrp,1,3,9,worst_removal,best_position_first,7984874695474034646,15,7,7,20.970395980932505,18.31796112042326,2.6524348605092456,12.64847293737797
cvrp,1,3,9,worst_removal,sequential_insertion,18173539906513398051,15,7,7,20.970395980932505,18.205951789559844,2.764444191372661,13.18260367561134
cvrp,1,3,9,route_removal,greedy_insertion,4288266325899960851,15,7,7,20.970395980932505,21.55513740181662,-0.5847414208841144,-2.7884138259277274
cvrp,1,3,9,route_removal,regret_2,12163715746131190912,15,7,7,20.970395980932505,20.644931274503765,0.3254647064287397,1.5520198413261772
cvrp,1,3,9,route_removal,regret_3,1355736348713630622,15,7,7,20.970395980932505,20.10945527572203,0.8609407052104743,4.105505236969733
cvrp,1,3,9,route_removal,greedy_with_noise,1749935916383405276,15,7,7,20.970395980932505,19.560587280911406,1.4098087000210988,6.722852068711427
cvrp,1,3,9,route_removal,best_position_first,9314544574533906548,15,7,7,20.970395980932505,19.48647425791746,1.4839217230150439,7.076269443668642
cvrp,1,3,9,route_removal,sequential_insertion,14584098780627710175,15,7,7,20.970395980932505,21.438543371003647,-0.4681473900711417,-2.2324203629574204
cvrp,1,3,9,cluster_removal,greedy_insertion,11569600332093311458,15,7,7,20.970395980932505,18.692311457401626,2.278084523530879,10.863335750084286
cvrp,1,3,9,cluster_removal,regret_2,3205086071925731482,15,7,7,20.970395980932505,18.71386318708404,2.2565327938484643,10.760563586401679
cvrp,1,3,9,cluster_removal,regret_3,6270339697157425493,15,7,7,20.970395980932505,18.055104856173312,2.915291124759193,13.901936460379403
cvrp,1,3,9,cluster_removal,greedy_with_noise,6825899961525226860,15,7,7,20.970395980932505,19.178195632192473,1.7922003487400318,8.546335273638151
cvrp,1,3,9,cluster_removal,best_position_first,4648272970720889640,15,7,7,20.970395980932505,18.888301569288735,2.0820944116437694,9.928731977865032
cvrp,1,3,9,cluster_removal,sequential_insertion,18015882006543293823,15,7,7,20.970395980932505,18.28214265045161,2.6882533304808938,12.81927786640371
cvrp,1,3,9,time_oriented_removal,greedy_insertion,16931855055242967886,15,7,7,20.970395980932505,21.027069834447467,-0.05667385351496179,-0.27025647759104277
cvrp,1,3,9,time_oriented_removal,regret_2,16564848165731630271,15,7,7,20.970395980932505,19.878177840882408,1.0922181400500968,5.208381096109032
cvrp,1,3,9,time_oriented_removal,regret_3,9099305785999094489,15,7,7,20.970395980932505,20.092465114461117,0.8779308664713881,4.186524981548529
cvrp,1,3,9,time_oriented_removal,greedy_with_noise,1111379522184104717,15,7,7,20.970395980932505,20.91975769397179,0.05063828696071582,0.2414751109457307
cvrp,1,3,9,time_oriented_removal,best_position_first,3058270982457160316,15,7,7,20.970395980932505,20.51074682149164,0.4596491594408647,2.1918954694933004
cvrp,1,3,9,time_oriented_removal,sequential_insertion,15464055873414314729,15,7,7,20.970395980932505,20.279915674412496,0.6904803065200085,3.292643148693201
cvrp,1,4,10,random_removal,greedy_insertion,14508533712867425666,15,7,7,22.84843473177264,19.72363928521318,3.1247954465594603,13.676190440363834
cvrp,1,4,10,random_removal,regret_2,17283156488952691038,15,7,7,22.84843473177264,19.86765290093481,2.980781830837831,13.045890739696084
cvrp,1,4,10,random_removal,regret_3,15015057556787088754,15,7,7,22.84843473177264,19.827849674783263,3.020585056989379,13.220096222998615
cvrp,1,4,10,random_removal,greedy_with_noise,14875420523489180660,15,7,7,22.84843473177264,19.62138097843971,3.2270537533329318,14.123741040542468
cvrp,1,4,10,random_removal,best_position_first,15054604478195270175,15,7,7,22.84843473177264,19.52423614198241,3.3241985897902318,14.54891168176023
cvrp,1,4,10,random_removal,sequential_insertion,3780321026602990273,15,7,7,22.84843473177264,19.6622787967433,3.1861559350293405,13.944744891424563
cvrp,1,4,10,shaw_removal,greedy_insertion,5341964832100538825,15,7,7,22.84843473177264,21.357629345405993,1.4908053863666488,6.524759371343545
cvrp,1,4,10,shaw_removal,regret_2,17090983365118719383,15,7,7,22.84843473177264,20.887395160193567,1.9610395715790752,8.582818011826811
cvrp,1,4,10,shaw_removal,regret_3,7500458903385953328,15,7,7,22.84843473177264,21.003706501288377,1.8447282304842645,8.073761954113282
cvrp,1,4,10,shaw_removal,greedy_with_noise,10793428030164443285,15,7,7,22.84843473177264,21.862776892317576,0.9856578394550652,4.3138965580185955
cvrp,1,4,10,shaw_removal,best_position_first,12550460306320195564,15,7,7,22.84843473177264,21.748936223164034,1.0994985086086082,4.812139306329218
cvrp,1,4,10,shaw_removal,sequential_insertion,9639529362354635930,15,7,7,22.84843473177264,21.25196324170211,1.596471490070531,6.987224765338104
cvrp,1,4,10,worst_removal,greedy_insertion,8834100938363683639,15,7,7,22.84843473177264,17.9794846914371,4.868950040335541,21.309775034894894
cvrp,1,4,10,worst_removal,regret_2,1858262637252472197,15,7,7,22.84843473177264,18.63384494039026,4.21458979138238,18.44585784916655
cvrp,1,4,10,worst_removal,regret_3,6417836838988395389,15,7,7,22.84843473177264,17.356534193994946,5.4919005377776955,24.03622218436151
cvrp,1,4,10,worst_removal,greedy_with_noise,16284168633023744428,15,7,7,22.84843473177264,17.892743804754108,4.955690927018534,21.689411048045383
cvrp,1,4,10,worst_removal,best_position_first,7952687280607671413,15,7,7,22.84843473177264,17.77591290205517,5.0725218297174735,22.20074105410692
cvrp,1,4,10,worst_removal,sequential_insertion,11228988199267924143,15,7,7,22.84843473177264,18.082216827726175,4.766217904046467,20.860150640510383
cvrp,1,4,10,route_removal,greedy_insertion,534446028298492286,15,7,7,22.84843473177264,20.15495195584187,2.6934827759307716,11.788478324886128
cvrp,1,4,10,route_removal,regret_2,12877358094719693409,15,7,7,22.84843473177264,20.55929733127018,2.2891374005024616,10.018793091848986
cvrp,1,4,10,route_removal,regret_3,16656798667585215521,15,7,7,22.84843473177264,20.019138194200636,2.829296537572006,12.38288999131146
cvrp,1,4,10,route_removal,greedy_with_noise,15427617950339251973,15,7,7,22.84843473177264,20.262985937786492,2.5854487939861492,11.315649515329241
cvrp,1,4,10,route_removal,best_position_first,7620489780709362439,15,7,7,22.84843473177264,21.622630556597684,1.2258041751749573,5.364937202767658
cvrp,1,4,10,route_removal,sequential_insertion,13089072785286466542,15,7,7,22.84843473177264,20.545961382656422,2.3024733491162195,10.077160103726666
cvrp,1,4,10,cluster_removal,greedy_insertion,5841834093601313798,15,7,7,22.84843473177264,20.755078979782347,2.0933557519902948,9.161921928416874
cvrp,1,4,10,cluster_removal,regret_2,4108101027814522821,15,7,7,22.84843473177264,20.484890531798605,2.3635441999740365,10.344446907285656
cvrp,1,4,10,cluster_removal,regret_3,8768823263603827026,15,7,7,22.84843473177264,20.29606718744311,2.552367544329531,11.170863887582865
cvrp,1,4,10,cluster_removal,greedy_with_noise,8660256073790842018,15,7,7,22.84843473177264,20.766743461692347,2.081691270080295,9.1108703704133
cvrp,1,4,10,cluster_removal,best_position_first,9037088599349836303,15,7,7,22.84843473177264,20.97007897689926,1.8783557548733825,8.220938444686423
cvrp,1,4,10,cluster_removal,sequential_insertion,16497080042510284797,15,7,7,22.84843473177264,20.390358317049895,2.458076414722747,10.758182972177906
cvrp,1,4,10,time_oriented_removal,greedy_insertion,9975090405320754359,15,7,7,22.84843473177264,18.67054830093535,4.17788643083729,18.285219446685304
cvrp,1,4,10,time_oriented_removal,regret_2,18295247867569120339,15,7,7,22.84843473177264,18.438735062491382,4.40969966928126,19.299788896038496
cvrp,1,4,10,time_oriented_removal,regret_3,10600589717028589034,15,7,7,22.84843473177264,18.492918969588256,4.355515762184385,19.06264395489499
cvrp,1,4,10,time_oriented_removal,greedy_with_noise,2643709051837809240,15,7,7,22.84843473177264,18.9886349026291,3.8597998291435403,16.89306017876213
cvrp,1,4,10,time_oriented_removal,best_position_first,8075127854281836309,15,7,7,22.84843473177264,18.623124264704593,4.225310467068049,18.492778681212698
cvrp,1,4,10,time_oriented_removal,sequential_insertion,164836642786159158,15,7,7,22.84843473177264,18.75060842430952,4.097826307463123,17.934822912681874
cvrp,1,5,11,random_removal,greedy_insertion,4901452917536828652,15,7,7,18.90373213533621,18.806633274732846,0.09709886060336359,0.5136491561994758
cvrp,1,5,11,random_removal,regret_2,15874620633484851556,15,7,7,18.90373213533621,18.996037628070482,-0.09230549273427258,-0.48829242857143823
cvrp,1,5,11,random_removal,regret_3,9241426189629318582,15,7,7,18.90373213533621,18.021877517156703,0.8818546181795064,4.664976269585838
cvrp,1,5,11,random_removal,greedy_with_noise,6307811844613732525,15,7,7,18.90373213533621,18.740577374495082,0.16315476084112746,0.8630822721834219
cvrp,1,5,11,random_removal,best_position_first,16178504346371810558,15,7,7,18.90373213533621,19.13483950803558,-0.23110737269936976,-1.22254891809098
cvrp,1,5,11,random_removal,sequential_insertion,8590184194876389907,15,7,7,18.90373213533621,19.47292677342664,-0.5691946380904298,-3.011017263762696
cvrp,1,5,11,shaw_removal,greedy_insertion,4268632612066009835,15,7,7,18.90373213533621,17.140486508583127,1.7632456267530827,9.327500062578107
cvrp,1,5,11,shaw_removal,regret_2,7036243324114433587,15,7,7,18.90373213533621,17.140486508583127,1.7632456267530827,9.327500062578107
cvrp,1,5,11,shaw_removal,regret_3,890393676453063258,15,7,7,18.90373213533621,17.106777303305822,1.7969548320303872,9.50582043358195
cvrp,1,5,11,shaw_removal,greedy_with_noise,10770232068068401163,15,7,7,18.90373213533621,17.2927198826124,1.6110122527238104,8.52219149737311
cvrp,1,5,11,shaw_removal,best_position_first,4327554151201729940,15,7,7,18.90373213533621,17.120266174968055,1.7834659603681544,9.43446483265795
cvrp,1,5,11,shaw_removal,sequential_insertion,10668336656795333516,15,7,7,18.90373213533621,17.16620673548413,1.7375253998520783,9.191441073184546
cvrp,1,5,11,worst_removal,greedy_insertion,10743006385847814081,15,7,7,18.90373213533621,15.651841132469926,3.2518910028662837,17.202375592212377
cvrp,1,5,11,worst_removal,regret_2,2918101516069028636,15,7,7,18.90373213533621,17.264215122618943,1.639517012717267,8.672980557381916
cvrp,1,5,11,worst_removal,regret_3,839236853995689013,15,7,7,18.90373213533621,15.40528806231723,3.4984440730189803,18.50663164275079
cvrp,1,5,11,worst_removal,greedy_with_noise,4263515362380362595,15,7,7,18.90373213533621,15.39767639979448,3.506055735541729,18.54689703832588
cvrp,1,5,11,worst_removal,best_position_first,8223962649345377780,15,7,7,18.90373213533621,15.39767639979448,3.506055735541729,18.54689703832588
cvrp,1,5,11,worst_removal,sequential_insertion,3078467253158459351,15,7,7,18.90373213533621,16.44541298341911,2.458319151917099,13.004411691392054
cvrp,1,5,11,route_removal,greedy_insertion,6986375591765259786,15,7,7,18.90373213533621,17.361644593000197,1.542087542336013,8.157582488451752
cvrp,1,5,11,route_removal,regret_2,5696853632298058821,15,7,7,18.90373213533621,18.376881082541875,0.5268510527943349,2.787021361826785
cvrp,1,5,11,route_removal,regret_3,8075919582116299246,15,7,7,18.90373213533621,17.07444205816598,1.8292900771702278,9.676872609461006
cvrp,1,5,11,route_removal,greedy_with_noise,521254371557365308,15,7,7,18.90373213533621,17.887227517130533,1.0165046182056763,5.377269477414743
cvrp,1,5,11,route_removal,best_position_first,10671078379466259954,15,7,7,18.90373213533621,17.965464520230928,0.938267615105282,4.963398806055896
cvrp,1,5,11,route_removal,sequential_insertion,4172777040958425944,15,7,7,18.90373213533621,17.451048792968457,1.4526833423677523,7.684637784579546
cvrp,1,5,11,cluster_removal,greedy_insertion,5419463555069608049,15,7,7,18.90373213533621,18.96650097726272,-0.06276884192650911,-0.33204470671258135
cvrp,1,5,11,cluster_removal,regret_2,4288992523897072697,15,7,7,18.90373213533621,18.78352771778411,0.12020441755209887,0.6358766443130253
cvrp,1,5,11,cluster_removal,regret_3,43500051494870927,15,7,7,18.90373213533621,18.066600690137278,0.8371314451989313,4.4283924423268
cvrp,1,5,11,cluster_removal,greedy_with_noise,17045807839560413374,15,7,7,18.90373213533621,18.122496947304636,0.7812351880315731,4.132703438868732
cvrp,1,5,11,cluster_removal,best_position_first,1241966578504998814,15,7,7,18.90373213533621,18.193596080789227,0.7101360545469824,3.7565918172292827
cvrp,1,5,11,cluster_removal,sequential_insertion,17388574073259140389,15,7,7,18.90373213533621,17.88503929976338,1.0186928355728284,5.388845061280861
cvrp,1,5,11,time_oriented_removal,greedy_insertion,113079051450701248,15,7,7,18.90373213533621,20.177250331747143,-1.273518196410933,-6.736861204409375
cvrp,1,5,11,time_oriented_removal,regret_2,15547971399479417545,15,7,7,18.90373213533621,19.68976453665604,-0.7860324013198294,-4.158080508613013
cvrp,1,5,11,time_oriented_removal,regret_3,7679536185524786337,15,7,7,18.90373213533621,19.58915328365767,-0.6854211483214598,-3.6258509346957024
cvrp,1,5,11,time_oriented_removal,greedy_with_noise,14241049235149740526,15,7,7,18.90373213533621,20.42862445395963,-1.5248923186234187,-8.066620430856512
cvrp,1,5,11,time_oriented_removal,best_position_first,9513481383995058972,15,7,7,18.90373213533621,19.05887527175843,-0.15514313642222177,-0.82070109389784
cvrp,1,5,11,time_oriented_removal,sequential_insertion,2167345344654695690,15,7,7,18.90373213533621,18.97793958205905,-0.0742074467228413,-0.3925544765000527
cvrp,2,0,12,random_removal,greedy_insertion,3296838198135428170,15,6,6,17.234903166078695,16.163799537178466,1.0711036289002287,6.214735403958335
cvrp,2,0,12,random_removal,regret_2,7887088891474004688,15,6,6,17.234903166078695,16.133119964537343,1.1017832015413518,6.392743788139488
cvrp,2,0,12,random_removal,regret_3,10436286188215219479,15,6,6,17.234903166078695,16.113042890523204,1.1218602755554912,6.5092345732670465
cvrp,2,0,12,random_removal,greedy_with_noise,5499672385814023677,15,6,6,17.234903166078695,16.34242048633508,0.8924826797436154,5.178344613506025
cvrp,2,0,12,random_removal,best_position_first,9943986866498126430,15,6,6,17.234903166078695,16.147916548909055,1.0869866171696394,6.306891351203059
cvrp,2,0,12,random_removal,sequential_insertion,16464986952424555072,15,6,6,17.234903166078695,16.15128204215843,1.0836211239202633,6.287364155622408
cvrp,2,0,12,shaw_removal,greedy_insertion,11015173655473486095,15,6,6,17.234903166078695,17.14294646635553,0.09195669972316622,0.5335492682323455
cvrp,2,0,12,shaw_removal,regret_2,4177046334303580342,15,6,6,17.234903166078695,16.867965187011148,0.3669379790675471,2.1290399808555076
cvrp,2,0,12,shaw_removal,regret_3,7269619396303986769,15,6,6,17.234903166078695,16.50218842965659,0.7327147364221034,4.25134234501656
cvrp,2,0,12,shaw_removal,greedy_with_noise,1702070779997921061,15,6,6,17.234903166078695,17.443004402611784,-0.2081012365330892,-1.2074407063839434
cvrp,2,0,12,shaw_removal,best_position_first,2980515534069486440,15,6,6,17.234903166078695,17.10534844556543,0.12955472051326566,0.7516997296988127
cvrp,2,0,12,shaw_removal,sequential_insertion,17464322653554154946,15,6,6,17.234903166078695,17.291087251377053,-0.05618408529835861,-0.3259901419634241
cvrp,2,0,12,worst_removal,greedy_insertion,7625814255955742842,15,6,6,17.234903166078695,15.673654227830841,1.5612489382478536,9.058646417698853
cvrp,2,0,12,worst_removal,regret_2,15130644471226438433,15,6,6,17.234903166078695,15.786288886785904,1.4486142792927907,8.40511992051059
cvrp,2,0,12,worst_removal,regret_3,1936797588180266327,15,6,6,17.234903166078695,15.207154195066664,2.0277489710120307,11.765363294892166
cvrp,2,0,12,worst_removal,greedy_with_noise,13945522558074620122,15,6,6,17.234903166078695,16.081172358198064,1.1537308078806312,6.694153119185348
cvrp,2,0,12,worst_removal,best_position_first,7876598643257330881,15,6,6,17.234903166078695,16.041337496546866,1.1935656695318286,6.925282132602722
cvrp,2,0,12,worst_removal,sequential_insertion,9418281485985912192,15,6,6,17.234903166078695,15.190197543779995,2.0447056222987,11.863748827571243
cvrp,2,0,12,route_removal,greedy_insertion,13870154410357521335,15,6,6,17.234903166078695,16.54727456738671,0.6876285986919832,3.9897444857442346
cvrp,2,0,12,route_removal,regret_2,13711766491334656779,15,6,6,17.234903166078695,17.39156346803709,-0.15666030195839653,-0.9089711758098613
cvrp,2,0,12,route_removal,regret_3,11567127464075938110,15,6,6,17.234903166078695,17.344903843094933,-0.11000067701623806,-0.6382436614598371
cvrp,2,0,12,route_removal,greedy_with_noise,11051786754000788338,15,6,6,17.234903166078695,16.91652728857135,0.3183758775073464,1.8472739558755737
cvrp,2,0,12,route_removal,best_position_first,6456517225207169831,15,6,6,17.234903166078695,16.758201189439685,0.47670197663900993,2.765910385717994
cvrp,2,0,12,route_removal,sequential_insertion,7455849246446913094,15,6,6,17.234903166078695,17.39269614664839,-0.15779298056969537,-0.915543180307851
cvrp,2,0,12,cluster_removal,greedy_insertion,17647669189690035162,15,6,6,17.234903166078695,16.258264855645336,0.9766383104333585,5.666630679745005
cvrp,2,0,12,cluster_removal,regret_2,18346919758380736721,15,6,6,17.234903166078695,16.76877192288905,0.4661312431896434,2.704577093923401
cvrp,2,0,12,cluster_removal,regret_3,9596822428940704800,15,6,6,17.234903166078695,16.059332985997287,1.175570180081408,6.820869074536699
cvrp,2,0,12,cluster_removal,greedy_with_noise,11288957425488554795,15,6,6,17.234903166078695,16.47348140063778,0.7614217654409146,4.417905677239463
cvrp,2,0,12,cluster_removal,best_position_first,734032826658607363,15,6,6,17.234903166078695,16.68725853922,0.5476446268586947,3.1775323689462627
cvrp,2,0,12,cluster_removal,sequential_insertion,15516936235502692937,15,6,6,17.234903166078695,16.44942282109725,0.785480344981444,4.557497871687534
cvrp,2,0,12,time_oriented_removal,greedy_insertion,7776234517718201354,15,6,6,17.234903166078695,16.799324434044703,0.4355787320339921,2.527305943274966
cvrp,2,0,12,time_oriented_removal,regret_2,13231771148679447263,15,6,6,17.234903166078695,15.97211089943419,1.2627922666445048,7.326947267855273
cvrp,2,0,12,time_oriented_removal,regret_3,17209907568597657461,15,6,6,17.234903166078695,16.038085160190047,1.1968180058886482,6.944152771593144
cvrp,2,0,12,time_oriented_removal,greedy_with_noise,2152909847300753817,15,6,6,17.234903166078695,16.07943190874137,1.1554712573373251,6.704251519158487
cvrp,2,0,12,time_oriented_removal,best_position_first,8990239122424978475,15,6,6,17.234903166078695,16.051242028106774,1.1836611379719209,6.867814263683089
cvrp,2,0,12,time_oriented_removal,sequential_insertion,15310249883296579030,15,6,6,17.234903166078695,16.82805456493754,0.4068486011411565,2.3606085698346466
cvrp,2,1,13,random_removal,greedy_insertion,13012685716730145562,15,6,6,18.467058217862387,16.702337108391127,1.7647211094712603,9.556048877153167
cvrp,2,1,13,random_removal,regret_2,6678472743419425763,15,6,6,18.467058217862387,16.344640555143386,2.122417662719002,11.492992753258768
cvrp,2,1,13,random_removal,regret_3,6818675092859769205,15,6,6,18.467058217862387,16.21298018353072,2.254078034331666,12.205939937696163
cvrp,2,1,13,random_removal,greedy_with_noise,17898741349646282875,15,6,6,18.467058217862387,16.54011043979152,1.9269477780708684,10.43451401591952
cvrp,2,1,13,random_removal,best_position_first,5487545075741104452,15,6,6,18.467058217862387,17.372108318505916,1.0949498993564717,5.929205867220227
cvrp,2,1,13,random_removal,sequential_insertion,7387697528612142411,15,6,6,18.467058217862387,17.0862187709932,1.3808394468691887,7.477311386464154
cvrp,2,1,13,shaw_removal,greedy_insertion,15627157188370404988,15,6,6,18.467058217862387,17.09836514249638,1.3686930753660072,7.411538206134693
cvrp,2,1,13,shaw_removal,regret_2,13523250519184068178,15,6,6,18.467058217862387,17.171819365616628,1.2952388522457596,7.013780088660418
cvrp,2,1,13,shaw_removal,regret_3,17550236520137508295,15,6,6,18.467058217862387,16.976451690707805,1.4906065271545827,8.07170535539214
cvrp,2,1,13,shaw_removal,greedy_with_noise,3650581857872806987,15,6,6,18.467058217862387,17.55216501824337,0.9148931996190157,4.954190260439419
cvrp,2,1,13,shaw_removal,best_position_first,1543532457374798502,15,6,6,18.467058217862387,17.137583682406156,1.3294745354562316,7.199167944195293
cvrp,2,1,13,shaw_removal,sequential_insertion,13141381633048493228,15,6,6,18.467058217862387,17.91608895866098,0.550969259201409,2.9835247861431458
cvrp,2,1,13,worst_removal,greedy_insertion,8863221349423370580,15,6,6,18.467058217862387,15.293171387108819,3.1738868307535686,17.186748388996822
cvrp,2,1,13,worst_removal,regret_2,9181634923124623918,15,6,6,18.467058217862387,15.12812256454781,3.338935653314577,18.080495625908455
cvrp,2,1,13,worst_removal,regret_3,10048164385990208075,15,6,6,18.467058217862387,14.199859264064745,4.267198953797642,23.107085619463554
cvrp,2,1,13,worst_removal,greedy_with_noise,6870231096392483703,15,6,6,18.467058217862387,14.882807602460202,3.584250615402185,19.40888783214694
cvrp,2,1,13,worst_removal,best_position_first,15147579461801689640,15,6,6,18.467058217862387,15.21397565225141,3.2530825656109776,17.615597066047105
cvrp,2,1,13,worst_removal,sequential_insertion,10598558074135059632,15,6,6,18.467058217862387,14.806307900281446,3.6607503175809413,19.823137363806303
cvrp,2,1,13,route_removal,greedy_insertion,2497603148143854781,15,6,6,18.467058217862387,18.63305340766374,-0.16599518980135386,-0.8988718606019982
cvrp,2,1,13,route_removal,regret_2,12046027350245179558,15,6,6,18.467058217862387,17.827563077127024,0.6394951407353631,3.462896651924815
cvrp,2,1,13,route_removal,regret_3,5067298036397989889,15,6,6,18.467058217862387,18.20680134018042,0.26025687768196804,1.4093033909983173
cvrp,2,1,13,route_removal,greedy_with_noise,7843862126028665789,15,6,6,18.467058217862387,18.640256969232187,-0.17319875136979945,-0.9378794896648551
cvrp,2,1,13,route_removal,best_position_first,728566883479227734,15,6,6,18.467058217862387,17.84226587114431,0.6247923467180776,3.383280321896332
cvrp,2,1,13,route_removal,sequential_insertion,17406898668278389386,15,6,6,18.467058217862387,17.86050344902617,0.6065547688362187,3.284522968847981
cvrp,2,1,13,cluster_removal,greedy_insertion,2759168772413674209,15,6,6,18.467058217862387,17.225202570065047,1.2418556477973404,6.724707493455276
cvrp,2,1,13,cluster_removal,regret_2,8550971406681543880,15,6,6,18.467058217862387,17.41744975073505,1.0496084671273387,5.683679851683674
cvrp,2,1,13,cluster_removal,regret_3,3768640165516895266,15,6,6,18.467058217862387,16.77975940696559,1.6872988108967988,9.13680344205959
cvrp,2,1,13,cluster_removal,greedy_with_noise,7968143739033083332,15,6,6,18.467058217862387,18.0466995189609,0.420358698901488,2.2762623799761093
cvrp,2,1,13,cluster_removal,best_position_first,15213476016235245403,15,6,6,18.467058217862387,17.074680439713998,1.39237777814839,7.5397920000143985
cvrp,2,1,13,cluster_removal,sequential_insertion,16659606625766319047,15,6,6,18.467058217862387,16.4621763801639,2.0048818376984876,10.856530661495679
cvrp,2,1,13,time_oriented_removal,greedy_insertion,16241932034276615301,15,6,6,18.467058217862387,15.503784408129203,2.9632738097331845,16.046268846799528
cvrp,2,1,13,time_oriented_removal,regret_2,13161216330521627492,15,6,6,18.467058217862387,15.250338048775555,3.216720169086832,17.418692956604414
cvrp,2,1,13,time_oriented_removal,regret_3,7102364289350056681,15,6,6,18.467058217862387,15.250338048775555,3.216720169086832,17.418692956604414
cvrp,2,1,13,time_oriented_removal,greedy_with_noise,9483049598526371171,15,6,6,18.467058217862387,16.228454215388687,2.2386040024737,12.122147318019472
cvrp,2,1,13,time_oriented_removal,best_position_first,12285344036173510147,15,6,6,18.467058217862387,16.326856344799317,2.14020187306307,11.589295099492054
cvrp,2,1,13,time_oriented_removal,sequential_insertion,2040727666481559810,15,6,6,18.467058217862387,15.527312849821444,2.9397453680409438,15.918861214167046
cvrp,2,2,14,random_removal,greedy_insertion,17392719565019868980,15,6,6,18.271947534875796,17.211526550488337,1.0604209843874592,5.803546569753586
cvrp,2,2,14,random_removal,regret_2,8047509294381221798,15,6,6,18.271947534875796,16.40117359313896,1.8707739417368359,10.238503247484026
cvrp,2,2,14,random_removal,regret_3,17150816017068572939,15,6,6,18.271947534875796,16.941170476904766,1.33077705797103,7.283170310285571
cvrp,2,2,14,random_removal,greedy_with_noise,7495581975258076132,15,6,6,18.271947534875796,17.9925657385726,0.2793817963031948,1.5290203508407454
cvrp,2,2,14,random_removal,best_position_first,10681190247772689589,15,6,6,18.271947534875796,17.893170408422872,0.37877712645292405,2.0729981066875847
cvrp,2,2,14,random_removal,sequential_insertion,1377465533046063972,15,6,6,18.271947534875796,17.68198292751734,0.589964607358457,3.2287998103781077
cvrp,2,2,14,shaw_removal,greedy_insertion,6645818611907271994,15,6,6,18.271947534875796,16.523183426208366,1.7487641086674302,9.570759249004801
cvrp,2,2,14,shaw_removal,regret_2,16229362418446936702,15,6,6,18.271947534875796,16.612978973957123,1.658968560918673,9.079319857679035
cvrp,2,2,14,shaw_removal,regret_3,6478284271613732543,15,6,6,18.271947534875796,16.252414523149877,2.019533011725919,11.05264235173192
cvrp,2,2,14,shaw_removal,greedy_with_noise,8796752056477343106,15,6,6,18.271947534875796,16.40023701860708,1.8717105162687169,10.24362899847523
cvrp,2,2,14,shaw_removal,best_position_first,13480901172825730875,15,6,6,18.271947534875796,16.275752576434357,1.9961949584414391,10.924916211757326
cvrp,2,2,14,shaw_removal,sequential_insertion,2224850475351005658,15,6,6,18.271947534875796,16.267982229147044,2.0039653057287516,10.96744231507763
cvrp,2,2,14,worst_removal,greedy_insertion,8866388968909261819,15,6,6,18.271947534875796,16.91543364461071,1.3565138902650844,7.424024656790945
cvrp,2,2,14,worst_removal,regret_2,7272837256323553126,15,6,6,18.271947534875796,16.324681909719043,1.9472656251567528,10.657132314111525
cvrp,2,2,14,worst_removal,regret_3,12907346831123237982,15,6,6,18.271947534875796,15.948734478785376,2.3232130560904203,12.714643864076816
cvrp,2,2,14,worst_removal,greedy_with_noise,18392171134373582220,15,6,6,18.271947534875796,16.90047837807585,1.3714691567999466,7.5058728916674795
cvrp,2,2,14,worst_removal,best_position_first,14629756526387536417,15,6,6,18.271947534875796,16.51633700166512,1.7556105332106746,9.608228842928364
cvrp,2,2,14,worst_removal,sequential_insertion,11621655785897401924,15,6,6,18.271947534875796,16.48098067958241,1.7909668552933873,9.801729409932666
cvrp,2,2,14,route_removal,greedy_insertion,1119006851425523471,15,6,6,18.271947534875796,17.46218977511576,0.8097577597600356,4.431699238488099
cvrp,2,2,14,route_removal,regret_2,10086579520514671826,15,6,6,18.271947534875796,16.831606527214692,1.4403410076611038,7.882799602570633
cvrp,2,2,14,route_removal,regret_3,14310528285771177570,15,6,6,18.271947534875796,16.71932490085325,1.5526226340225477,8.497302386946142
cvrp,2,2,14,route_removal,greedy_with_noise,10867359178436074411,15,6,6,18.271947534875796,16.974278045670864,1.2976694892049316,7.101976878644495
cvrp,2,2,14,route_removal,best_position_first,10836363358971688230,15,6,6,18.271947534875796,16.653063385420182,1.6188841494556137,8.859943070467107
cvrp,2,2,14,route_removal,sequential_insertion,15335608830090935314,15,6,6,18.271947534875796,17.60697705872063,0.6649704761551654,3.6392972062005513
cvrp,2,2,14,cluster_removal,greedy_insertion,11114883132070836668,15,6,6,18.271947534875796,16.418916332613804,1.8530312022619917,10.14139953458764
cvrp,2,2,14,cluster_removal,regret_2,17830289040635453800,15,6,6,18.271947534875796,16.885565011570343,1.3863825233054534,7.587491813115462
cvrp,2,2,14,cluster_removal,regret_3,14592826583437149981,15,6,6,18.271947534875796,16.24416996113959,2.0277775737362056,11.097763770751705
cvrp,2,2,14,cluster_removal,greedy_with_noise,3278289533483896147,15,6,6,18.271947534875796,16.269164292813436,2.0027832420623604,10.96097303387958
cvrp,2,2,14,cluster_removal,best_position_first,17430584122974838162,15,6,6,18.271947534875796,16.637261283677756,1.6346862511980405,8.946425924647075
cvrp,2,2,14,cluster_removal,sequential_insertion,5057824547966491911,15,6,6,18.271947534875796,16.75126830696335,1.5206792279124457,8.322480266593994
cvrp,2,2,14,time_oriented_removal,greedy_insertion,5483785478266137071,15,6,6,18.271947534875796,15.199668320221322,3.0722792146544737,16.814185837554493
cvrp,2,2,14,time_oriented_removal,regret_2,16633766983560162824,15,6,6,18.271947534875796,16.25835805733103,2.013589477544766,11.020114159705273
cvrp,2,2,14,time_oriented_removal,regret_3,7693897256976911613,15,6,6,18.271947534875796,15.148125751349601,3.1238217835261946,17.09627163477639
cvrp,2,2,14,time_oriented_removal,greedy_with_noise,18380988969145886035,15,6,6,18.271947534875796,15.963411443573074,2.308536091302722,12.634318738582204
cvrp,2,2,14,time_oriented_removal,best_position_first,12874642657373507298,15,6,6,18.271947534875796,16.152135478315202,2.119812056560594,11.601456563480678
cvrp,2,2,14,time_oriented_removal,sequential_insertion,16078837282294041873,15,6,6,18.271947534875796,16.072402577780046,2.1995449570957497,12.037824391173753
cvrp,2,3,15,random_removal,greedy_insertion,4139445223948364409,15,6,6,17.66444436547711,15.917420195451593,1.747024170025517,9.890060133676503
cvrp,2,3,15,random_removal,regret_2,9439588979507135804,15,6,6,17.66444436547711,15.027669578695885,2.636774786781224,14.927017981581475
cvrp,2,3,15,random_removal,regret_3,11451503014991391893,15,6,6,17.66444436547711,16.34830481638229,1.316139549094821,7.450783743116465
cvrp,2,3,15,random_removal,greedy_with_noise,12496510883879916914,15,6,6,17.66444436547711,15.243951247840155,2.420493117636955,13.702628101722226
cvrp,2,3,15,random_removal,best_position_first,14295200704174769999,15,6,6,17.66444436547711,15.000998719714799,2.6634456457623106,15.078004100529046
cvrp,2,3,15,random_removal,sequential_insertion,788731001814552034,15,6,6,17.66444436547711,15.516081960443486,2.148362405033623,12.16207178999823
cvrp,2,3,15,shaw_removal,greedy_insertion,12525783580181912859,15,6,6,17.66444436547711,16.240886392573547,1.4235579729035628,8.058889051080058
cvrp,2,3,15,shaw_removal,regret_2,14469103262952709376,15,6,6,17.66444436547711,15.136889883831426,2.5275544816456836,14.308712062211617
cvrp,2,3,15,shaw_removal,regret_3,9115345543159504809,15,6,6,17.66444436547711,15.239048374597296,2.4253959908798137,13.730383705812672
cvrp,2,3,15,shaw_removal,greedy_with_noise,6921143332859730997,15,6,6,17.66444436547711,15.88271058722578,1.7817337782513292,10.086554331329545
cvrp,2,3,15,shaw_removal,best_position_first,7865353817692116067,15,6,6,17.66444436547711,15.935542187658289,1.7289021778188207,9.78746991441032
cvrp,2,3,15,shaw_removal,sequential_insertion,5772942629073556609,15,6,6,17.66444436547711,15.58476419706247,2.07968016841464,11.773255503462698
cvrp,2,3,15,worst_removal,greedy_insertion,925911317506248419,15,6,6,17.66444436547711,13.892537199571791,3.7719071659053185,21.353103940687923
cvrp,2,3,15,worst_removal,regret_2,12150571515926738358,15,6,6,17.66444436547711,13.880582067738588,3.783862297738521,21.420783011627552
cvrp,2,3,15,worst_removal,regret_3,8791591257282739777,15,6,6,17.66444436547711,13.893098842351224,3.771345523125886,21.349924430663084
cvrp,2,3,15,worst_removal,greedy_with_noise,17621864648918231805,15,6,6,17.66444436547711,13.937056552538305,3.7273878129388045,21.1010759003748
cvrp,2,3,15,worst_removal,best_position_first,8443620026058742516,15,6,6,17.66444436547711,14.471619282580107,3.192825082897002,18.07486845800239
cvrp,2,3,15,worst_removal,sequential_insertion,466984474063616373,15,6,6,17.66444436547711,14.734374568364798,2.9300697971123117,16.587387276323035
cvrp,2,3,15,route_removal,greedy_insertion,11927312788772367691,15,6,6,17.66444436547711,17.54888620150069,0.11555816397642005,0.6541851053196083
cvrp,2,3,15,route_removal,regret_2,14321270878852504411,15,6,6,17.66444436547711,17.144468782979203,0.5199755824979064,2.943628295006731
cvrp,2,3,15,route_removal,regret_3,15881220269953272810,15,6,6,17.66444436547711,17.59528153658922,0.06916282888789027,0.3915369623686559
cvrp,2,3,15,route_removal,greedy_with_noise,17957345364701428751,15,6,6,17.66444436547711,16.90822163418974,0.7562227312873695,4.281044541459282
cvrp,2,3,15,route_removal,best_position_first,15727952233445959355,15,6,6,17.66444436547711,17.187225485201115,0.4772188802759949,2.7015787782640817
cvrp,2,3,15,route_removal,sequential_insertion,12380330046641828899,15,6,6,17.66444436547711,17.362068104158865,0.30237626131824413,1.7117790690841075
cvrp,2,3,15,cluster_removal,greedy_insertion,13585463412125665888,15,6,6,17.66444436547711,16.706802506671558,0.9576418588055517,5.4212962434139165
cvrp,2,3,15,cluster_removal,regret_2,15382210739077795237,15,6,6,17.66444436547711,16.7154977581578,0.9489466073193107,5.372071646781628
cvrp,2,3,15,cluster_removal,regret_3,16344571303682136832,15,6,6,17.66444436547711,16.689130540960534,0.9753138245165758,5.5213388224239965
cvrp,2,3,15,cluster_removal,greedy_with_noise,2978313641836226189,15,6,6,17.66444436547711,16.995461499923497,0.6689828655536125,3.7871718561442766
cvrp,2,3,15,cluster_removal,best_position_first,15822690249592117783,15,6,6,17.66444436547711,16.89237238640147,0.7720719790756405,4.370768551229135
cvrp,2,3,15,cluster_removal,sequential_insertion,10676416567300574561,15,6,6,17.66444436547711,16.71077527636622,0.953669089110889,5.398806038726658
cvrp,2,3,15,time_oriented_removal,greedy_insertion,5100344738772189245,15,6,6,17.66444436547711,15.799884378991878,1.8645599864852311,10.555440906645638
cvrp,2,3,15,time_oriented_removal,regret_2,6786277962438006607,15,6,6,17.66444436547711,16.1484144735721,1.51602989190501,8.582380858057986
cvrp,2,3,15,time_oriented_removal,regret_3,12028203176669402969,15,6,6,17.66444436547711,15.86667971734924,1.7977646481278686,10.177306519990909
cvrp,2,3,15,time_oriented_removal,greedy_with_noise,16436782978615276615,15,6,6,17.66444436547711,16.90325072575081,0.7611936397263008,4.309185298881839
cvrp,2,3,15,time_oriented_removal,best_position_first,5730398050029515284,15,6,6,17.66444436547711,16.59256675137142,1.0718776141056878,6.067995074900488
cvrp,2,3,15,time_oriented_removal,sequential_insertion,2729315183988070003,15,6,6,17.66444436547711,17.14701915172494,0.5174252137521691,2.9291904293542927
cvrp,2,4,16,random_removal,greedy_insertion,9520685642282375173,15,6,6,17.638368826939928,16.194046643473882,1.4443221834660456,8.188524673891969
cvrp,2,4,16,random_removal,regret_2,11243235695613877981,15,6,6,17.638368826939928,15.400112463489938,2.23825636344999,12.689701555800294
cvrp,2,4,16,random_removal,regret_3,14539706939557819481,15,6,6,17.638368826939928,15.3344026833537,2.303966143586228,13.062240427058482
cvrp,2,4,16,random_removal,greedy_with_noise,15082267263785022729,15,6,6,17.638368826939928,17.01195720814054,0.6264116187993878,3.551414674142879
cvrp,2,4,16,random_removal,best_position_first,218792396074994581,15,6,6,17.638368826939928,16.87505852999175,0.7633102969481769,4.327556048053244
cvrp,2,4,16,random_removal,sequential_insertion,1312382189691416297,15,6,6,17.638368826939928,15.986019793022505,1.6523490339174227,9.367924268562243
cvrp,2,4,16,shaw_removal,greedy_insertion,11540460526644567143,15,6,6,17.638368826939928,17.257856804339152,0.3805120226007759,2.1572971193322683
cvrp,2,4,16,shaw_removal,regret_2,14245037217663621518,15,6,6,17.638368826939928,17.175758665788525,0.4626101611514031,2.622749108437036
cvrp,2,4,16,shaw_removal,regret_3,6255781128070244232,15,6,6,17.638368826939928,16.971028014409725,0.6673408125302025,3.7834610392710513
cvrp,2,4,16,shaw_removal,greedy_with_noise,13983821912849643434,15,6,6,17.638368826939928,16.985854910732257,0.6525139162076705,3.699400565947202
cvrp,2,4,16,shaw_removal,best_position_first,14329554585556477907,15,6,6,17.638368826939928,16.762367130288332,0.8760016966515956,4.966455261518492
cvrp,2,4,16,shaw_removal,sequential_insertion,3743769441342923323,15,6,6,17.638368826939928,16.359072588342258,1.27929623859767,7.2529169287113415
cvrp,2,4,16,worst_removal,greedy_insertion,3553340815167640625,15,6,6,17.638368826939928,13.22589684393366,4.412471983006268,25.016326772047584
cvrp,2,4,16,worst_removal,regret_2,16226063735058200227,15,6,6,17.638368826939928,13.181394597206243,4.456974229733685,25.268630412843702
cvrp,2,4,16,worst_removal,regret_3,11443465264150267714,15,6,6,17.638368826939928,13.950117937617264,3.6882508893226635,20.910385339541264
cvrp,2,4,16,worst_removal,greedy_with_noise,13087935781906830790,15,6,6,17.638368826939928,14.923337382508606,2.7150314444313217,15.39275808931109
cvrp,2,4,16,worst_removal,best_position_first,16034493333306582968,15,6,6,17.638368826939928,13.631816475988833,4.006552350951095,22.714982265433157
cvrp,2,4,16,worst_removal,sequential_insertion,4222397751064419723,15,6,6,17.638368826939928,13.334286732107232,4.304082094832696,24.4018147996705
cvrp,2,4,16,route_removal,greedy_insertion,7439695357130916895,15,6,6,17.638368826939928,16.373377533944915,1.2649912929950133,7.171815633330739
cvrp,2,4,16,route_removal,regret_2,10450869917768799425,15,6,6,17.638368826939928,16.6909009881881,0.9474678387518267,5.37162958801901
cvrp,2,4,16,route_removal,regret_3,6831356924159032979,15,6,6,17.638368826939928,16.378472396119975,1.2598964308199534,7.142930523686823
cvrp,2,4,16,route_removal,greedy_with_noise,12049855858498082579,15,6,6,17.638368826939928,16.239464341965764,1.3989044849741639,7.931030917312206
cvrp,2,4,16,route_removal,best_position_first,9315551488034956869,15,6,6,17.638368826939928,16.239464341965764,1.3989044849741639,7.931030917312206
cvrp,2,4,16,route_removal,sequential_insertion,7209779668863865936,15,6,6,17.638368826939928,17.93188813409774,-0.29351930715781194,-1.6640955296813262
cvrp,2,4,16,cluster_removal,greedy_insertion,16453700998460308582,15,6,6,17.638368826939928,15.609970716896187,2.0283981100437405,11.499918898088074
cvrp,2,4,16,cluster_removal,regret_2,12510206009616554484,15,6,6,17.638368826939928,15.076056285225015,2.5623125417149133,14.526924608818534
cvrp,2,4,16,cluster_removal,regret_3,15414147589711858267,15,6,6,17.638368826939928,14.878252213484306,2.7601166134556223,15.648366583875736
cvrp,2,4,16,cluster_removal,greedy_with_noise,14053791675629447880,15,6,6,17.638368826939928,16.41315212932335,1.2252166976165775,6.946315215640832
cvrp,2,4,16,cluster_removal,best_position_first,771052683752703556,15,6,6,17.638368826939928,15.250821568867137,2.3875472580727912,13.536100086682481
cvrp,2,4,16,cluster_removal,sequential_insertion,1953461348855736803,15,6,6,17.638368826939928,15.551133770687136,2.0872350562527924,11.833492522646754
cvrp,2,4,16,time_oriented_removal,greedy_insertion,10053301153549618367,15,6,6,17.638368826939928,15.01966218031157,2.6187066466283575,14.846648646039656
cvrp,2,4,16,time_oriented_removal,regret_2,6896934036181165137,15,6,6,17.638368826939928,14.973053165426576,2.665315661513352,15.110896521465678
cvrp,2,4,16,time_oriented_removal,regret_3,15154022078217191955,15,6,6,17.638368826939928,14.650713253787169,2.987655573152759,16.938389272082627
cvrp,2,4,16,time_oriented_removal,greedy_with_noise,17892311482146780779,15,6,7,17.638368826939928,14.775960849662471,2.8624079772774564,16.2283032255543
cvrp,2,4,16,time_oriented_removal,best_position_first,15767490267202530052,15,6,6,17.638368826939928,14.970993735576187,2.6673750913637413,15.12257237352771
cvrp,2,4,16,time_oriented_removal,sequential_insertion,14466685637202247073,15,6,6,17.638368826939928,14.973524502131163,2.664844324808765,15.10822429758142
cvrp,2,5,17,random_removal,greedy_insertion,1975468071679579658,15,6,6,17.597644607015393,16.23144198784363,1.3662026191717622,7.7635538714489
cvrp,2,5,17,random_removal,regret_2,3880922162860257870,15,6,6,17.597644607015393,16.26211450615369,1.3355301008617033,7.58925487294639
cvrp,2,5,17,random_removal,regret_3,12921332441810566312,15,6,6,17.597644607015393,16.183436171914085,1.4142084351013082,8.036350697396893
cvrp,2,5,17,random_removal,greedy_with_noise,11941652213691209995,15,6,6,17.597644607015393,16.55882622349839,1.038818383517004,5.903167194903308
cvrp,2,5,17,random_removal,best_position_first,17239452500493641684,15,6,6,17.597644607015393,16.38933399016968,1.208310616845715,6.866320145845061
cvrp,2,5,17,random_removal,sequential_insertion,2446050074980830348,15,6,6,17.597644607015393,16.31775861255611,1.2798859944592849,7.273052860432536
cvrp,2,5,17,shaw_removal,greedy_insertion,16459765670023531932,15,6,6,17.597644607015393,15.044327632725999,2.5533169742893946,14.50942459237699
cvrp,2,5,17,shaw_removal,regret_2,2908859809759815010,15,6,6,17.597644607015393,14.843826743900443,2.75381786311495,15.64878666783125
cvrp,2,5,17,shaw_removal,regret_3,8433488667139663467,15,6,6,17.597644607015393,15.28976573691224,2.3078788701031527,13.114703255133955
cvrp,2,5,17,shaw_removal,greedy_with_noise,17987597637366338831,15,6,6,17.597644607015393,16.188250974871554,1.4093936321438392,8.008990200779353
cvrp,2,5,17,shaw_removal,best_position_first,14288405892008130059,15,6,6,17.597644607015393,16.360796034319527,1.236848572695866,7.028489325229297
cvrp,2,5,17,shaw_removal,sequential_insertion,7371372785536632036,15,6,6,17.597644607015393,15.887057472523148,1.7105871344922452,9.72054597471704
cvrp,2,5,17,worst_removal,greedy_insertion,16134772865441858815,15,6,6,17.597644607015393,15.32973224684276,2.267912360172634,12.887590418029687
cvrp,2,5,17,worst_removal,regret_2,17085474439540791014,15,6,6,17.597644607015393,15.533800723327989,2.0638438836874045,11.72795524501411
cvrp,2,5,17,worst_removal,regret_3,16035724770983143453,15,6,6,17.597644607015393,14.909610247749916,2.688034359265478,15.27496673159247
cvrp,2,5,17,worst_removal,greedy_with_noise,14734065218948518257,15,6,6,17.597644607015393,15.835275544353447,1.7623690626619464,10.014800855560912
cvrp,2,5,17,worst_removal,best_position_first,12287957111734635536,15,6,6,17.597644607015393,15.842840547949853,1.75480405906554,9.971812127436522
cvrp,2,5,17,worst_removal,sequential_insertion,2531404114977787889,15,6,6,17.597644607015393,15.140867338370473,2.4567772686449203,13.960830119648588
cvrp,2,5,17,route_removal,greedy_insertion,12594303344104099773,15,6,6,17.597644607015393,16.558925250025013,1.0387193569903808,5.902604468874714
cvrp,2,5,17,route_removal,regret_2,8900494212966515170,15,6,6,17.597644607015393,16.128536170482604,1.4691084365327889,8.348324274869839
cvrp,2,5,17,route_removal,regret_3,8685092792110636737,15,6,6,17.597644607015393,16.23055460676884,1.3670900002465523,7.7685964842224084
cvrp,2,5,17,route_removal,greedy_with_noise,1525404621680467998,15,6,6,17.597644607015393,16.83971306927082,0.7579315377445717,4.307005594614738
cvrp,2,5,17,route_removal,best_position_first,15097620430974557316,15,6,6,17.597644607015393,16.57201839036031,1.025626216655084,5.828201668797271
cvrp,2,5,17,route_removal,sequential_insertion,6885835006268227864,15,6,6,17.597644607015393,16.747977750917794,0.8496668560975991,4.8282987585672394
cvrp,2,5,17,cluster_removal,greedy_insertion,10938526041899557502,15,6,6,17.597644607015393,17.28740682755643,0.31023777945896214,1.762950590190259
cvrp,2,5,17,cluster_removal,regret_2,4692015626317385349,15,6,6,17.597644607015393,16.966873709075774,0.6307708979396196,3.584405254372278
cvrp,2,5,17,cluster_removal,regret_3,189656064684184438,15,6,6,17.597644607015393,16.716930910224995,0.8807136967903979,5.004724873460035
cvrp,2,5,17,cluster_removal,greedy_with_noise,649458529042294840,15,6,6,17.597644607015393,17.979523382941448,-0.38187877592605446,-2.170056189075534
cvrp,2,5,17,cluster_removal,best_position_first,13249874742066376682,15,6,6,17.597644607015393,16.716115657032656,0.8815289499827372,5.009357613866751
cvrp,2,5,17,cluster_removal,sequential_insertion,2663032470260614961,15,6,6,17.597644607015393,17.248930832687066,0.34871377432832773,1.9815934581910533
cvrp,2,5,17,time_oriented_removal,greedy_insertion,7180755152447138269,15,6,6,17.597644607015393,16.25924773073684,1.338396876278555,7.605545549800431
cvrp,2,5,17,time_oriented_removal,regret_2,11401983223533721640,15,6,6,17.597644607015393,16.329103027847314,1.2685415791680796,7.208587328001663
cvrp,2,5,17,time_oriented_removal,regret_3,14572116250944257411,15,6,6,17.597644607015393,16.39513268930032,1.202511917715075,6.833368581813996
cvrp,2,5,17,time_oriented_removal,greedy_with_noise,14021800077031316757,15,6,6,17.597644607015393,15.690305598568013,1.90733900844738,10.838603978210864
cvrp,2,5,17,time_oriented_removal,best_position_first,8183453273178623394,15,6,6,17.597644607015393,16.541327614230983,1.05631699278441,6.002604418794228
cvrp,2,5,17,time_oriented_removal,sequential_insertion,4097959929365436869,15,6,6,17.597644607015393,15.982223315498047,1.6154212915173467,9.179758584699174
cvrp,3,0,18,random_removal,greedy_insertion,14533931126074689086,15,7,7,18.523531954380033,18.528353986339962,-0.0048220319599288075,-0.02603192507673247
cvrp,3,0,18,random_removal,regret_2,3655967984604720979,15,7,7,18.523531954380033,17.343827211872167,1.179704742507866,6.3686814448413855
cvrp,3,0,18,random_removal,regret_3,12732920687206125065,15,7,7,18.523531954380033,16.307410303682225,2.216121650697808,11.963818002720528
cvrp,3,0,18,random_removal,greedy_with_noise,9810275155801256914,15,7,8,18.523531954380033,17.190517238928276,1.3330147154517569,7.1963312328054965
cvrp,3,0,18,random_removal,best_position_first,12816154288866765175,15,7,7,18.523531954380033,17.89132928595852,0.6322026684215132,3.4129704312250446
cvrp,3,0,18,random_removal,sequential_insertion,11753876045878247657,15,7,7,18.523531954380033,18.20571257244753,0.3178193819325017,1.7157601623450156
cvrp,3,0,18,shaw_removal,greedy_insertion,4404742150687246834,15,7,7,18.523531954380033,17.780059456213582,0.7434724981664509,4.013664888518472
cvrp,3,0,18,shaw_removal,regret_2,16060861956920971024,15,7,7,18.523531954380033,17.26328944188725,1.260242512492784,6.8034676950190915
cvrp,3,0,18,shaw_removal,regret_3,4656391939546113056,15,7,7,18.523531954380033,17.394663761359848,1.1288681930201854,6.094238376354871
cvrp,3,0,18,shaw_removal,greedy_with_noise,362987003406910069,15,7,7,18.523531954380033,17.44166490055041,1.0818670538296224,5.8405009179353975
cvrp,3,0,18,shaw_removal,best_position_first,8278866711833401739,15,7,7,18.523531954380033,17.463790014211508,1.059741940168525,5.721057640510836
cvrp,3,0,18,shaw_removal,sequential_insertion,15405079283809132043,15,7,7,18.523531954380033,17.3018742617518,1.2216576926282343,6.5951660603223345
cvrp,3,0,18,worst_removal,greedy_insertion,13425061396425677121,15,7,7,18.523531954380033,16.762648194970684,1.7608837594093494,9.50619873005901
cvrp,3,0,18,worst_removal,regret_2,1887695126484130414,15,7,7,18.523531954380033,16.131190112096636,2.392341842283397,12.915149487556066
cvrp,3,0,18,worst_removal,regret_3,17873082438224617187,15,7,7,18.523531954380033,15.145102124459736,3.3784298299202966,18.23858343128477
cvrp,3,0,18,worst_removal,greedy_with_noise,17766628281507927685,15,7,7,18.523531954380033,16.749853819643405,1.7736781347366275,9.575269657562405
cvrp,3,0,18,worst_removal,best_position_first,12244714253872751360,15,7,7,18.523531954380033,17.428055552371724,1.095476402008309,5.913971507735463
cvrp,3,0,18,worst_removal,sequential_insertion,1889253909769694021,15,7,7,18.523531954380033,16.7021725706924,1.821359383687632,9.832678714692733
cvrp,3,0,18,route_removal,greedy_insertion,13225825947490762008,15,7,7,18.523531954380033,18.275009838455386,0.24852211592464712,1.3416562053970607
cvrp,3,0,18,route_removal,regret_2,10939999914780853814,15,7,7,18.523531954380033,19.63373517966867,-1.110203225288636,-5.9934748298696885
cvrp,3,0,18,route_removal,regret_3,9198904426227874762,15,7,7,18.523531954380033,19.22732257970378,-0.703790625323748,-3.799440771106999
cvrp,3,0,18,route_removal,greedy_with_noise,8977985761455334118,15,7,7,18.523531954380033,18.329265081179507,0.19426687320052594,1.0487571899299153
cvrp,3,0,18,route_removal,best_position_first,5373377236856375486,15,7,7,18.523531954380033,18.262056313711774,0.2614756406682588,1.411586307148248
cvrp,3,0,18,route_removal,sequential_insertion,13219257647441653456,15,7,7,18.523531954380033,18.07236500393866,0.45116695044137245,2.4356421418577816
cvrp,3,0,18,cluster_removal,greedy_insertion,9523462624235204104,15,7,7,18.523531954380033,18.339684306036286,0.18384764834374678,0.9925086036320119
cvrp,3,0,18,cluster_removal,regret_2,655684848663589006,15,7,7,18.523531954380033,17.712000293203822,0.8115316611762111,4.381084898791767
cvrp,3,0,18,cluster_removal,regret_3,1015438338957841471,15,7,7,18.523531954380033,17.83327154056305,0.6902604138169828,3.726397403675304
cvrp,3,0,18,cluster_removal,greedy_with_noise,18171076261460511361,15,7,7,18.523531954380033,18.490531666104246,0.033000288275786716,0.17815332603447445
cvrp,3,0,18,cluster_removal,best_position_first,6495639300322407331,15,7,7,18.523531954380033,18.049082637406308,0.4744493169737254,2.561332893436331
cvrp,3,0,18,cluster_removal,sequential_insertion,12272062328571413558,15,7,7,18.523531954380033,17.192845326746017,1.330686627634016,7.1837629611417855
cvrp,3,0,18,time_oriented_removal,greedy_insertion,4635127949978177959,15,7,7,18.523531954380033,18.192132546960163,0.3313994074198696,1.7890724524677253
cvrp,3,0,18,time_oriented_removal,regret_2,8068719033669650438,15,7,7,18.523531954380033,17.56357054487111,0.9599614095089244,5.182388606412256
cvrp,3,0,18,time_oriented_removal,regret_3,9665301056732385120,15,7,7,18.523531954380033,16.801378785272437,1.722153169107596,9.297110148048086
cvrp,3,0,18,time_oriented_removal,greedy_with_noise,7818293853440352323,15,7,7,18.523531954380033,17.531152088359903,0.99237986602013,5.357400891278048
cvrp,3,0,18,time_oriented_removal,best_position_first,11198121094341803966,15,7,7,18.523531954380033,17.921678957268536,0.6018529971114965,3.249126562870121
cvrp,3,0,18,time_oriented_removal,sequential_insertion,5219588925494900747,15,7,7,18.523531954380033,18.096179072852433,0.4273528815276002,2.3070809745144163
cvrp,3,1,19,random_removal,greedy_insertion,4570624840960018350,15,7,7,18.73111456153391,17.18649470052327,1.5446198610106414,8.246278436536086
cvrp,3,1,19,random_removal,regret_2,46887329685012625,15,7,7,18.73111456153391,17.182109057282002,1.5490055042519089,8.26969211662896
cvrp,3,1,19,random_removal,regret_3,2339812459603109266,15,7,7,18.73111456153391,17.40179505584822,1.3293195056856923,7.096852145763785
cvrp,3,1,19,random_removal,greedy_with_noise,17822836124565256665,15,7,7,18.73111456153391,17.77619023613875,0.9549243253951616,5.098064625349031
cvrp,3,1,19,random_removal,best_position_first,10877271312388429376,15,7,7,18.73111456153391,17.75891582021225,0.9721987413216624,5.190287732894246
cvrp,3,1,19,random_removal,sequential_insertion,18181006121101964611,15,7,7,18.73111456153391,17.752809416747827,0.9783051447860842,5.222888053843443
cvrp,3,1,19,shaw_removal,greedy_insertion,16289547713528543519,15,7,7,18.73111456153391,17.245975724134265,1.4851388373996457,7.928726464838973
cvrp,3,1,19,shaw_removal,regret_2,13588518105146935222,15,7,7,18.73111456153391,16.667698159549097,2.0634164019848136,11.015983032970347
cvrp,3,1,19,shaw_removal,regret_3,461610865322065356,15,7,7,18.73111456153391,16.56710092577434,2.16401363575957,11.55304255200902
cvrp,3,1,19,shaw_removal,greedy_with_noise,16567286189622578615,15,7,7,18.73111456153391,18.090837489887036,0.6402770716468744,3.4182539941416143
cvrp,3,1,19,shaw_removal,best_position_first,13596197424401533669,15,7,7,18.73111456153391,16.908730599898433,1.8223839616354773,9.729180586925205
cvrp,3,1,19,shaw_removal,sequential_insertion,4174945763953008426,15,7,7,18.73111456153391,18.081108930340463,0.6500056311934479,3.470191958188623
cvrp,3,1,19,worst_removal,greedy_insertion,4775096639267630408,15,7,7,18.73111456153391,16.273483497667247,2.457631063866664,13.120581029991875
cvrp,3,1,19,worst_removal,regret_2,9800976085680396923,15,7,7,18.73111456153391,17.04015826672141,1.6909562948125014,9.027526307938118
cvrp,3,1,19,worst_removal,regret_3,7631444490270267011,15,7,7,18.73111456153391,16.617755503885636,2.1133590576482746,11.282612418527696
cvrp,3,1,19,worst_removal,greedy_with_noise,16672919766719289300,15,7,7,18.73111456153391,17.59624725072346,1.1348673108104492,6.058728150331241
cvrp,3,1,19,worst_removal,best_position_first,3380495936727943552,15,7,7,18.73111456153391,16.801058148290696,1.9300564132432143,10.304012646459197
cvrp,3,1,19,worst_removal,sequential_insertion,2005952722263425634,15,7,7,18.73111456153391,16.42075500450977,2.3103595570241424,12.334341074228872
cvrp,3,1,19,route_removal,greedy_insertion,17670279201534243071,15,7,7,18.73111456153391,17.893462741496336,0.8376518200375749,4.471980657028125
cvrp,3,1,19,route_removal,regret_2,6602976858006827253,15,7,7,18.73111456153391,17.85671970688929,0.8743948546446205,4.668141085636579
cvrp,3,1,19,route_removal,regret_3,88789408118923303,15,7,7,18.73111456153391,18.201890269390535,0.5292242921433754,2.825375342213681
cvrp,3,1,19,route_removal,greedy_with_noise,12210260902834150644,15,7,7,18.73111456153391,18.54626456537867,0.1848499961552399,0.98686063527072
cvrp,3,1,19,route_removal,best_position_first,3698501103620416432,15,7,7,18.73111456153391,18.65238364194733,0.07873091958657952,0.42032159553527476
cvrp,3,1,19,route_removal,sequential_insertion,8590135098668165851,15,7,7,18.73111456153391,18.59012741752882,0.14098714400509138,0.7526895612214215
cvrp,3,1,19,cluster_removal,greedy_insertion,14094971064429155,15,7,7,18.73111456153391,17.23494064430728,1.4961739172266313,7.987639562565933
cvrp,3,1,19,cluster_removal,regret_2,14530769231251224301,15,7,7,18.73111456153391,17.312544983593607,1.4185695779403034,7.573332453229816
cvrp,3,1,19,cluster_removal,regret_3,15565206142159026550,15,7,7,18.73111456153391,17.175509464056795,1.555605097477116,8.304925434985572
cvrp,3,1,19,cluster_removal,greedy_with_noise,17850822729153859723,15,7,7,18.73111456153391,17.703813021461286,1.0273015400726244,5.484465629089065
cvrp,3,1,19,cluster_removal,best_position_first,7629310996175185701,15,7,7,18.73111456153391,17.134252507518966,1.5968620540149452,8.52518438648734
cvrp,3,1,19,cluster_removal,sequential_insertion,9428997439977573285,15,7,7,18.73111456153391,17.119320991350754,1.6117935701831563,8.604899430240657
cvrp,3,1,19,time_oriented_removal,greedy_insertion,17144950629653645242,15,7,7,18.73111456153391,17.987946844217404,0.7431677173165063,3.9675573755908284
cvrp,3,1,19,time_oriented_removal,regret_2,10980663374252042883,15,7,7,18.73111456153391,17.455728296655607,1.2753862648783034,6.8089181809684085
cvrp,3,1,19,time_oriented_removal,regret_3,10056331049346961220,15,7,7,18.73111456153391,17.51824161122902,1.2128729503048916,6.475177685345213
cvrp,3,1,19,time_oriented_removal,greedy_with_noise,13401875744339779081,15,7,7,18.73111456153391,18.440395612047563,0.29071894948634736,1.5520643394246587
cvrp,3,1,19,time_oriented_removal,best_position_first,16568994059132652867,15,7,7,18.73111456153391,18.204613340651033,0.5265012208828779,2.8108376527902785
cvrp,3,1,19,time_oriented_removal,sequential_insertion,4264798182719083046,15,7,7,18.73111456153391,18.05176914636326,0.6793454151706513,3.626828574129542
cvrp,3,2,20,random_removal,greedy_insertion,14815507402480885731,15,7,7,20.402360695984335,19.466140212358894,0.9362204836254406,4.58878508019766
cvrp,3,2,20,random_removal,regret_2,2841539475166756585,15,7,7,20.402360695984335,19.3440609678302,1.058299728154136,5.187143507184609
cvrp,3,2,20,random_removal,regret_3,14784659305036784211,15,7,7,20.402360695984335,19.360698064040232,1.041662631944103,5.105598550412486
cvrp,3,2,20,random_removal,greedy_with_noise,12200007970731423494,15,7,8,20.402360695984335,19.739216946276503,0.6631437497078316,3.2503285261413595
cvrp,3,2,20,random_removal,best_position_first,16296458888455061947,15,7,7,20.402360695984335,18.195378637249885,2.20698205873445,10.817287722831194
cvrp,3,2,20,random_removal,sequential_insertion,812558947227311780,15,7,7,20.402360695984335,19.500185846014514,0.9021748499698212,4.421914029523998
cvrp,3,2,20,shaw_removal,greedy_insertion,9166300386850286585,15,7,7,20.402360695984335,18.559025903288013,1.8433347926963215,9.034909342913114
cvrp,3,2,20,shaw_removal,regret_2,16375242398657313864,15,7,7,20.402360695984335,18.484448080741018,1.917912615243317,9.400444604534451
cvrp,3,2,20,shaw_removal,regret_3,18266606619548197592,15,7,7,20.402360695984335,18.59268195265863,1.8096787433257049,8.869947798157947
cvrp,3,2,20,shaw_removal,greedy_with_noise,6935801498595765108,15,7,7,20.402360695984335,18.7067190552661,1.695641640718236,8.311007074058729
cvrp,3,2,20,shaw_removal,best_position_first,8155998922855786888,15,7,7,20.402360695984335,18.741871348483688,1.660489347500647,8.138711849298254
cvrp,3,2,20,shaw_removal,sequential_insertion,14885004458159422585,15,7,7,20.402360695984335,18.71383725236378,1.6885234436205536,8.276117988409522
cvrp,3,2,20,worst_removal,greedy_insertion,1534868751859400627,15,7,7,20.402360695984335,16.709533315062806,3.6928273809215284,18.100000465379303
cvrp,3,2,20,worst_removal,regret_2,10200419063240715122,15,7,7,20.402360695984335,16.217877213235532,4.184483482748803,20.509800532898176
cvrp,3,2,20,worst_removal,regret_3,4962149038548559859,15,7,7,20.402360695984335,16.226676672804093,4.175684023180242,20.466670918145834
cvrp,3,2,20,worst_removal,greedy_with_noise,4538709126561376378,15,7,7,20.402360695984335,17.445146958211115,2.9572137377732197,14.494468467834063
cvrp,3,2,20,worst_removal,best_position_first,15886666191562583017,15,7,7,20.402360695984335,17.14265432915812,3.259706366826215,15.977103901843094
cvrp,3,2,20,worst_removal,sequential_insertion,17447325968307385942,15,7,7,20.402360695984335,17.033336464611068,3.369024231373267,16.51291378274853
cvrp,3,2,20,route_removal,greedy_insertion,17912400018202262092,15,7,7,20.402360695984335,18.144475606090914,2.2578850898934206,11.066783513624605
cvrp,3,2,20,route_removal,regret_2,13697180346686686087,15,7,7,20.402360695984335,18.87789270849227,1.5244679874920664,7.472017626823535
cvrp,3,2,20,route_removal,regret_3,5796619086634944470,15,7,7,20.402360695984335,17.29642313850504,3.105937557479294,15.223422444887055
cvrp,3,2,20,route_removal,greedy_with_noise,15805642333871090389,15,7,7,20.402360695984335,18.837240643573743,1.5651200524105917,7.67126939736265
cvrp,3,2,20,route_removal,best_position_first,9352181069530264263,15,7,7,20.402360695984335,18.644873143834605,1.7574875521497297,8.614138228110262
cvrp,3,2,20,route_removal,sequential_insertion,15485058307057019068,15,7,7,20.402360695984335,18.433716036363425,1.9686446596209102,9.64910232181311
cvrp,3,2,20,cluster_removal,greedy_insertion,7543343458662921748,15,7,7,20.402360695984335,19.551912248928545,0.8504484470557898,4.1683825696855665
cvrp,3,2,20,cluster_removal,regret_2,12740464787281126106,15,7,7,20.402360695984335,19.284827502314517,1.1175331936698178,5.4774700355619865
cvrp,3,2,20,cluster_removal,regret_3,391765724145194657,15,7,7,20.402360695984335,19.28007254839525,1.1222881475890851,5.500775936237505
cvrp,3,2,20,cluster_removal,greedy_with_noise,6218665562871514014,15,7,7,20.402360695984335,19.588509664730953,0.8138510312533818,3.989004230346574
cvrp,3,2,20,cluster_removal,best_position_first,11820210422208175456,15,7,7,20.402360695984335,19.412960895023975,0.98939980096036,4.849437845469995
cvrp,3,2,20,cluster_removal,sequential_insertion,15821079279557413690,15,7,7,20.402360695984335,19.515019959849834,0.8873407361345009,4.349206199011816
cvrp,3,2,20,time_oriented_removal,greedy_insertion,6690962886440132883,15,7,7,20.402360695984335,19.112998424304234,1.2893622716801012,6.3196719776348145
cvrp,3,2,20,time_oriented_removal,regret_2,18110541296658274064,15,7,7,20.402360695984335,18.824329202687014,1.5780314932973205,7.734553451002923
cvrp,3,2,20,time_oriented_removal,regret_3,16520622271534930085,15,7,7,20.402360695984335,18.513057544124266,1.8893031518600694,9.260218364004949
cvrp,3,2,20,time_oriented_removal,greedy_with_noise,2258032140279689483,15,7,7,20.402360695984335,19.531152352061117,0.8712083439232181,4.270134995185593
cvrp,3,2,20,time_oriented_removal,best_position_first,3621203796822637320,15,7,7,20.402360695984335,19.450366894799455,0.9519938011848801,4.6660963178258825
cvrp,3,2,20,time_oriented_removal,sequential_insertion,11406730288832236095,15,7,7,20.402360695984335,19.244015057362663,1.1583456386216717,5.677507891768924
cvrp,3,3,21,random_removal,greedy_insertion,318849936800285479,15,8,8,20.688330958506253,18.182230036561663,2.50610092194459,12.1135964373877
cvrp,3,3,21,random_removal,regret_2,17568921543378790191,15,8,8,20.688330958506253,18.135876312642843,2.55245464586341,12.337653776821169
cvrp,3,3,21,random_removal,regret_3,3760239261964161915,15,8,8,20.688330958506253,18.150526461537332,2.5378044969689206,12.266840191501636
cvrp,3,3,21,random_removal,greedy_with_noise,14969499778066268476,15,8,8,20.688330958506253,18.33767171572061,2.3506592427856425,11.362246898989891
cvrp,3,3,21,random_removal,best_position_first,14127563189425953286,15,8,8,20.688330958506253,18.693017178788626,1.9953137797176268,9.644633893954746
cvrp,3,3,21,random_removal,sequential_insertion,6654658989988840021,15,8,8,20.688330958506253,18.221403845468284,2.4669271130379684,11.924244241769838
cvrp,3,3,21,shaw_removal,greedy_insertion,5718853112781297147,15,8,8,20.688330958506253,17.397131927162512,3.2911990313437407,15.908480185979068
cvrp,3,3,21,shaw_removal,regret_2,11990838425357659311,15,8,8,20.688330958506253,16.90942499266803,3.7789059658382236,18.26588125169412
cvrp,3,3,21,shaw_removal,regret_3,14821926113616264172,15,8,8,20.688330958506253,16.776538403021576,3.911792555484677,18.908207546226908
cvrp,3,3,21,shaw_removal,greedy_with_noise,8212893700575441478,15,8,8,20.688330958506253,17.274340793249166,3.4139901652570863,16.502008654561784
cvrp,3,3,21,shaw_removal,best_position_first,8125330387814657577,15,8,8,20.688330958506253,16.98059867044384,3.707732288062413,17.921853123380817
cvrp,3,3,21,shaw_removal,sequential_insertion,1034612921228264263,15,8,8,20.688330958506253,17.095201878227417,3.5931290802788354,17.36790216419792
cvrp,3,3,21,worst_removal,greedy_insertion,1088372432574765658,15,8,7,20.688330958506253,16.73999600278884,3.9483349557174137,19.084840452506434
cvrp,3,3,21,worst_removal,regret_2,6338829113394411662,15,8,7,20.688330958506253,16.9014442148031,3.7868867437031533,18.304457480394905
cvrp,3,3,21,worst_removal,regret_3,12891506689235186040,15,8,7,20.688330958506253,16.388353257321914,4.299977701184339,20.784555843623295
cvrp,3,3,21,worst_removal,greedy_with_noise,599541372927524217,15,8,7,20.688330958506253,18.28592108241301,2.402409876093241,11.612390970115749
cvrp,3,3,21,worst_removal,best_position_first,11162813235285925714,15,8,7,20.688330958506253,16.823679117186412,3.8646518413198407,18.680346177132492
cvrp,3,3,21,worst_removal,sequential_insertion,15824848830752132020,15,8,7,20.688330958506253,17.1774952012502,3.5108357572560536,16.970125643763115
cvrp,3,3,21,route_removal,greedy_insertion,3152351695461439794,15,8,7,20.688330958506253,18.224605350659072,2.4637256078471808,11.908769309561876
cvrp,3,3,21,route_removal,regret_2,10440873515259011621,15,8,7,20.688330958506253,18.076620336553425,2.6117106219528274,12.62407599332701
cvrp,3,3,21,route_removal,regret_3,12076261021455600553,15,8,7,20.688330958506253,18.10350558182137,2.5848253766848828,12.494122323686536
cvrp,3,3,21,route_removal,greedy_with_noise,13396419127120426185,15,8,7,20.688330958506253,19.04727092106601,1.6410600374402442,7.9322978771542845
cvrp,3,3,21,route_removal,best_position_first,17905780824008867086,15,8,7,20.688330958506253,18.684050772613773,2.0042801858924797,9.687974297744866
cvrp,3,3,21,route_removal,sequential_insertion,10057319592282338062,15,8,7,20.688330958506253,18.076620336553425,2.6117106219528274,12.62407599332701
cvrp,3,3,21,cluster_removal,greedy_insertion,17113590592306781476,15,8,8,20.688330958506253,19.61499305743721,1.073337901069042,5.1881319146614215
cvrp,3,3,21,cluster_removal,regret_2,9504118977234905837,15,8,8,20.688330958506253,19.422024892339284,1.266306066166969,6.12087107803306
cvrp,3,3,21,cluster_removal,regret_3,18351162609667303526,15,8,8,20.688330958506253,19.42204290228911,1.2662880562171424,6.120784024370478
cvrp,3,3,21,cluster_removal,greedy_with_noise,9119492644260459270,15,8,8,20.688330958506253,19.603262006604915,1.085068951901338,5.244835622929741
cvrp,3,3,21,cluster_removal,best_position_first,4749958188107693031,15,8,8,20.688330958506253,19.59554342871732,1.0927875297889322,5.282144470623038
cvrp,3,3,21,cluster_removal,sequential_insertion,6144223639416545844,15,8,8,20.688330958506253,19.730428991380883,0.9579019671253697,4.630155854750172
cvrp,3,3,21,time_oriented_removal,greedy_insertion,15288829136856149926,15,8,8,20.688330958506253,18.21003336305276,2.478297595453494,11.979205091141065
cvrp,3,3,21,time_oriented_removal,regret_2,15071344163929748163,15,8,8,20.688330958506253,17.960947003570098,2.7273839549361547,13.183199555374275
cvrp,3,3,21,time_oriented_removal,regret_3,11394418772341873162,15,8,8,20.688330958506253,17.883510907300963,2.80482005120529,13.55749797714859
cvrp,3,3,21,time_oriented_removal,greedy_with_noise,9325169377402580198,15,8,8,20.688330958506253,18.603533061794973,2.0847978967112795,10.07716814320437
cvrp,3,3,21,time_oriented_removal,best_position_first,9716830318217130301,15,8,8,20.688330958506253,18.580141272522273,2.10818968598398,10.19023569476093
cvrp,3,3,21,time_oriented_removal,sequential_insertion,16991384563071386198,15,8,8,20.688330958506253,18.174595430838394,2.5137355276678583,12.150499393641546
cvrp,3,4,22,random_removal,greedy_insertion,5713013399268537169,15,7,7,20.818850875478862,18.200061891039198,2.6187889844396643,12.578931469863985
cvrp,3,4,22,random_removal,regret_2,9472851510036708656,15,7,7,20.818850875478862,18.23976192012457,2.5790889553542904,12.38823876870182
cvrp,3,4,22,random_removal,regret_3,5690862198403917389,15,7,7,20.818850875478862,18.055987239601368,2.762863635877494,13.270970873477397
cvrp,3,4,22,random_removal,greedy_with_noise,12512575785130401870,15,7,7,20.818850875478862,18.52958278908436,2.289268086394504,10.996130862779175
cvrp,3,4,22,random_removal,best_position_first,2608379148026330210,15,7,7,20.818850875478862,18.79339084364048,2.0254600318383815,9.728971324848846
cvrp,3,4,22,random_removal,sequential_insertion,14154291650298517503,15,7,7,20.818850875478862,18.165589129000065,2.6532617464787975,12.744515834944078
cvrp,3,4,22,shaw_removal,greedy_insertion,5274533332361290169,15,7,7,20.818850875478862,21.171872810164277,-0.3530219346854153,-1.6956840547871752
cvrp,3,4,22,shaw_removal,regret_2,8452440781895587117,15,7,7,20.818850875478862,20.808812630937375,0.010038244541487273,0.04821709229547656
cvrp,3,4,22,shaw_removal,regret_3,6253863523980284936,15,7,7,20.818850875478862,20.091401779544615,0.7274490959342472,3.494184670831477
cvrp,3,4,22,shaw_removal,greedy_with_noise,12267615035595101157,15,7,7,20.818850875478862,20.400240741885273,0.4186101335935888,2.010726413755342
cvrp,3,4,22,shaw_removal,best_position_first,18005096000338479523,15,7,7,20.818850875478862,19.707253035858653,1.1115978396202095,5.339381343710409
cvrp,3,4,22,shaw_removal,sequential_insertion,6805348941461310908,15,7,7,20.818850875478862,20.327360189262475,0.4914906862163875,2.3607964203023406
cvrp,3,4,22,worst_removal,greedy_insertion,9549661253612166916,15,7,7,20.818850875478862,17.984291183997673,2.8345596914811892,13.615351339203013
cvrp,3,4,22,worst_removal,regret_2,3875325645031546185,15,7,7,20.818850875478862,18.035874078426378,2.782976797052484,13.367581206561056
cvrp,3,4,22,worst_removal,regret_3,15708330697723401233,15,7,7,20.818850875478862,17.60839363315071,3.210457242328154,15.42091473506608
cvrp,3,4,22,worst_removal,greedy_with_noise,7827904971111301552,15,7,7,20.818850875478862,17.11063543106477,3.7082154444140905,17.811816159275875
cvrp,3,4,22,worst_removal,best_position_first,15226889028389436908,15,7,7,20.818850875478862,18.09099450446038,2.7278563710184827,13.10281911011449
cvrp,3,4,22,worst_removal,sequential_insertion,11160712627049394793,15,7,7,20.818850875478862,18.307729420569856,2.5111214549090057,12.061767817678584
cvrp,3,4,22,route_removal,greedy_insertion,49910908974272249,15,7,7,20.818850875478862,18.84069186446236,1.9781590110165013,9.501768483035935
cvrp,3,4,22,route_removal,regret_2,5927128878004883699,15,7,7,20.818850875478862,19.817512004256336,1.0013388712225257,4.80977013194295
cvrp,3,4,22,route_removal,regret_3,1116910044810304617,15,7,7,20.818850875478862,19.292524920965082,1.52632595451378,7.331461105336691
cvrp,3,4,22,route_removal,greedy_with_noise,546174663167814821,15,7,7,20.818850875478862,19.977069359975935,0.8417815155029267,4.043362049796922
cvrp,3,4,22,route_removal,best_position_first,8443482873382037119,15,7,7,20.818850875478862,19.882773885317665,0.9360769901611974,4.4962951882408655
cvrp,3,4,22,route_removal,sequential_insertion,10653809144341655498,15,7,7,20.818850875478862,20.11387497574234,0.704975899736521,3.386238289294176
cvrp,3,4,22,cluster_removal,greedy_insertion,15565821032781428157,15,7,7,20.818850875478862,19.35706415334824,1.461786722130622,7.021457288271195
cvrp,3,4,22,cluster_removal,regret_2,5179992733861504138,15,7,7,20.818850875478862,19.122831073926154,1.6960198015527084,8.146558192365637
cvrp,3,4,22,cluster_removal,regret_3,17274116486097878195,15,7,7,20.818850875478862,19.104049650677325,1.714801224801537,8.23677173662494
cvrp,3,4,22,cluster_removal,greedy_with_noise,17229934091459259949,15,7,7,20.818850875478862,20.399257085734988,0.4195937897438746,2.0154512477827784
cvrp,3,4,22,cluster_removal,best_position_first,3082346279850601633,15,7,7,20.818850875478862,19.70536424387783,1.113486631601031,5.3484538520448925
cvrp,3,4,22,cluster_removal,sequential_insertion,15586638298253040207,15,7,7,20.818850875478862,20.026808811474226,0.7920420640046366,3.804446598623415
cvrp,3,4,22,time_oriented_removal,greedy_insertion,18028733332308935379,15,7,7,20.818850875478862,18.56824263507873,2.2506082404001333,10.810434513707838
cvrp,3,4,22,time_oriented_removal,regret_2,8641208760694182821,15,7,7,20.818850875478862,18.560734810731596,2.2581160647472664,10.846497139796275
cvrp,3,4,22,time_oriented_removal,regret_3,15081415867149642085,15,7,7,20.818850875478862,18.00458035236894,2.814270523109922,13.517895583875209
cvrp,3,4,22,time_oriented_removal,greedy_with_noise,14257648923929201991,15,7,7,20.818850875478862,18.12248311363802,2.6963677618408433,12.951568643093147
cvrp,3,4,22,time_oriented_removal,best_position_first,12475531514327008924,15,7,7,20.818850875478862,18.691657410239227,2.1271934652396354,10.217631501194502
cvrp,3,4,22,time_oriented_removal,sequential_insertion,9317299156382065194,15,7,7,20.818850875478862,17.984687199442494,2.8341636760363684,13.613449142740828
cvrp,3,5,23,random_removal,greedy_insertion,10957050790445632929,15,7,7,19.295761140894054,17.261202002970826,2.034559137923228,10.544072986119884
cvrp,3,5,23,random_removal,regret_2,4503792466011551881,15,7,7,19.295761140894054,16.717131690055698,2.5786294508383563,13.363709428250505
cvrp,3,5,23,random_removal,regret_3,16037398950254008630,15,7,7,19.295761140894054,16.598714917767815,2.6970462231262395,13.977402619326131
cvrp,3,5,23,random_removal,greedy_with_noise,3615626972279806109,15,7,7,19.295761140894054,17.539637367183012,1.7561237737110424,9.101085781940155
cvrp,3,5,23,random_removal,best_position_first,6820679399840011865,15,7,7,19.295761140894054,17.593100876048787,1.7026602648452673,8.824011928903758
cvrp,3,5,23,random_removal,sequential_insertion,15356868050909449615,15,7,7,19.295761140894054,17.778027902440414,1.5177332384536406,7.865630318345233
cvrp,3,5,23,shaw_removal,greedy_insertion,3492386855188917202,15,7,7,19.295761140894054,18.067364853585957,1.2283962873080974,6.366145799269469
cvrp,3,5,23,shaw_removal,regret_2,4163804175664125491,15,7,7,19.295761140894054,17.927270164941987,1.3684909759520671,7.0921844749196525
cvrp,3,5,23,shaw_removal,regret_3,4651405164492834125,15,7,7,19.295761140894054,18.050381016121484,1.24538012477257,6.4541642886177755
cvrp,3,5,23,shaw_removal,greedy_with_noise,17485315550426216730,15,7,7,19.295761140894054,18.773768382531998,0.5219927583620567,2.70521983844308
cvrp,3,5,23,shaw_removal,best_position_first,9671348656145873911,15,7,7,19.295761140894054,18.218866787119836,1.0768943537742182,5.580989243756368
cvrp,3,5,23,shaw_removal,sequential_insertion,18402948996048907299,15,7,7,19.295761140894054,18.401424902646866,0.8943362382471882,4.634884479119075
cvrp,3,5,23,worst_removal,greedy_insertion,12584891653264830364,15,7,7,19.295761140894054,16.694251186613027,2.6015099542810276,13.482287302818927
cvrp,3,5,23,worst_removal,regret_2,17412352638542110118,15,7,7,19.295761140894054,16.436805841496508,2.8589552993975467,14.81649403991886
cvrp,3,5,23,worst_removal,regret_3,15558795150068325699,15,7,7,19.295761140894054,16.086164004291767,3.2095971366022873,16.63369023469148
cvrp,3,5,23,worst_removal,greedy_with_noise,8894528205381825486,15,7,7,19.295761140894054,16.624993285052895,2.6707678558411594,13.841215365072722
cvrp,3,5,23,worst_removal,best_position_first,4780130519305213664,15,7,7,19.295761140894054,17.364174695029405,1.9315864458646494,10.010418515033251
cvrp,3,5,23,worst_removal,sequential_insertion,16427140073189160154,15,7,7,19.295761140894054,16.66461584198143,2.6311452989126245,13.635872043090146
cvrp,3,5,23,route_removal,greedy_insertion,10706128239780368762,15,7,7,19.295761140894054,19.794154257183827,-0.49839311628977256,-2.5829150384408206
cvrp,3,5,23,route_removal,regret_2,8764493923289240497,15,7,7,19.295761140894054,18.62579085127301,0.6699702896210447,3.472111230694899
cvrp,3,5,23,route_removal,regret_3,1214725923045870009,15,7,7,19.295761140894054,18.555268482752982,0.740492658141072,3.8375923744812788
cvrp,3,5,23,route_removal,greedy_with_noise,5003025104051224527,15,7,7,19.295761140894054,18.292707262033268,1.0030538788607863,5.198312062098373
cvrp,3,5,23,route_removal,best_position_first,17821379573454164790,15,7,7,19.295761140894054,18.41392802804978,0.8818331128442729,4.570087214519768
cvrp,3,5,23,route_removal,sequential_insertion,2681637626963079595,15,7,7,19.295761140894054,20.426973339519265,-1.1312121986252102,-5.862490680545377
cvrp,3,5,23,cluster_removal,greedy_insertion,3259989942601134051,15,7,7,19.295761140894054,19.111883055831857,0.18387808506219727,0.952945487454751
cvrp,3,5,23,cluster_removal,regret_2,10075268010649721390,15,7,7,19.295761140894054,18.395484895196162,0.9002762456978921,4.665668480886774
cvrp,3,5,23,cluster_removal,regret_3,17711118631435494024,15,7,7,19.295761140894054,18.255273472485236,1.0404876684088187,5.392312129132256
cvrp,3,5,23,cluster_removal,greedy_with_noise,1783798890081503480,15,7,7,19.295761140894054,18.9285245235792,0.36723661731485535,1.9031984000701603
cvrp,3,5,23,cluster_removal,best_position_first,13206700339313327644,15,7,7,19.295761140894054,18.619272260184395,0.676488880709659,3.505893733706917
cvrp,3,5,23,cluster_removal,sequential_insertion,12557441444547948363,15,7,7,19.295761140894054,18.854743740196625,0.44101740069742945,2.2855662312422016
cvrp,3,5,23,time_oriented_removal,greedy_insertion,6091255769779678471,15,7,7,19.295761140894054,16.93602905505166,2.3597320858423956,12.229277034536608
cvrp,3,5,23,time_oriented_removal,regret_2,8501771944112782411,15,7,7,19.295761140894054,16.751600670685953,2.5441604702081015,13.185074440086169
cvrp,3,5,23,time_oriented_removal,regret_3,11272291802119445457,15,7,7,19.295761140894054,16.45707179357708,2.8386893473169756,14.711466039558609
cvrp,3,5,23,time_oriented_removal,greedy_with_noise,14980729944695074059,15,7,7,19.295761140894054,18.58866296711478,0.7070981737792756,3.66452594751861
cvrp,3,5,23,time_oriented_removal,best_position_first,8317674972853613247,15,7,7,19.295761140894054,17.111784340407723,2.183976800486331,11.318427837799915
cvrp,3,5,23,time_oriented_removal,sequential_insertion,12594261492895909824,15,7,7,19.295761140894054,16.62317591104695,2.6725852298471047,13.85063387928771
cvrp,4,0,24,random_removal,greedy_insertion,10412968381318969042,15,7,7,19.96556518120988,16.74104520054472,3.2245199806651605,16.150406719764895
cvrp,4,0,24,random_removal,regret_2,6743615649453871538,15,7,7,19.96556518120988,16.600005799463982,3.3655593817458964,16.856819985808933
cvrp,4,0,24,random_removal,regret_3,5982083278698882379,15,7,7,19.96556518120988,16.92181637048313,3.0437488107267505,15.244991980448933
cvrp,4,0,24,random_removal,greedy_with_noise,13744129830557274202,15,7,8,19.96556518120988,16.788003815931976,3.177561365277903,15.915208692756618
cvrp,4,0,24,random_removal,best_position_first,6768944494695756902,15,7,8,19.96556518120988,16.664138743044347,3.3014264381655316,16.535602214119095
cvrp,4,0,24,random_removal,sequential_insertion,11326202925034572971,15,7,7,19.96556518120988,17.515757289936126,2.4498078912737533,12.270165502649192
cvrp,4,0,24,shaw_removal,greedy_insertion,2849745879904783470,15,7,7,19.96556518120988,18.264419698512818,1.7011454826970613,8.520397330389896
cvrp,4,0,24,shaw_removal,regret_2,17611538222144367178,15,7,7,19.96556518120988,17.407808573545633,2.5577566076642455,12.810839985994576
cvrp,4,0,24,shaw_removal,regret_3,5512496629613439471,15,7,7,19.96556518120988,17.407808573545633,2.5577566076642455,12.810839985994576
cvrp,4,0,24,shaw_removal,greedy_with_noise,1788515905937378634,15,7,7,19.96556518120988,17.987038952061805,1.9785262291480734,9.909693069996921
cvrp,4,0,24,shaw_removal,best_position_first,5717567862635225295,15,7,7,19.96556518120988,18.219313913568207,1.7462512676416715,8.74631522720486
cvrp,4,0,24,shaw_removal,sequential_insertion,10786532486136955391,15,7,7,19.96556518120988,18.54390921870935,1.4216559625005303,7.120539536934763
cvrp,4,0,24,worst_removal,greedy_insertion,14035599981382636105,15,7,7,19.96556518120988,15.787156661097,4.178408520112878,20.928075324635884
cvrp,4,0,24,worst_removal,regret_2,15541543030813091270,15,7,7,19.96556518120988,14.930341857719421,5.035223323490458,25.219538128723947
cvrp,4,0,24,worst_removal,regret_3,773633966238035309,15,7,8,19.96556518120988,15.509807450986711,4.4557577302231675,22.31721311058401
cvrp,4,0,24,worst_removal,greedy_with_noise,2153533538141490950,15,7,7,19.96556518120988,16.04182749025589,3.9237376909539883,19.65252501164716
cvrp,4,0,24,worst_removal,best_position_first,4295260336723662497,15,7,7,19.96556518120988,15.748687505101621,4.216877676108258,21.12075284538838
cvrp,4,0,24,worst_removal,sequential_insertion,2594302686770476218,15,7,7,19.96556518120988,15.449119799806317,4.516445381403562,22.621174709615072
cvrp,4,0,24,route_removal,greedy_insertion,7398789975483021665,15,7,7,19.96556518120988,18.93146011224539,1.0341050689644895,5.179443003886076
cvrp,4,0,24,route_removal,regret_2,15124790929929245398,15,7,7,19.96556518120988,19.281648486310687,0.6839166948991924,3.4254812658288505
cvrp,4,0,24,route_removal,regret_3,10586823107252374360,15,7,7,19.96556518120988,18.848724049802055,1.1168411314078242,5.593836794857743
cvrp,4,0,24,route_removal,greedy_with_noise,13058917692005419784,15,7,7,19.96556518120988,19.337226565074115,0.628338616135764,3.147111591547181
cvrp,4,0,24,route_removal,best_position_first,11398059234655810059,15,7,7,19.96556518120988,19.161670173148067,0.8038950080618115,4.026407470890823
cvrp,4,0,24,route_removal,sequential_insertion,12531653985711458413,15,7,7,19.96556518120988,19.291497408789226,0.6740677724206527,3.3761517207388434
cvrp,4,0,24,cluster_removal,greedy_insertion,13128171200309517716,15,7,7,19.96556518120988,18.115381236744476,1.8501839444654031,9.266874880189517
cvrp,4,0,24,cluster_removal,regret_2,9136021509438422163,15,7,7,19.96556518120988,18.539537351898346,1.4260278293115327,7.142436572011522
cvrp,4,0,24,cluster_removal,regret_3,17633788553029658707,15,7,7,19.96556518120988,18.15184972235715,1.8137154588527302,9.084217964236071
cvrp,4,0,24,cluster_removal,greedy_with_noise,7016992052214131371,15,7,7,19.96556518120988,18.36989575033726,1.5956694308726185,7.9921074930267695
cvrp,4,0,24,cluster_removal,best_position_first,674263006327896747,15,7,7,19.96556518120988,18.163809047025865,1.8017561341840143,9.024318209031692
cvrp,4,0,24,cluster_removal,sequential_insertion,15313252818224268435,15,7,7,19.96556518120988,18.105511386721293,1.8600537944885858,9.316309243472514
cvrp,4,0,24,time_oriented_removal,greedy_insertion,12617871196670423575,15,7,8,19.96556518120988,18.095720459071803,1.869844722138076,9.365348314295838
cvrp,4,0,24,time_oriented_removal,regret_2,14412592653923102469,15,7,7,19.96556518120988,17.33603062663554,2.629534554574338,13.170348701418492
cvrp,4,0,24,time_oriented_removal,regret_3,11399298630100870236,15,7,7,19.96556518120988,17.155519134058245,2.8100460471516335,14.074462814587598
cvrp,4,0,24,time_oriented_removal,greedy_with_noise,8853358451742499902,15,7,8,19.96556518120988,18.430590729931332,1.534974451278547,7.6881091887303645
cvrp,4,0,24,time_oriented_removal,best_position_first,5910651249839268540,15,7,8,19.96556518120988,17.708801786007307,2.2567633952025723,11.30327829300055
cvrp,4,0,24,time_oriented_removal,sequential_insertion,90774609467652168,15,7,8,19.96556518120988,17.822611663552447,2.142953517657432,10.733247459852636
cvrp,4,1,25,random_removal,greedy_insertion,12311615449954199666,15,7,7,19.02477777593512,19.197845461614914,-0.17306768567979347,-0.9096962272994893
cvrp,4,1,25,random_removal,regret_2,17998955034077832936,15,7,7,19.02477777593512,18.21445806923825,0.8103197066968697,4.259286054430879
cvrp,4,1,25,random_removal,regret_3,5588409735583810840,15,7,7,19.02477777593512,18.21445806923825,0.8103197066968697,4.259286054430879
cvrp,4,1,25,random_removal,greedy_with_noise,10840936108345791582,15,7,7,19.02477777593512,19.015571896476505,0.00920587945861584,0.04838889351054901
cvrp,4,1,25,random_removal,best_position_first,1147319316489001920,15,7,7,19.02477777593512,18.82014642078066,0.2046313551544614,1.0756044436603318
cvrp,4,1,25,random_removal,sequential_insertion,2639740499956217265,15,7,7,19.02477777593512,18.90753385954117,0.11724391639394938,0.6162695710551421
cvrp,4,1,25,shaw_removal,greedy_insertion,4225760947066522713,15,7,7,19.02477777593512,17.242952382660558,1.7818253932745627,9.365814488137856
cvrp,4,1,25,shaw_removal,regret_2,11093650137324833099,15,7,7,19.02477777593512,18.922669818942538,0.10210795699258313,0.5367103794596846
cvrp,4,1,25,shaw_removal,regret_3,1400962220509726473,15,7,7,19.02477777593512,18.72964852622144,0.29512924971368193,1.551288814984203
cvrp,4,1,25,shaw_removal,greedy_with_noise,13952034955012108444,15,7,7,19.02477777593512,17.593215654657715,1.4315621212774055,7.524724536274066
cvrp,4,1,25,shaw_removal,best_position_first,16303396797988633977,15,7,7,19.02477777593512,17.214776652886343,1.810001123048778,9.51391466626375
cvrp,4,1,25,shaw_removal,sequential_insertion,4761283385817874741,15,7,7,19.02477777593512,18.02250801481576,1.0022697611193614,5.268233736675524
cvrp,4,1,25,worst_removal,greedy_insertion,1257736768230197744,15,7,7,19.02477777593512,16.529768808205805,2.4950089677293157,13.1145235813756
cvrp,4,1,25,worst_removal,regret_2,3637721261513705535,15,7,7,19.02477777593512,17.10656303901882,1.9182147369163012,10.082718229396061
cvrp,4,1,25,worst_removal,regret_3,6265639359967217652,15,7,7,19.02477777593512,16.529768808205805,2.4950089677293157,13.1145235813756
cvrp,4,1,25,worst_removal,greedy_with_noise,9888540726633225429,15,7,7,19.02477777593512,16.782240380393848,2.242537395541273,11.787456452594734
cvrp,4,1,25,worst_removal,best_position_first,17084477406007165965,15,7,7,19.02477777593512,16.51932880637798,2.50544896955714,13.169399396224957
cvrp,4,1,25,worst_removal,sequential_insertion,14995601828907916880,15,7,7,19.02477777593512,16.700158128931445,2.3246196470036757,12.218905652312746
cvrp,4,1,25,route_removal,greedy_insertion,5888463404089971206,15,7,7,19.02477777593512,18.329542822682022,0.6952349532530988,3.6543656984657003
cvrp,4,1,25,route_removal,regret_2,6816617291844850790,15,7,7,19.02477777593512,19.136334700954112,-0.11155692501899139,-0.5863770201831335
cvrp,4,1,25,route_removal,regret_3,6430771256329142620,15,7,7,19.02477777593512,18.00124624238165,1.02353153355347,5.379992058820044
cvrp,4,1,25,route_removal,greedy_with_noise,694029826842369665,15,7,7,19.02477777593512,18.579398357217332,0.4453794187177884,2.341049256728555
cvrp,4,1,25,route_removal,best_position_first,11235552394111717409,15,7,7,19.02477777593512,18.520385294811465,0.5043924811236558,2.651239804554634
cvrp,4,1,25,route_removal,sequential_insertion,817996234439574219,15,7,7,19.02477777593512,18.725419046037395,0.29935872989772605,1.5735202451425834
cvrp,4,1,25,cluster_removal,greedy_insertion,13951333005139617839,15,7,7,19.02477777593512,18.560377827797037,0.46439994813808383,2.441026926083279
cvrp,4,1,25,cluster_removal,regret_2,10915883054576837408,15,7,7,19.02477777593512,18.416932243268946,0.6078455326661754,3.195020408780034
cvrp,4,1,25,cluster_removal,regret_3,8797483098273810424,15,7,7,19.02477777593512,18.22576407880407,0.799013697131052,4.199858240350869
cvrp,4,1,25,cluster_removal,greedy_with_noise,8456372086278804024,15,7,7,19.02477777593512,17.831892288111682,1.192885487823439,6.270167787885266
cvrp,4,1,25,cluster_removal,best_position_first,3944169980551512727,15,7,7,19.02477777593512,17.748496947711374,1.2762808282237472,6.708518981168569
cvrp,4,1,25,cluster_removal,sequential_insertion,13895951155933382330,15,7,7,19.02477777593512,18.67435956603478,0.3504182099003401,1.841904352457626
cvrp,4,1,25,time_oriented_removal,greedy_insertion,8564968413461014417,15,7,7,19.02477777593512,16.211477518376668,2.8133002575584527,14.787559101568382
cvrp,4,1,25,time_oriented_removal,regret_2,15364895726088474579,15,7,7,19.02477777593512,16.176429870472784,2.8483479054623366,14.971780164839966
cvrp,4,1,25,time_oriented_removal,regret_3,7233441474464264423,15,7,7,19.02477777593512,16.285151959398288,2.739625816536833,14.400303902641369
cvrp,4,1,25,time_oriented_removal,greedy_with_noise,13454465547807649476,15,7,7,19.02477777593512,17.196380721165486,1.8283970547696349,9.61060926074215
cvrp,4,1,25,time_oriented_removal,best_position_first,10542731291194780074,15,7,7,19.02477777593512,16.554069344498785,2.4707084314363357,12.986792595084037
cvrp,4,1,25,time_oriented_removal,sequential_insertion,4065345209776525455,15,7,7,19.02477777593512,16.204020401263172,2.820757374671949,14.826755969996087
cvrp,4,2,26,random_removal,greedy_insertion,6088180998569242053,15,7,7,21.16960756954206,19.29738476817757,1.8722228013644902,8.843918316455547
cvrp,4,2,26,random_removal,regret_2,10021540607470941961,15,7,7,21.16960756954206,18.74531256946687,2.4242950000751904,11.451771092644929
cvrp,4,2,26,random_removal,regret_3,17008491281270626440,15,7,7,21.16960756954206,18.407680565330985,2.761927004211074,13.046661328690941
cvrp,4,2,26,random_removal,greedy_with_noise,4698963755598307345,15,7,7,21.16960756954206,19.264349620352334,1.9052579491897248,8.999968199367709
cvrp,4,2,26,random_removal,best_position_first,4098533221682853746,15,7,7,21.16960756954206,18.989984405337072,2.179623164204987,10.296001742332422
cvrp,4,2,26,random_removal,sequential_insertion,9980733265848405834,15,7,7,21.16960756954206,18.693074238519714,2.4765333310223454,11.698532071919356
cvrp,4,2,26,shaw_removal,greedy_insertion,8846829960383181202,15,7,7,21.16960756954206,20.57717220738164,0.592435362160419,2.798518395838334
cvrp,4,2,26,shaw_removal,regret_2,14103308427690283004,15,7,7,21.16960756954206,20.24525824029508,0.9243493292469793,4.3663980364798745
cvrp,4,2,26,shaw_removal,regret_3,14085389411298373593,15,7,7,21.16960756954206,19.898178254067194,1.2714293154748653,6.005918207497357
cvrp,4,2,26,shaw_removal,greedy_with_noise,1491336090462619147,15,7,7,21.16960756954206,20.066659127690418,1.102948441851641,5.2100561535137615
cvrp,4,2,26,shaw_removal,best_position_first,11087972123201223620,15,7,7,21.16960756954206,19.842328242920836,1.3272793266212233,6.269739872414343
cvrp,4,2,26,shaw_removal,sequential_insertion,16346768763128986015,15,7,7,21.16960756954206,20.717373561851097,0.45223400769096145,2.1362418089488666
cvrp,4,2,26,worst_removal,greedy_insertion,6947100743546626929,15,7,7,21.16960756954206,15.03220890167298,6.137398667869078,28.99155616233203
cvrp,4,2,26,worst_removal,regret_2,7957250965255922004,15,7,7,21.16960756954206,14.697638077826833,6.471969491715226,30.57198613840544
cvrp,4,2,26,worst_removal,regret_3,4606624164092207722,15,7,7,21.16960756954206,14.697638077826833,6.471969491715226,30.57198613840544
cvrp,4,2,26,worst_removal,greedy_with_noise,13545963221196439915,15,7,7,21.16960756954206,15.006927117771244,6.1626804517708145,29.110981068148945
cvrp,4,2,26,worst_removal,best_position_first,2207166657286070481,15,7,7,21.16960756954206,15.30465554574191,5.864952023800148,27.70458547487859
cvrp,4,2,26,worst_removal,sequential_insertion,6419528726766238816,15,7,7,21.16960756954206,14.951993149841222,6.217614419700837,29.370475571056307
cvrp,4,2,26,route_removal,greedy_insertion,2519313033705662473,15,7,7,21.16960756954206,20.179309056728385,0.9902985128136734,4.677925698719485
cvrp,4,2,26,route_removal,regret_2,11804382574489141674,15,7,7,21.16960756954206,19.550441649026943,1.6191659205151154,7.64854008368442
cvrp,4,2,26,route_removal,regret_3,15033843385456061001,15,7,7,21.16960756954206,19.608510532707317,1.5610970368347417,7.37423701269164
cvrp,4,2,26,route_removal,greedy_with_noise,13437039075127641209,15,7,7,21.16960756954206,20.287418500797614,0.8821890687444451,4.167243374004257
cvrp,4,2,26,route_removal,best_position_first,311883945876595946,15,7,7,21.16960756954206,19.95209208494193,1.2175154846001277,5.751242580197083
cvrp,4,2,26,route_removal,sequential_insertion,9585341700807401165,15,7,7,21.16960756954206,20.80653501050889,0.36307255903316715,1.7150651368499654
cvrp,4,2,26,cluster_removal,greedy_insertion,15217371354820423329,15,7,7,21.16960756954206,19.044481461510138,2.125126108031921,10.038571102704157
cvrp,4,2,26,cluster_removal,regret_2,5241181961719845018,15,7,7,21.16960756954206,18.729247520623833,2.440360048918226,11.527658417387544
cvrp,4,2,26,cluster_removal,regret_3,8857026255546602595,15,7,7,21.16960756954206,17.956050661932284,3.2135569076097745,15.180049498098892
cvrp,4,2,26,cluster_removal,greedy_with_noise,14641201678109456083,15,7,7,21.16960756954206,18.584286950982634,2.5853206185594253,12.212416361836937
cvrp,4,2,26,cluster_removal,best_position_first,16004036001180172712,15,7,7,21.16960756954206,19.182306803322973,1.9873007662190858,9.387518213036365
cvrp,4,2,26,cluster_removal,sequential_insertion,8745885430344498279,15,7,7,21.16960756954206,18.374843489252235,2.7947640802898235,13.201775569570843
cvrp,4,2,26,time_oriented_removal,greedy_insertion,6185529936094619813,15,7,7,21.16960756954206,17.08588251719395,4.0837250523481075,19.290508994713722
cvrp,4,2,26,time_oriented_removal,regret_2,14877485342089914329,15,7,7,21.16960756954206,16.83693022190767,4.332677347634387,20.46649817858722
cvrp,4,2,26,time_oriented_removal,regret_3,9722732841031929786,15,7,7,21.16960756954206,16.6626165230485,4.50699104649356,21.28991305903105
cvrp,4,2,26,time_oriented_removal,greedy_with_noise,7217067412813578218,15,7,7,21.16960756954206,16.99874731029739,4.1708602592446695,19.70211420095254
cvrp,4,2,26,time_oriented_removal,best_position_first,3310065006262298080,15,7,7,21.16960756954206,16.93992437496574,4.229683194576317,19.979979225792583
cvrp,4,2,26,time_oriented_removal,sequential_insertion,2289083986979479379,15,7,7,21.16960756954206,17.248244177296073,3.9213633922459863,18.523552594748516
cvrp,4,3,27,random_removal,greedy_insertion,4135029676058732154,15,7,7,18.93507233070578,17.32173858502685,1.6133337456789292,8.520346357815018
cvrp,4,3,27,random_removal,regret_2,6647199957132153506,15,7,7,18.93507233070578,16.940597992887486,1.9944743378182928,10.533227985530232
cvrp,4,3,27,random_removal,regret_3,7029911364691506953,15,7,7,18.93507233070578,16.758154928729567,2.176917401976212,11.496747221007686
cvrp,4,3,27,random_removal,greedy_with_noise,4781548419747366037,15,7,8,18.93507233070578,18.33290871508641,0.6021636156193679,3.180149539977612
cvrp,4,3,27,random_removal,best_position_first,736465040551951995,15,7,8,18.93507233070578,18.132421818295924,0.8026505124098549,4.238961955842379
cvrp,4,3,27,random_removal,sequential_insertion,5052200401555125390,15,7,7,18.93507233070578,17.16865576504646,1.7664165656593198,9.328808122875964
cvrp,4,3,27,shaw_removal,greedy_insertion,16018579212726014513,15,7,7,18.93507233070578,17.864485120460227,1.0705872102455523,5.653990602979902
cvrp,4,3,27,shaw_removal,regret_2,2304662677192281410,15,7,7,18.93507233070578,18.14225102298298,0.7928213077228001,4.187051910211788
cvrp,4,3,27,shaw_removal,regret_3,4512938023044131032,15,7,7,18.93507233070578,17.156318770371627,1.7787535603341524,9.393962321705331
cvrp,4,3,27,shaw_removal,greedy_with_noise,7353902360187353414,15,7,7,18.93507233070578,18.40166856639755,0.533403764308229,2.817014664598047
cvrp,4,3,27,shaw_removal,best_position_first,13313698656798629795,15,7,7,18.93507233070578,18.34087275214558,0.5941995785602003,3.138089827080435
cvrp,4,3,27,shaw_removal,sequential_insertion,10459039218032861178,15,7,7,18.93507233070578,17.64382522934035,1.2912471013654283,6.819340738780789
cvrp,4,3,27,worst_removal,greedy_insertion,4540072958317449873,15,7,7,18.93507233070578,16.632905002198044,2.3021673285077355,12.158217768064503
cvrp,4,3,27,worst_removal,regret_2,16896712348164060075,15,7,7,18.93507233070578,16.060820452341886,2.874251878363893,15.17951359342264
cvrp,4,3,27,worst_removal,regret_3,3495627698064602474,15,7,7,18.93507233070578,15.587398202183275,3.3476741285225042,17.679753581367617
cvrp,4,3,27,worst_removal,greedy_with_noise,10644223761013456944,15,7,7,18.93507233070578,16.08833941378309,2.84673291692269,15.034180314729127
cvrp,4,3,27,worst_removal,best_position_first,10339836669454400667,15,7,7,18.93507233070578,15.527907169058306,3.407165161647473,17.993937927146412
cvrp,4,3,27,worst_removal,sequential_insertion,17322011286972971424,15,7,7,18.93507233070578,15.61943875359621,3.315633577109569,17.510540858789437
cvrp,4,3,27,route_removal,greedy_insertion,2592538643913490832,15,7,7,18.93507233070578,17.75995163139914,1.175120699306639,6.206053395428661
cvrp,4,3,27,route_removal,regret_2,3888050167165666595,15,7,7,18.93507233070578,17.733468205143186,1.2016041255625929,6.345917800451332
cvrp,4,3,27,route_removal,regret_3,17207081073165318297,15,7,7,18.93507233070578,16.345897044139512,2.5891752865662667,13.673965651388452
cvrp,4,3,27,route_removal,greedy_with_noise,10464867289548899150,15,7,7,18.93507233070578,17.13128909645664,1.8037832342491384,9.526149162493876
cvrp,4,3,27,route_removal,best_position_first,13828741689838620597,15,7,7,18.93507233070578,17.36500308531324,1.5700692453925384,8.291857659537213
cvrp,4,3,27,route_removal,sequential_insertion,12260874869108408581,15,7,7,18.93507233070578,18.363640327200674,0.5714320035051053,3.0178495942603347
cvrp,4,3,27,cluster_removal,greedy_insertion,4525425949568544726,15,7,7,18.93507233070578,17.629952582428384,1.305119748277395,6.892605031991174
cvrp,4,3,27,cluster_removal,regret_2,16160638792010456887,15,7,7,18.93507233070578,17.553620249024764,1.3814520816810152,7.295731738192539
cvrp,4,3,27,cluster_removal,regret_3,12849715703716195312,15,7,7,18.93507233070578,17.190259063533894,1.7448132671718852,9.214716673368258
cvrp,4,3,27,cluster_removal,greedy_with_noise,17594700909756580627,15,7,7,18.93507233070578,17.906018830057643,1.0290535006481356,5.434642565264387
cvrp,4,3,27,cluster_removal,best_position_first,6283764780769954795,15,7,7,18.93507233070578,17.699291536938933,1.2357807937668461,6.526411793858641
cvrp,4,3,27,cluster_removal,sequential_insertion,11556261514175943281,15,7,7,18.93507233070578,17.412583037874498,1.5224892928312812,8.040578172824612
cvrp,4,3,27,time_oriented_removal,greedy_insertion,3154716642288486121,15,7,7,18.93507233070578,17.28314880558776,1.6519235251180184,8.724146896651677
cvrp,4,3,27,time_oriented_removal,regret_2,2978743746015698642,15,7,7,18.93507233070578,17.36242592111507,1.5726464095907104,8.305468192167673
cvrp,4,3,27,time_oriented_removal,regret_3,15527955850991107399,15,7,7,18.93507233070578,16.706729775325115,2.2283425553806637,11.768334001909805
cvrp,4,3,27,time_oriented_removal,greedy_with_noise,6950029021363929575,15,7,7,18.93507233070578,17.352072925341936,1.582999405363843,8.360144485937852
cvrp,4,3,27,time_oriented_removal,best_position_first,1239677962854652583,15,7,8,18.93507233070578,17.91797862612858,1.0170937045771993,5.371480429614437
cvrp,4,3,27,time_oriented_removal,sequential_insertion,4007352950608718080,15,7,7,18.93507233070578,16.842617644531042,2.0924546861747366,11.050682298063041
cvrp,4,4,28,random_removal,greedy_insertion,3057052174458711374,15,7,7,20.97755839858585,19.860275380712885,1.117283017872964,5.326087033790753
cvrp,4,4,28,random_removal,regret_2,9444316567194891279,15,7,7,20.97755839858585,18.831577426704804,2.1459809718810448,10.229889156336283
cvrp,4,4,28,random_removal,regret_3,9426362104528424215,15,7,7,20.97755839858585,18.831577426704804,2.1459809718810448,10.229889156336283
cvrp,4,4,28,random_removal,greedy_with_noise,6404144513824903021,15,7,8,20.97755839858585,20.579797280976212,0.3977611176096367,1.8961268516189702
cvrp,4,4,28,random_removal,best_position_first,4123141348938806655,15,7,7,20.97755839858585,19.456140056713906,1.521418341871943,7.252599720921314
cvrp,4,4,28,random_removal,sequential_insertion,2561637590726757118,15,7,7,20.97755839858585,19.357370299952862,1.6201880986329869,7.723435053062266
cvrp,4,4,28,shaw_removal,greedy_insertion,6013660814724882342,15,7,7,20.97755839858585,19.072779339197787,1.904779059388062,9.080079879632073
cvrp,4,4,28,shaw_removal,regret_2,5389037740636318873,15,7,7,20.97755839858585,18.777984173014858,2.1995742255709914,10.485368143316766
cvrp,4,4,28,shaw_removal,regret_3,4920113398348874598,15,7,7,20.97755839858585,19.04071257189242,1.9368458266934283,9.232942127449856
cvrp,4,4,28,shaw_removal,greedy_with_noise,8353308765252340362,15,7,7,20.97755839858585,19.678695635480555,1.2988627631052942,6.191677498525538
cvrp,4,4,28,shaw_removal,best_position_first,5949833043033759145,15,7,7,20.97755839858585,19.216357610703337,1.7612007878825118,8.395642402317131
cvrp,4,4,28,shaw_removal,sequential_insertion,2574964716984806753,15,7,7,20.97755839858585,19.439881528354334,1.5376768702315147,7.330104109423781
cvrp,4,4,28,worst_removal,greedy_insertion,10669948722245921604,15,7,7,20.97755839858585,16.05090668210082,4.926651716485029,23.485343827321426
cvrp,4,4,28,worst_removal,regret_2,5365105332048940386,15,7,7,20.97755839858585,15.472965539771156,5.504592858814693,26.24038867738665
cvrp,4,4,28,worst_removal,regret_3,11714738635992577214,15,7,7,20.97755839858585,15.302481627896313,5.675076770689536,27.05308531555373
cvrp,4,4,28,worst_removal,greedy_with_noise,11421606591296608417,15,7,8,20.97755839858585,16.02677171545319,4.950786683132659,23.600395189300983
cvrp,4,4,28,worst_removal,best_position_first,15623775992320319518,15,7,8,20.97755839858585,16.954511038485066,4.023047360100783,19.17786276010075
cvrp,4,4,28,worst_removal,sequential_insertion,9826689220202945540,15,7,8,20.97755839858585,16.081274670848572,4.896283727737277,23.340579655196425
cvrp,4,4,28,route_removal,greedy_insertion,12144751482412652298,15,7,7,20.97755839858585,19.28174314993242,1.6958152486534281,8.08394960191243
cvrp,4,4,28,route_removal,regret_2,10422768736555603378,15,7,7,20.97755839858585,18.674628876738865,2.302929521846984,10.978062737759942
cvrp,4,4,28,route_removal,regret_3,13218441704229789185,15,7,7,20.97755839858585,18.644835401338884,2.3327229972469645,11.120088205328125
cvrp,4,4,28,route_removal,greedy_with_noise,609951956262128197,15,7,7,20.97755839858585,18.196597880150836,2.7809605184350126,13.256836022549145
cvrp,4,4,28,route_removal,best_position_first,11439522144459014717,15,7,7,20.97755839858585,18.710965793701618,2.266592604884231,10.80484469077692
cvrp,4,4,28,route_removal,sequential_insertion,16967849971661365019,15,7,7,20.97755839858585,18.976343235022494,2.001215163563355,9.539790692220226
cvrp,4,4,28,cluster_removal,greedy_insertion,2567277352824698862,15,7,7,20.97755839858585,19.70347269601583,1.2740857025700194,6.0735652756228715
cvrp,4,4,28,cluster_removal,regret_2,13937675201175836519,15,7,7,20.97755839858585,19.376330784699142,1.6012276138867065,7.6330504411545315
cvrp,4,4,28,cluster_removal,regret_3,10579625576200535759,15,7,7,20.97755839858585,18.921609644313644,2.0559487542722046,9.800705664634458
cvrp,4,4,28,cluster_removal,greedy_with_noise,1540408180615173090,15,7,7,20.97755839858585,19.149027560355513,1.8285308382303356,8.716604685288836
cvrp,4,4,28,cluster_removal,best_position_first,3365649117470917337,15,7,7,20.97755839858585,18.734472766747444,2.2430856318384045,10.692786973671906
cvrp,4,4,28,cluster_removal,sequential_insertion,15793258367382540520,15,7,7,20.97755839858585,19.399711549429114,1.5778468491567352,7.52159435896554
cvrp,4,4,28,time_oriented_removal,greedy_insertion,14007035595399004149,15,7,8,20.97755839858585,19.02410017472148,1.95345822386437,9.312133408223799
cvrp,4,4,28,time_oriented_removal,regret_2,1895037237463761668,15,7,8,20.97755839858585,18.876095103884023,2.1014632947018264,10.017673433546449
cvrp,4,4,28,time_oriented_removal,regret_3,15837888118812260422,15,7,7,20.97755839858585,17.18453638089899,3.7930220176868588,18.081332181835595
cvrp,4,4,28,time_oriented_removal,greedy_with_noise,18148455501684255783,15,7,7,20.97755839858585,17.42583096437,3.5517274342158487,16.9310811426714
cvrp,4,4,28,time_oriented_removal,best_position_first,10068201466557491722,15,7,7,20.97755839858585,18.00115598671174,2.9764024118741084,14.188507333983898
cvrp,4,4,28,time_oriented_removal,sequential_insertion,16323287061411755436,15,7,8,20.97755839858585,18.006223234423274,2.971335164162575,14.164351769188166
cvrp,4,5,29,random_removal,greedy_insertion,7809111399819808791,15,7,8,20.42291657346311,20.046793985264692,0.3761225881984167,1.8416693171392498
cvrp,4,5,29,random_removal,regret_2,16206602576132246672,15,7,7,20.42291657346311,19.10361046187566,1.3193061115874478,6.4599299852290075
cvrp,4,5,29,random_removal,regret_3,9121949932850701580,15,7,7,20.42291657346311,19.05982906594436,1.363087507518749,6.674303851830358
cvrp,4,5,29,random_removal,greedy_with_noise,14463121666849123678,15,7,7,20.42291657346311,19.555333144526745,0.8675834289363635,4.248087807711431
cvrp,4,5,29,random_removal,best_position_first,10578659914267476967,15,7,8,20.42291657346311,20.640413024274235,-0.2174964508111259,-1.0649627345280053
cvrp,4,5,29,random_removal,sequential_insertion,7823513548333818728,15,7,8,20.42291657346311,20.420045279263157,0.0028712941999522457,0.014059178029856493
cvrp,4,5,29,shaw_removal,greedy_insertion,5078680808251782277,15,7,7,20.42291657346311,18.538435516904855,1.8844810565582542,9.22728665996163
cvrp,4,5,29,shaw_removal,regret_2,13159460057771934940,15,7,7,20.42291657346311,18.435855506220115,1.987061067242994,9.729565608787327
cvrp,4,5,29,shaw_removal,regret_3,3520538103189486545,15,7,7,20.42291657346311,17.962667258725737,2.4602493147373714,12.046513072154157
cvrp,4,5,29,shaw_removal,greedy_with_noise,5084748065342991969,15,7,7,20.42291657346311,18.603708566429724,1.8192080070333851,8.907679764981298
cvrp,4,5,29,shaw_removal,best_position_first,2013665179535359870,15,7,7,20.42291657346311,18.512947133517063,1.909969439946046,9.352089517066332
cvrp,4,5,29,shaw_removal,sequential_insertion,6539024867382520348,15,7,7,20.42291657346311,18.43614357886759,1.986772994595519,9.728155072508443
cvrp,4,5,29,worst_removal,greedy_insertion,2518052248167200181,15,7,7,20.42291657346311,17.184994407900515,3.237922165562594,15.854357304528422
cvrp,4,5,29,worst_removal,regret_2,4643421801174062389,15,7,8,20.42291657346311,17.155775833740023,3.267140739723086,15.997424892624323
cvrp,4,5,29,worst_removal,regret_3,15594230242235948530,15,7,7,20.42291657346311,16.450671890269156,3.972244683193953,19.449938351877528
cvrp,4,5,29,worst_removal,greedy_with_noise,12733274181834304808,15,7,8,20.42291657346311,17.836192050769014,2.5867245226940945,12.665793905534544
cvrp,4,5,29,worst_removal,best_position_first,8438295114002432063,15,7,8,20.42291657346311,17.12093990538898,3.301976668074129,16.16799763244694
cvrp,4,5,29,worst_removal,sequential_insertion,10690495712895228944,15,7,8,20.42291657346311,17.054799219637168,3.368117353825941,16.491852873758322
cvrp,4,5,29,route_removal,greedy_insertion,1126791611828786484,15,7,7,20.42291657346311,20.085318943002395,0.33759763046071356,1.6530333914176452
cvrp,4,5,29,route_removal,regret_2,806537074933921538,15,7,7,20.42291657346311,19.09648281856542,1.326433754897689,6.494830207656115
cvrp,4,5,29,route_removal,regret_3,15933303414889429399,15,7,7,20.42291657346311,19.240993663221744,1.181922910241365,5.787238595378284
cvrp,4,5,29,route_removal,greedy_with_noise,3963856504572086755,15,7,8,20.42291657346311,19.760330320861964,0.6625862526011446,3.2443272743036524
cvrp,4,5,29,route_removal,best_position_first,8032847263632095291,15,7,7,20.42291657346311,19.52017302055173,0.9027435529113781,4.420247958532888
cvrp,4,5,29,route_removal,sequential_insertion,1920168668391493876,15,7,7,20.42291657346311,20.16334387237059,0.2595727010925195,1.2709874231665816
cvrp,4,5,29,cluster_removal,greedy_insertion,13744614849067174934,15,7,7,20.42291657346311,17.756698696327128,2.6662178771359812,13.05502995884721
cvrp,4,5,29,cluster_removal,regret_2,6404246122920966498,15,7,7,20.42291657346311,17.63860384814801,2.7843127253151003,13.633276693363905
cvrp,4,5,29,cluster_removal,regret_3,10273242167257266042,15,7,7,20.42291657346311,17.662819594782356,2.760096978680753,13.514705251585543
cvrp,4,5,29,cluster_removal,greedy_with_noise,12224216854190725957,15,7,7,20.42291657346311,18.20457408285823,2.218342490604879,10.862025914003503
cvrp,4,5,29,cluster_removal,best_position_first,1312159483886000744,15,7,7,20.42291657346311,17.841867141885892,2.581049431577217,12.638006047240827
cvrp,4,5,29,cluster_removal,sequential_insertion,16748687437520929094,15,7,8,20.42291657346311,18.283431645148262,2.1394849283148467,10.475902991714834
cvrp,4,5,29,time_oriented_removal,greedy_insertion,9713537894026472552,15,7,8,20.42291657346311,18.005744676626044,2.417171896837065,11.83558620602633
cvrp,4,5,29,time_oriented_removal,regret_2,4992114697722560019,15,7,7,20.42291657346311,16.315929400600503,4.106987172862606,20.109699601863404
cvrp,4,5,29,time_oriented_removal,regret_3,4107489288999568090,15,7,7,20.42291657346311,16.282231295586865,4.140685277876244,20.274701034897824
cvrp,4,5,29,time_oriented_removal,greedy_with_noise,9307055320245227256,15,7,7,20.42291657346311,17.33747146332116,3.085445110141947,15.107759457584411
cvrp,4,5,29,time_oriented_removal,best_position_first,1863096135200821478,15,7,7,20.42291657346311,17.27846805580901,3.144448517654098,15.396667299419393
cvrp,4,5,29,time_oriented_removal,sequential_insertion,1096883383372899398,15,7,7,20.42291657346311,17.058485924603247,3.3644306488598623,16.47380106929241
cvrp,5,0,30,random_removal,greedy_insertion,4622898660534283557,15,7,7,21.520402037034142,18.875145667341776,2.6452563696923654,12.291853865648898
cvrp,5,0,30,random_removal,regret_2,12670146378244411735,15,7,7,21.520402037034142,18.672286022698763,2.8481160143353783,13.234492596532803
cvrp,5,0,30,random_removal,regret_3,15535733145804244569,15,7,7,21.520402037034142,18.068017798958472,3.4523842380756697,16.042377982225947
cvrp,5,0,30,random_removal,greedy_with_noise,14235388501071412518,15,7,7,21.520402037034142,18.827973723064503,2.692428313969639,12.511050255177757
cvrp,5,0,30,random_removal,best_position_first,10441357241241157790,15,7,7,21.520402037034142,18.63809877231446,2.882303264719681,13.393352316372008
cvrp,5,0,30,random_removal,sequential_insertion,16341564533912104390,15,7,7,21.520402037034142,18.860742320901956,2.659659716132186,12.358782663796042
cvrp,5,0,30,shaw_removal,greedy_insertion,17829885858113003641,15,7,7,21.520402037034142,20.986895948311236,0.5335060887229055,2.4790711985993696
cvrp,5,0,30,shaw_removal,regret_2,593252035101794451,15,7,7,21.520402037034142,21.688760853362222,-0.16835881632808025,-0.7823218917488347
cvrp,5,0,30,shaw_removal,regret_3,13507595062225168049,15,7,7,21.520402037034142,20.74014447580545,0.7802575612286908,3.625664427114127
cvrp,5,0,30,shaw_removal,greedy_with_noise,16068616202794616344,15,7,7,21.520402037034142,20.053034220174,1.4673678168601434,6.81849630102157
cvrp,5,0,30,shaw_removal,best_position_first,11950255253487876744,15,7,7,21.520402037034142,21.044831429177318,0.4755706078568238,2.2098593094981283
cvrp,5,0,30,shaw_removal,sequential_insertion,478286176163379867,15,7,7,21.520402037034142,21.0016901911341,0.518711845900043,2.410326001379526
cvrp,5,0,30,worst_removal,greedy_insertion,12507845466219157817,15,7,7,21.520402037034142,18.49801419909973,3.02238783793441,14.044290774555362
cvrp,5,0,30,worst_removal,regret_2,18078076494465894443,15,7,7,21.520402037034142,18.197716333918397,3.322685703115745,15.43970088197137
cvrp,5,0,30,worst_removal,regret_3,15136877353071848034,15,7,7,21.520402037034142,16.753705836400634,4.766696200633508,22.149661481372746
cvrp,5,0,30,worst_removal,greedy_with_noise,16704083759765195815,15,7,7,21.520402037034142,17.374890347219463,4.145511689814679,19.26317028223139
cvrp,5,0,30,worst_removal,best_position_first,5509201048088165901,15,7,7,21.520402037034142,16.59559224171565,4.924809795318492,22.884376355253305
cvrp,5,0,30,worst_removal,sequential_insertion,1862601937792347873,15,7,7,21.520402037034142,18.605933283331197,2.914468753702945,13.54281740967236
cvrp,5,0,30,route_removal,greedy_insertion,8396771637453826959,15,7,7,21.520402037034142,21.451081078905197,0.06932095812894445,0.32211739357680697
cvrp,5,0,30,route_removal,regret_2,1781009073450906749,15,7,7,21.520402037034142,21.081610817424412,0.43879121960972967,2.0389545643925255
cvrp,5,0,30,route_removal,regret_3,2435466770735993107,15,7,7,21.520402037034142,19.66689396017517,1.8535080768589722,8.612794843094926
cvrp,5,0,30,route_removal,greedy_with_noise,5642282657457876905,15,7,7,21.520402037034142,20.41906057861071,1.1013414584234305,5.1176620981715315
cvrp,5,0,30,route_removal,best_position_first,16171527758464107510,15,7,7,21.520402037034142,19.701301692306604,1.8191003447275378,8.452910598961278
cvrp,5,0,30,route_removal,sequential_insertion,5944724052298679440,15,7,7,21.520402037034142,21.48317438224252,0.03722765479162149,0.17298772916768454
cvrp,5,0,30,cluster_removal,greedy_insertion,16162211342523587421,15,7,7,21.520402037034142,21.149600796579236,0.3708012404549059,1.723021901806479
cvrp,5,0,30,cluster_removal,regret_2,4940017604260967108,15,7,7,21.520402037034142,20.03035193922278,1.4900500978113627,6.923895265744373
cvrp,5,0,30,cluster_removal,regret_3,14659258165537365114,15,7,7,21.520402037034142,19.91623258707634,1.6041694499578014,7.454179746257574
cvrp,5,0,30,cluster_removal,greedy_with_noise,9990928936439611431,15,7,7,21.520402037034142,20.913756782406725,0.6066452546274164,2.818930861902345
cvrp,5,0,30,cluster_removal,best_position_first,3439154547854861831,15,7,7,21.520402037034142,20.435402133123667,1.0849999039104752,5.041726925190872
cvrp,5,0,30,cluster_removal,sequential_insertion,9370261674398323355,15,7,7,21.520402037034142,20.334872472377633,1.185529564656509,5.5088634618272865
cvrp,5,0,30,time_oriented_removal,greedy_insertion,14788809382625249106,15,7,7,21.520402037034142,17.74883072936752,3.7715713076666226,17.525561563283908
cvrp,5,0,30,time_oriented_removal,regret_2,9746271295358061819,15,7,7,21.520402037034142,17.79687853466894,3.7235235023652002,17.30229526361749
cvrp,5,0,30,time_oriented_removal,regret_3,9799519071648543121,15,7,7,21.520402037034142,17.52546442016027,3.994937616873873,18.56348970618227
cvrp,5,0,30,time_oriented_removal,greedy_with_noise,5449112078633268055,15,7,7,21.520402037034142,18.241984949429924,3.2784170876042182,15.233995545075965
cvrp,5,0,30,time_oriented_removal,best_position_first,5977535500186483431,15,7,7,21.520402037034142,18.31153954353932,3.2088624934948236,14.91079250272713
cvrp,5,0,30,time_oriented_removal,sequential_insertion,14307589867798174149,15,7,7,21.520402037034142,17.907344731630324,3.6130573054038173,16.788986094154563
cvrp,5,1,31,random_removal,greedy_insertion,485748709788033605,15,7,7,18.41088230052051,16.136097701154927,2.2747845993655815,12.355652283439285
cvrp,5,1,31,random_removal,regret_2,2306731698620832743,15,7,7,18.41088230052051,17.564622290349263,0.8462600101712461,4.596520668362107
cvrp,5,1,31,random_removal,regret_3,3455407233958727905,15,7,7,18.41088230052051,16.748860162745604,1.6620221377749047,9.02738994604249
cvrp,5,1,31,random_removal,greedy_with_noise,15953575251762481897,15,7,7,18.41088230052051,17.160292091073703,1.2505902094468055,6.792668537191448
cvrp,5,1,31,random_removal,best_position_first,15289650420411186709,15,7,7,18.41088230052051,16.964139097041986,1.4467432034785226,7.85808729784569
cvrp,5,1,31,random_removal,sequential_insertion,8365382703388377949,15,7,7,18.41088230052051,16.195156916070708,2.215725384449801,12.034868010574149
cvrp,5,1,31,shaw_removal,greedy_insertion,14366581598110324896,15,7,7,18.41088230052051,17.412637773859945,0.9982445266605637,5.422035241800126
cvrp,5,1,31,shaw_removal,regret_2,7336434531790606679,15,7,7,18.41088230052051,16.848980141788935,1.5619021587315736,8.483581249592888
cvrp,5,1,31,shaw_removal,regret_3,13665523921660310335,15,7,7,18.41088230052051,16.674958780725955,1.7359235197945537,9.428790491727145
cvrp,5,1,31,shaw_removal,greedy_with_noise,3610211315534970242,15,7,7,18.41088230052051,16.99439097423468,1.4164913262858292,7.6937721026318355
cvrp,5,1,31,shaw_removal,best_position_first,662565714458676266,15,7,7,18.41088230052051,16.75082896929158,1.66005333122893,9.016696235041367
cvrp,5,1,31,shaw_removal,sequential_insertion,15328997129554860684,15,7,7,18.41088230052051,17.059313586070665,1.3515687144498436,7.341140377675611
cvrp,5,1,31,worst_removal,greedy_insertion,8123104980585527688,15,7,7,18.41088230052051,15.212701524806162,3.198180775714347,17.371143454781244
cvrp,5,1,31,worst_removal,regret_2,9945160569873661554,15,7,7,18.41088230052051,14.624795689350133,3.7860866111703757,20.56439528193245
cvrp,5,1,31,worst_removal,regret_3,1864008835098630261,15,7,7,18.41088230052051,15.049975574515708,3.360906726004801,18.255000880157613
cvrp,5,1,31,worst_removal,greedy_with_noise,9797498642886960236,15,7,7,18.41088230052051,16.090294416874897,2.3205878836456115,12.604436038244645
cvrp,5,1,31,worst_removal,best_position_first,10814524548651230132,15,7,7,18.41088230052051,16.414404820202016,1.996477480318493,10.844007624023803
cvrp,5,1,31,worst_removal,sequential_insertion,13031734611237487982,15,7,7,18.41088230052051,16.012488646471393,2.3983936540491158,13.027043543596543
cvrp,5,1,31,route_removal,greedy_insertion,4465711280937330029,15,7,7,18.41088230052051,18.32946645438819,0.08141584613231956,0.44221588516709914
cvrp,5,1,31,route_removal,regret_2,4640694670315297084,15,7,7,18.41088230052051,17.15777157204475,1.2531107284757574,6.80635891328429
cvrp,5,1,31,route_removal,regret_3,6867507109828926436,15,7,7,18.41088230052051,17.794824710154565,0.6160575903659442,3.3461600607186934
cvrp,5,1,31,route_removal,greedy_with_noise,13724280158299236785,15,7,7,18.41088230052051,17.90108609136771,0.5097962091527997,2.76899390714364
cvrp,5,1,31,route_removal,best_position_first,8089870732341926881,15,7,7,18.41088230052051,18.002339620517247,0.40854268000326144,2.2190282536959742
cvrp,5,1,31,route_removal,sequential_insertion,14214474615957966879,15,7,7,18.41088230052051,19.058739175535386,-0.6478568750148774,-3.518880108187761
cvrp,5,1,31,cluster_removal,greedy_insertion,14629541699974720501,15,7,7,18.41088230052051,18.069737360958108,0.3411449395624011,1.8529526939225305
cvrp,5,1,31,cluster_removal,regret_2,13830968387138294900,15,7,7,18.41088230052051,17.818984460120223,0.5918978404002857,3.2149346823185745
cvrp,5,1,31,cluster_removal,regret_3,4818380334596103970,15,7,7,18.41088230052051,18.0617731312659,0.34910916925461066,1.8962109667321088
cvrp,5,1,31,cluster_removal,greedy_with_noise,17831772914591163260,15,7,7,18.41088230052051,17.530605884910237,0.8802764156102718,4.78128316308548
cvrp,5,1,31,cluster_removal,best_position_first,7918428851001486205,15,7,7,18.41088230052051,17.56049012179598,0.8503921787245297,4.618964832013985
cvrp,5,1,31,cluster_removal,sequential_insertion,15177276539768631331,15,7,7,18.41088230052051,18.26971046703646,0.14117183348404794,0.766784726444407
cvrp,5,1,31,time_oriented_removal,greedy_insertion,13679692253873456291,15,7,7,18.41088230052051,17.765453295576396,0.6454290049441127,3.5056929614169836
cvrp,5,1,31,time_oriented_removal,regret_2,6326782521448859844,15,7,7,18.41088230052051,16.46392751525332,1.946954785267188,10.575021628442784
cvrp,5,1,31,time_oriented_removal,regret_3,9012509747677159156,15,7,7,18.41088230052051,16.399837830257987,2.0110444702625223,10.923129252777127
cvrp,5,1,31,time_oriented_removal,greedy_with_noise,9036539547140421468,15,7,7,18.41088230052051,17.765213368082012,0.6456689324384968,3.5069961444500817
cvrp,5,1,31,time_oriented_removal,best_position_first,6401229316338030033,15,7,8,18.41088230052051,17.87542776008369,0.5354545404368203,2.9083589352025894
cvrp,5,1,31,time_oriented_removal,sequential_insertion,9565155268286753275,15,7,7,18.41088230052051,17.547434370199575,0.8634479303209339,4.689878063565279
cvrp,5,2,32,random_removal,greedy_insertion,13456248621919608072,15,7,7,21.239063261461954,17.479157610606798,3.7599056508551563,17.70278474417214
cvrp,5,2,32,random_removal,regret_2,4986641908590133822,15,7,7,21.239063261461954,17.761022424305633,3.478040837156321,16.37567906992955
cvrp,5,2,32,random_removal,regret_3,9650590749275766430,15,7,7,21.239063261461954,17.858678379237077,3.3803848822248774,15.915884992717867
cvrp,5,2,32,random_removal,greedy_with_noise,3956509769040649289,15,7,7,21.239063261461954,18.763904815110713,2.475158446351241,11.653802316425079
cvrp,5,2,32,random_removal,best_position_first,14006857080698695873,15,7,7,21.239063261461954,18.039301752083166,3.1997615093787886,15.065454959045772
cvrp,5,2,32,random_removal,sequential_insertion,10679291925786393328,15,7,7,21.239063261461954,17.820846532148657,3.418216729313297,16.09400888934501
cvrp,5,2,32,shaw_removal,greedy_insertion,15862568826298968141,15,7,7,21.239063261461954,18.685123413413503,2.5539398480484508,12.02472922938436
cvrp,5,2,32,shaw_removal,regret_2,13306428453851162765,15,7,7,21.239063261461954,18.81035289597892,2.4287103654830346,11.435110558241535
cvrp,5,2,32,shaw_removal,regret_3,15139014569066335613,15,7,7,21.239063261461954,18.146722110222136,3.0923411512398182,14.559687087757949
cvrp,5,2,32,shaw_removal,greedy_with_noise,15736695436809868436,15,7,7,21.239063261461954,18.848228956380005,2.390834305081949,11.256778491827799
cvrp,5,2,32,shaw_removal,best_position_first,74716205866332010,15,7,7,21.239063261461954,19.30151297230297,1.9375502891589846,9.122578831782324
cvrp,5,2,32,shaw_removal,sequential_insertion,4273981517862589975,15,7,7,21.239063261461954,19.579509779514826,1.6595534819471283,7.813684914053482
cvrp,5,2,32,worst_removal,greedy_insertion,3776223502266398814,15,7,7,21.239063261461954,16.234730582854745,5.004332678607209,23.561927458860747
cvrp,5,2,32,worst_removal,regret_2,9919045413852077160,15,7,7,21.239063261461954,16.933016117393038,4.306047144068916,20.274185782393666
cvrp,5,2,32,worst_removal,regret_3,17641545065234610583,15,7,7,21.239063261461954,16.846920947348494,4.39214231411346,20.679548151650142
cvrp,5,2,32,worst_removal,greedy_with_noise,12639796566158790220,15,7,7,21.239063261461954,17.250939433928302,3.988123827533652,18.777305658155175
cvrp,5,2,32,worst_removal,best_position_first,8790259629894968275,15,7,7,21.239063261461954,17.350848927683423,3.8882143337785315,18.306901231532436
cvrp,5,2,32,worst_removal,sequential_insertion,15595390718860031326,15,7,7,21.239063261461954,16.388063961109545,4.8509993003524094,22.839987058913724
cvrp,5,2,32,route_removal,greedy_insertion,1794368375944589675,15,7,7,21.239063261461954,19.52886682069943,1.7101964407625232,8.05212743946978
cvrp,5,2,32,route_removal,regret_2,4493226416938958339,15,7,7,21.239063261461954,20.004021083065187,1.2350421783967676,5.814955976131668
cvrp,5,2,32,route_removal,regret_3,3744118952850328613,15,7,7,21.239063261461954,19.39035177224468,1.8487114892172727,8.70429861458033
cvrp,5,2,32,route_removal,greedy_with_noise,17901438278279240619,15,7,7,21.239063261461954,18.952113013529406,2.2869502479325483,10.767660606210418
cvrp,5,2,32,route_removal,best_position_first,13373894609367067165,15,7,7,21.239063261461954,19.011626625876758,2.227436635585196,10.487452333299723
cvrp,5,2,32,route_removal,sequential_insertion,10901750014466797279,15,7,7,21.239063261461954,19.406787196752408,1.8322760647095464,8.626915613713487
cvrp,5,2,32,cluster_removal,greedy_insertion,16698655838892983406,15,7,7,21.239063261461954,19.41397112902279,1.8250921324391634,8.593091465341473
cvrp,5,2,32,cluster_removal,regret_2,1106686059585297556,15,7,7,21.239063261461954,19.2210311725744,2.018032088887555,9.501511738275443
cvrp,5,2,32,cluster_removal,regret_3,13417477030741626177,15,7,7,21.239063261461954,19.26319174070583,1.9758715207561224,9.303006900221064
cvrp,5,2,32,cluster_removal,greedy_with_noise,9760782536891305101,15,7,7,21.239063261461954,19.87622014155887,1.3628431199030828,6.416681861746448
cvrp,5,2,32,cluster_removal,best_position_first,12887742615799388792,15,7,7,21.239063261461954,19.26914227999937,1.9699209814625824,9.274989942880307
cvrp,5,2,32,cluster_removal,sequential_insertion,11512820455607159614,15,7,7,21.239063261461954,19.302193104394835,1.9368701570671192,9.119376562061232
cvrp,5,2,32,time_oriented_removal,greedy_insertion,17373779862284399226,15,7,7,21.239063261461954,17.665301909391776,3.5737613520701785,16.82636050411286
cvrp,5,2,32,time_oriented_removal,regret_2,16140890489889012242,15,7,7,21.239063261461954,17.335461889231812,3.903601372230142,18.379348110484624
cvrp,5,2,32,time_oriented_removal,regret_3,17342801165238245077,15,7,7,21.239063261461954,17.887127285505066,3.351935975956888,15.781938848682366
cvrp,5,2,32,time_oriented_removal,greedy_with_noise,12985353029101294948,15,7,7,21.239063261461954,17.479172988441356,3.7598902730205985,17.702712340627933
cvrp,5,2,32,time_oriented_removal,best_position_first,8865162884138935489,15,7,7,21.239063261461954,17.571475417940285,3.6675878435216696,17.268124297065715
cvrp,5,2,32,time_oriented_removal,sequential_insertion,5062377342029445413,15,7,7,21.239063261461954,17.657832748574492,3.581230512887462,16.861527595642908
cvrp,5,3,33,random_removal,greedy_insertion,12484975898605521340,15,7,7,21.6812353444762,19.43813531553038,2.2431000289458183,10.345812834494692
cvrp,5,3,33,random_removal,regret_2,13323708314214723363,15,7,7,21.6812353444762,19.148132380747285,2.533102963728915,11.683388531522407
cvrp,5,3,33,random_removal,regret_3,10068358512674620821,15,7,7,21.6812353444762,19.320268685530976,2.360966658945223,10.889447125284466
cvrp,5,3,33,random_removal,greedy_with_noise,1420062766377054348,15,7,7,21.6812353444762,20.26191100533254,1.4193243391436603,6.546325966178243
cvrp,5,3,33,random_removal,best_position_first,7994329808307052918,15,7,7,21.6812353444762,19.500903635157055,2.1803317093191446,10.056307561250817
cvrp,5,3,33,random_removal,sequential_insertion,10679081799943688725,15,7,7,21.6812353444762,19.775300028250612,1.9059353162255874,8.790713656042524
cvrp,5,3,33,shaw_removal,greedy_insertion,2197083302327773070,15,7,7,21.6812353444762,20.161516686067387,1.519718658408813,7.009373009716426
cvrp,5,3,33,shaw_removal,regret_2,13920300333076437493,15,7,7,21.6812353444762,19.707129699808668,1.9741056446675316,9.1051345244056
cvrp,5,3,33,shaw_removal,regret_3,4017950124087344709,15,7,7,21.6812353444762,19.722689778450963,1.9585455660252364,9.033367033323687
cvrp,5,3,33,shaw_removal,greedy_with_noise,13266794458863474278,15,7,7,21.6812353444762,20.39501803444945,1.2862173100267498,5.93239863684448
cvrp,5,3,33,shaw_removal,best_position_first,14967391582907380120,15,7,7,21.6812353444762,20.131232959715348,1.5500023847608517,7.149050135446968
cvrp,5,3,33,shaw_removal,sequential_insertion,16126628007633988405,15,7,7,21.6812353444762,20.069328362855067,1.6119069816211322,7.434571674587736
cvrp,5,3,33,worst_removal,greedy_insertion,13548053945601506361,15,7,7,21.6812353444762,16.12568650305139,5.555548841424809,25.623765219818136
cvrp,5,3,33,worst_removal,regret_2,595353459004954324,15,7,7,21.6812353444762,16.175878621242905,5.5053567232332945,25.39226495060353
cvrp,5,3,33,worst_removal,regret_3,17258912419239472927,15,7,7,21.6812353444762,16.20954311563613,5.47169222884007,25.236994764849094
cvrp,5,3,33,worst_removal,greedy_with_noise,2913138822305286724,15,7,7,21.6812353444762,16.39703782636227,5.284197518113931,24.372216039157582
cvrp,5,3,33,worst_removal,best_position_first,7254501763270340209,15,7,7,21.6812353444762,16.212929760329622,5.468305584146577,25.221374600039827
cvrp,5,3,33,worst_removal,sequential_insertion,10655026052203598823,15,7,7,21.6812353444762,16.609013296697007,5.072222047779192,23.394525114416318
cvrp,5,3,33,route_removal,greedy_insertion,938429383542547984,15,7,7,21.6812353444762,19.96657993177193,1.7146554127042712,7.908476548782631
cvrp,5,3,33,route_removal,regret_2,15254032234448184968,15,7,7,21.6812353444762,20.990805700534764,0.6904296439414352,3.184457126043504
cvrp,5,3,33,route_removal,regret_3,355553131246061958,15,7,7,21.6812353444762,20.902873629484393,0.7783617149918065,3.5900247500893085
cvrp,5,3,33,route_removal,greedy_with_noise,7112513790584618150,15,7,8,21.6812353444762,21.039364856539933,0.6418704879362664,2.960488541072905
cvrp,5,3,33,route_removal,best_position_first,2288838664718156567,15,7,7,21.6812353444762,19.96657993177193,1.7146554127042712,7.908476548782631
cvrp,5,3,33,route_removal,sequential_insertion,4173662767312414619,15,7,7,21.6812353444762,21.704680496439227,-0.023445151963027655,-0.10813568318652496
cvrp,5,3,33,cluster_removal,greedy_insertion,4959288556086799490,15,7,7,21.6812353444762,20.37646900430868,1.304766340167518,6.017952019048295
cvrp,5,3,33,cluster_removal,regret_2,2654878074472496324,15,7,7,21.6812353444762,20.268431972870935,1.4128033716052641,6.516249416411638
cvrp,5,3,33,cluster_removal,regret_3,13930685002669640549,15,7,7,21.6812353444762,20.234491340974163,1.4467440035020367,6.672793226565978
cvrp,5,3,33,cluster_removal,greedy_with_noise,14025551790173111181,15,7,7,21.6812353444762,18.976050486719178,2.705184857757022,12.477078979940277
cvrp,5,3,33,cluster_removal,best_position_first,7056246426282172659,15,7,7,21.6812353444762,20.075599726300993,1.6056356181752065,7.405646369611866
cvrp,5,3,33,cluster_removal,sequential_insertion,11555397926384021063,15,7,7,21.6812353444762,20.427106300864224,1.2541290436119752,5.784398461093656
cvrp,5,3,33,time_oriented_removal,greedy_insertion,337182745725139949,15,7,7,21.6812353444762,17.224842259321854,4.456393085154346,20.5541474660009
cvrp,5,3,33,time_oriented_removal,regret_2,1861233529839107987,15,7,7,21.6812353444762,17.088454422006446,4.592780922469753,21.18320681224408
cvrp,5,3,33,time_oriented_removal,regret_3,3788368757102468585,15,7,7,21.6812353444762,16.98663889732592,4.694596447150278,21.652808857804942
cvrp,5,3,33,time_oriented_removal,greedy_with_noise,15572001374207401048,15,7,7,21.6812353444762,17.81710388111024,3.864131463365961,17.822469070474064
cvrp,5,3,33,time_oriented_removal,best_position_first,9084498271456343706,15,7,7,21.6812353444762,17.15134389764417,4.529891446832028,20.893142733152075
cvrp,5,3,33,time_oriented_removal,sequential_insertion,8449554135184330945,15,7,7,21.6812353444762,17.173986218676106,4.507249125800094,20.788709933672763
cvrp,5,4,34,random_removal,greedy_insertion,17064583385337491641,15,7,7,21.826895881308776,20.443647123638627,1.3832487576701489,6.3373590325992195
cvrp,5,4,34,random_removal,regret_2,649748830064167977,15,7,7,21.826895881308776,19.51132471209181,2.315571169216966,10.608797429596391
cvrp,5,4,34,random_removal,regret_3,16876787507111529227,15,7,7,21.826895881308776,20.02727645081224,1.7996194304965343,8.244962729847531
cvrp,5,4,34,random_removal,greedy_with_noise,8555886575995134513,15,7,7,21.826895881308776,20.08754316288393,1.739352718424847,7.968850577210673
cvrp,5,4,34,random_removal,best_position_first,893847394439386384,15,7,7,21.826895881308776,19.868999802261904,1.957896079046872,8.970107750060306
cvrp,5,4,34,random_removal,sequential_insertion,4754490145652359325,15,7,7,21.826895881308776,20.732435704515638,1.0944601767931381,5.014273136888728
cvrp,5,4,34,shaw_removal,greedy_insertion,8749909394472605498,15,7,7,21.826895881308776,19.857475986318036,1.9694198949907396,9.022904153206827
cvrp,5,4,34,shaw_removal,regret_2,9844016326940968586,15,7,7,21.826895881308776,20.5790283389919,1.2478675423168752,5.717109519844611
cvrp,5,4,34,shaw_removal,regret_3,6828063402679327470,15,7,7,21.826895881308776,20.01208349113117,1.8148123901776074,8.314569327889187
cvrp,5,4,34,shaw_removal,greedy_with_noise,6218281223698169783,15,7,7,21.826895881308776,20.213002484022407,1.6138933972863683,7.394058257584892
cvrp,5,4,34,shaw_removal,best_position_first,6601669464181734067,15,7,7,21.826895881308776,19.887768699318823,1.939127181989953,8.884117982394846
cvrp,5,4,34,shaw_removal,sequential_insertion,1881015484863444565,15,7,7,21.826895881308776,20.87045619955121,0.9564396817575656,4.381931755016994
cvrp,5,4,34,worst_removal,greedy_insertion,18255976987593478063,15,7,7,21.826895881308776,17.622683028758118,4.204212852550658,19.26161592290771
cvrp,5,4,34,worst_removal,regret_2,6664968828938164192,15,7,7,21.826895881308776,17.04771058723572,4.779185294073056,21.895854179455995
cvrp,5,4,34,worst_removal,regret_3,4064264163959912992,15,7,7,21.826895881308776,17.501093866451598,4.325802014857178,19.818677096277035
cvrp,5,4,34,worst_removal,greedy_with_noise,15476684923169939086,15,7,7,21.826895881308776,18.494416868019233,3.332479013289543,15.267764282246269
cvrp,5,4,34,worst_removal,best_position_first,1956615834010634479,15,7,7,21.826895881308776,18.142559717454766,3.6843361638540095,16.87979905108289
cvrp,5,4,34,worst_removal,sequential_insertion,7865322553940585159,15,7,7,21.826895881308776,17.777190033664095,4.049705847644681,18.553741538267026
cvrp,5,4,34,route_removal,greedy_insertion,16815187109332649138,15,7,7,21.826895881308776,20.91029261854693,0.9166032627618463,4.199421061731318
cvrp,5,4,34,route_removal,regret_2,15583201444700059958,15,7,7,21.826895881308776,21.05742374945189,0.7694721318568867,3.525339269684315
cvrp,5,4,34,route_removal,regret_3,14304650633573506987,15,7,7,21.826895881308776,20.49035348577059,1.336542395538185,6.123373670750492
cvrp,5,4,34,route_removal,greedy_with_noise,4632508387476375067,15,7,7,21.826895881308776,21.070272209051346,0.7566236722574295,3.4664740069858304
cvrp,5,4,34,route_removal,best_position_first,11407056211738651054,15,7,7,21.826895881308776,20.334332294449855,1.492563586858921,6.838185305758762
cvrp,5,4,34,route_removal,sequential_insertion,985285194121999861,15,7,7,21.826895881308776,20.152156807224205,1.6747390740845702,7.672822939145986
cvrp,5,4,34,cluster_removal,greedy_insertion,228046235798106443,15,7,7,21.826895881308776,20.111646160977536,1.71524972033124,7.858422606945569
cvrp,5,4,34,cluster_removal,regret_2,1809898014770523322,15,7,7,21.826895881308776,19.624329930107688,2.2025659512010876,10.091063627087857
cvrp,5,4,34,cluster_removal,regret_3,4987062815876469384,15,7,7,21.826895881308776,19.943604335980332,1.8832915453284436,8.62830681728399
cvrp,5,4,34,cluster_removal,greedy_with_noise,17841910343183382480,15,7,7,21.826895881308776,20.788222996812692,1.0386728844960835,4.7586834616531055
cvrp,5,4,34,cluster_removal,best_position_first,6253188675124521937,15,7,7,21.826895881308776,20.59033726527004,1.2365586160387352,5.665297634454969
cvrp,5,4,34,cluster_removal,sequential_insertion,16088276528683424951,15,7,7,21.826895881308776,20.630564182528932,1.1963316987798436,5.480997872007578
cvrp,5,4,34,time_oriented_removal,greedy_insertion,16680233297565131805,15,7,7,21.826895881308776,17.76230609878055,4.064589782528227,18.621932338115446
cvrp,5,4,34,time_oriented_removal,regret_2,7582334755545181995,15,7,7,21.826895881308776,17.320900119202356,4.505995762106419,20.644235381014852
cvrp,5,4,34,time_oriented_removal,regret_3,14793014730715467393,15,7,7,21.826895881308776,17.246143397677443,4.580752483631333,20.986733562760108
cvrp,5,4,34,time_oriented_removal,greedy_with_noise,7011936598734802821,15,7,7,21.826895881308776,17.405151590974782,4.421744290333994,20.25823696772433
cvrp,5,4,34,time_oriented_removal,best_position_first,1858698012119482305,15,7,7,21.826895881308776,17.58294037841602,4.2439555028927565,19.443697014778092
cvrp,5,4,34,time_oriented_removal,sequential_insertion,5960308148031275611,15,7,7,21.826895881308776,17.721776702378815,4.105119178929961,18.807617909816184
cvrp,5,5,35,random_removal,greedy_insertion,1996957743724481644,15,7,7,24.09001729819297,21.478081190375896,2.6119361078170726,10.842400300032155
cvrp,5,5,35,random_removal,regret_2,13544388512183429204,15,7,7,24.09001729819297,21.26048837619455,2.829528921998417,11.745649191421148
cvrp,5,5,35,random_removal,regret_3,9502007985633803688,15,7,7,24.09001729819297,20.956891536561567,3.133125761631401,13.005909140075305
cvrp,5,5,35,random_removal,greedy_with_noise,3399836801797953111,15,7,7,24.09001729819297,21.33548704904968,2.75453024914329,11.434322420971908
cvrp,5,5,35,random_removal,best_position_first,12375194608498309724,15,7,7,24.09001729819297,21.40522522432233,2.6847920738706392,11.144832486575382
cvrp,5,5,35,random_removal,sequential_insertion,16404230424742175742,15,7,7,24.09001729819297,21.009289449313876,3.080727848879093,12.788400318459644
cvrp,5,5,35,shaw_removal,greedy_insertion,2095971781854044665,15,7,7,24.09001729819297,18.911787452941592,5.178229845251376,21.495334690522633
cvrp,5,5,35,shaw_removal,regret_2,8803219347106634326,15,7,7,24.09001729819297,18.941575268507624,5.148442029685345,21.371682576880254
cvrp,5,5,35,shaw_removal,regret_3,9910758597751191816,15,7,7,24.09001729819297,18.101912341061176,5.988104957131792,24.857204887025837
cvrp,5,5,35,shaw_removal,greedy_with_noise,16841964743971616127,15,7,7,24.09001729819297,19.679690788697645,4.410326509495324,18.307693410523825
cvrp,5,5,35,shaw_removal,best_position_first,6110000140861892449,15,7,7,24.09001729819297,20.269763962262175,3.8202533359307935,15.858242394111345
cvrp,5,5,35,shaw_removal,sequential_insertion,15146309083056850334,15,7,7,24.09001729819297,19.42075599242557,4.6692613057673995,19.382556882255326
cvrp,5,5,35,worst_removal,greedy_insertion,14237538485784617261,15,7,7,24.09001729819297,19.388536859981375,4.701480438211593,19.516301628244406
cvrp,5,5,35,worst_removal,regret_2,6791581869688817632,15,7,7,24.09001729819297,19.207351826512916,4.882665471680053,20.268418288127627
cvrp,5,5,35,worst_removal,regret_3,16285727559315321405,15,7,7,24.09001729819297,18.911436464855854,5.178580833337115,21.496791676133704
cvrp,5,5,35,worst_removal,greedy_with_noise,1147316857302050972,15,7,7,24.09001729819297,19.69531866631333,4.394698631879638,18.242820573687556
cvrp,5,5,35,worst_removal,best_position_first,1703167759152431961,15,7,7,24.09001729819297,19.895498552762845,4.194518745430123,17.41185443542525
cvrp,5,5,35,worst_removal,sequential_insertion,17832215357313113089,15,7,7,24.09001729819297,19.383159734572086,4.706857563620883,19.538622597726203
cvrp,5,5,35,route_removal,greedy_insertion,17117683719313918395,15,7,7,24.09001729819297,22.467212953147325,1.622804345045644,6.736418346894974
cvrp,5,5,35,route_removal,regret_2,9990487896437467698,15,7,7,24.09001729819297,21.99294969783861,2.0970676003543574,8.705131152029773
cvrp,5,5,35,route_removal,regret_3,5502587294370398067,15,7,7,24.09001729819297,22.05605995545286,2.033957342740109,8.44315434714395
cvrp,5,5,35,route_removal,greedy_with_noise,12887373862614847562,15,7,7,24.09001729819297,21.505206075294332,2.5848112228986366,10.729802269973993
cvrp,5,5,35,route_removal,best_position_first,2870458631011393820,15,7,7,24.09001729819297,21.985787344640215,2.1042299535527533,8.734862775339705
cvrp,5,5,35,route_removal,sequential_insertion,5635076707448861883,15,7,7,24.09001729819297,23.38325548087074,0.7067618173222279,2.933836902538228
cvrp,5,5,35,cluster_removal,greedy_insertion,5151625433163240587,15,7,7,24.09001729819297,22.458141197945018,1.6318761002479505,6.774076083251132
cvrp,5,5,35,cluster_removal,regret_2,11449207142344955907,15,7,7,24.09001729819297,22.343350141361334,1.7466671568316343,7.250584900836309
cvrp,5,5,35,cluster_removal,regret_3,11291306298985007487,15,7,7,24.09001729819297,22.177438139228073,1.9125791589648955,7.939301725235213
cvrp,5,5,35,cluster_removal,greedy_with_noise,6768412356971435883,15,7,7,24.09001729819297,22.72507835727997,1.3649389409129995,5.665994025730258
cvrp,5,5,35,cluster_removal,best_position_first,5725109093563399076,15,7,7,24.09001729819297,22.6611823609269,1.4288349372660676,5.9312325083853175
cvrp,5,5,35,cluster_removal,sequential_insertion,9406850702658518717,15,7,7,24.09001729819297,22.355551599252866,1.7344656989401024,7.199935464845877
cvrp,5,5,35,time_oriented_removal,greedy_insertion,4946537570292390680,15,7,7,24.09001729819297,19.158569432359865,4.931447865833103,20.470918741112815
cvrp,5,5,35,time_oriented_removal,regret_2,6283405903071823031,15,7,7,24.09001729819297,19.11706464975892,4.972952648434049,20.64320912217476
cvrp,5,5,35,time_oriented_removal,regret_3,10357690242942867,15,7,7,24.09001729819297,18.763757779294874,5.326259518898095,22.109820233701644
cvrp,5,5,35,time_oriented_removal,greedy_with_noise,13771402080484331524,15,7,8,24.09001729819297,19.617523745475218,4.472493552717751,18.5657548409201
cvrp,5,5,35,time_oriented_removal,best_position_first,13836453732034404939,15,7,7,24.09001729819297,19.31157339929418,4.778443898898789,19.83578442368835
cvrp,5,5,35,time_oriented_removal,sequential_insertion,5075021260707061409,15,7,7,24.09001729819297,18.639508096253937,5.450509201939031,22.625592727772275
cvrp,6,0,36,random_removal,greedy_insertion,6149562493170508877,15,7,7,20.952082628247716,17.61889075715781,3.3331918710899053,15.908642258770389
cvrp,6,0,36,random_removal,regret_2,5996887762959376438,15,7,7,20.952082628247716,18.429410476675784,2.522672151571932,12.040197608665647
cvrp,6,0,36,random_removal,regret_3,337960303125621521,15,7,7,20.952082628247716,17.818481905995725,3.133600722251991,14.956034575900599
cvrp,6,0,36,random_removal,greedy_with_noise,7358620086271385279,15,7,7,20.952082628247716,17.946506213596585,3.005576414651131,14.3450007714221
cvrp,6,0,36,random_removal,best_position_first,8598263789909767003,15,7,7,20.952082628247716,18.662043712780168,2.290038915467548,10.92988680934326
cvrp,6,0,36,random_removal,sequential_insertion,9334218727364961758,15,7,7,20.952082628247716,18.517516802505646,2.4345658257420695,11.61968415712419
cvrp,6,0,36,shaw_removal,greedy_insertion,2894941807376463442,15,7,7,20.952082628247716,19.504340370425805,1.4477422578219112,6.909777340559248
cvrp,6,0,36,shaw_removal,regret_2,12621515192668165990,15,7,7,20.952082628247716,19.27519735308382,1.6768852751638974,8.003430040425247
cvrp,6,0,36,shaw_removal,regret_3,7844908551828352641,15,7,7,20.952082628247716,18.864145233655556,2.08793739459216,9.965297634790687
cvrp,6,0,36,shaw_removal,greedy_with_noise,16202470569739719656,15,7,7,20.952082628247716,18.963143591154683,1.9889390370930329,9.492798746467017
cvrp,6,0,36,shaw_removal,best_position_first,17883158060626585960,15,7,7,20.952082628247716,18.73163850140272,2.2204441268449955,10.59772513426126
cvrp,6,0,36,shaw_removal,sequential_insertion,533715920173825863,15,7,7,20.952082628247716,18.826523120494695,2.125559507753021,10.144860276979482
cvrp,6,0,36,worst_removal,greedy_insertion,13437729853714865574,15,7,7,20.952082628247716,18.01208662610777,2.939996002139946,14.031998891490753
cvrp,6,0,36,worst_removal,regret_2,10168267813761923520,15,7,7,20.952082628247716,17.376568231225804,3.5755143970219123,17.06519805435181
cvrp,6,0,36,worst_removal,regret_3,8903629169912011191,15,7,7,20.952082628247716,16.8289447400998,4.123137888147916,19.67889283993696
cvrp,6,0,36,worst_removal,greedy_with_noise,15789455160094869831,15,7,7,20.952082628247716,17.623740427657562,3.3283422005901535,15.885495774548273
cvrp,6,0,36,worst_removal,best_position_first,9920355798648329727,15,7,7,20.952082628247716,18.163292246538035,2.7887903817096813,13.310325427744438
cvrp,6,0,36,worst_removal,sequential_insertion,830057615232362920,15,7,7,20.952082628247716,17.451556907255046,3.5005257209926697,16.707292459190864
cvrp,6,0,36,route_removal,greedy_insertion,13618191307117844962,15,7,7,20.952082628247716,20.586607230373968,0.36547539787374816,1.7443392351890221
cvrp,6,0,36,route_removal,regret_2,2777975509165188375,15,7,7,20.952082628247716,20.288965036321915,0.6631175919258006,3.1649244788285706
cvrp,6,0,36,route_removal,regret_3,17616305477391277598,15,7,7,20.952082628247716,20.13711952685695,0.8149631013907666,3.8896520019066205
cvrp,6,0,36,route_removal,greedy_with_noise,3464689134146698034,15,7,7,20.952082628247716,19.95050868446182,1.0015739437858961,4.78030734011887
cvrp,6,0,36,route_removal,best_position_first,18391834391958026348,15,7,7,20.952082628247716,19.939659929009746,1.0124226992379697,4.832086228378155
cvrp,6,0,36,route_removal,sequential_insertion,13635175460632098233,15,7,7,20.952082628247716,20.807883478650815,0.1441991495969006,0.6882330131826155
cvrp,6,0,36,cluster_removal,greedy_insertion,15242134671591527629,15,7,7,20.952082628247716,19.297602121449344,1.6544805067983717,7.896496668869527
cvrp,6,0,36,cluster_removal,regret_2,13798910639481684752,15,7,7,20.952082628247716,18.8714648881708,2.0806177400769172,9.930362422644404
cvrp,6,0,36,cluster_removal,regret_3,5772812804836515067,15,7,7,20.952082628247716,18.86804896288445,2.0840336653632647,9.946665934552772
cvrp,6,0,36,cluster_removal,greedy_with_noise,9056170969048477598,15,7,7,20.952082628247716,18.841491373116703,2.1105912551310126,10.073419872282775
cvrp,6,0,36,cluster_removal,best_position_first,1578732967811790808,15,7,7,20.952082628247716,18.871804569654827,2.0802780585928886,9.928741192478146
cvrp,6,0,36,cluster_removal,sequential_insertion,17098397711106046424,15,7,7,20.952082628247716,18.867925172981316,2.0841574552664,9.94725675841182
cvrp,6,0,36,time_oriented_removal,greedy_insertion,17335412279366872415,15,7,7,20.952082628247716,18.269103045607434,2.6829795826402822,12.805312150798194
cvrp,6,0,36,time_oriented_removal,regret_2,18297346037496883322,15,7,7,20.952082628247716,17.997760549780704,2.954322078467012,14.100374320230955
cvrp,6,0,36,time_oriented_removal,regret_3,16042749685151414090,15,7,7,20.952082628247716,17.997760549780704,2.954322078467012,14.100374320230955
cvrp,6,0,36,time_oriented_removal,greedy_with_noise,8450659353054433883,15,7,7,20.952082628247716,18.645223378193357,2.3068592500543588,11.010166822004788
cvrp,6,0,36,time_oriented_removal,best_position_first,1304605040451874824,15,7,7,20.952082628247716,18.43467779839522,2.517404829852495,12.015057760694948
cvrp,6,0,36,time_oriented_removal,sequential_insertion,14792077794596923152,15,7,7,20.952082628247716,18.811412082814506,2.14067054543321,10.216982165520603
cvrp,6,1,37,random_removal,greedy_insertion,5914278533897635015,15,7,7,22.124915718204925,18.89562111586489,3.2292946023400333,14.59573741870976
cvrp,6,1,37,random_removal,regret_2,13520119053123319500,15,7,7,22.124915718204925,18.893571383955706,3.2313443342492185,14.605001779014186
cvrp,6,1,37,random_removal,regret_3,2028808228752208535,15,7,7,22.124915718204925,18.895465379471194,3.2294503387337308,14.59644131469599
cvrp,6,1,37,random_removal,greedy_with_noise,6322017177960034388,15,7,7,22.124915718204925,19.22328267650332,2.9016330417016043,13.11477557093729
cvrp,6,1,37,random_removal,best_position_first,13364222576045083227,15,7,7,22.124915718204925,19.1076255446751,3.017290173529826,13.637521660916999
cvrp,6,1,37,random_removal,sequential_insertion,3516297109372467924,15,7,7,22.124915718204925,18.89562111586489,3.2292946023400333,14.59573741870976
cvrp,6,1,37,shaw_removal,greedy_insertion,431378795090428693,15,7,7,22.124915718204925,19.10549333458379,3.0194223836211336,13.647158805385544
cvrp,6,1,37,shaw_removal,regret_2,886733322587871008,15,7,7,22.124915718204925,20.237617276131015,1.8872984420739094,8.530194944521275
cvrp,6,1,37,shaw_removal,regret_3,6495316914351616227,15,7,7,22.124915718204925,20.541660187549088,1.583255530655837,7.155984460329922
cvrp,6,1,37,shaw_removal,greedy_with_noise,17230158114774433337,15,7,7,22.124915718204925,20.104276345679022,2.0206393725259026,9.132868112411705
cvrp,6,1,37,shaw_removal,best_position_first,15793864776065049880,15,7,7,22.124915718204925,20.150504163078786,1.9744115551261388,8.923928028803944
cvrp,6,1,37,shaw_removal,sequential_insertion,1538367144197616972,15,7,7,22.124915718204925,20.605017143226462,1.5198985749784626,6.869624247778954
cvrp,6,1,37,worst_removal,greedy_insertion,11348706565463478882,15,7,7,22.124915718204925,17.44836487252907,4.676550845675855,21.137033493094275
cvrp,6,1,37,worst_removal,regret_2,1759603556044651086,15,7,7,22.124915718204925,16.867961426590554,5.25695429161437,23.760335897184092
cvrp,6,1,37,worst_removal,regret_3,4478541885351029263,15,7,7,22.124915718204925,17.113019504483095,5.01189621372183,22.652724546190782
cvrp,6,1,37,worst_removal,greedy_with_noise,7021649523828232987,15,7,7,22.124915718204925,17.369998363331025,4.7549173548739,21.49123375399544
cvrp,6,1,37,worst_removal,best_position_first,17397809335016572716,15,7,7,22.124915718204925,17.979422154171004,4.14549356403392,18.736765449564658
cvrp,6,1,37,worst_removal,sequential_insertion,2823612263638255778,15,7,7,22.124915718204925,17.659358624138836,4.465557094066089,20.183385785247165
cvrp,6,1,37,route_removal,greedy_insertion,10229353491094892836,15,7,7,22.124915718204925,21.201557051368237,0.9233586668366875,4.1733884033597715
cvrp,6,1,37,route_removal,regret_2,7310488927111110987,15,7,7,22.124915718204925,21.17470657243399,0.9502091457709341,4.2947469625345445
cvrp,6,1,37,route_removal,regret_3,6790891946571494938,15,7,7,22.124915718204925,20.35795930160678,1.7669564165981448,7.9862741133257735
cvrp,6,1,37,route_removal,greedy_with_noise,10192913343027567585,15,7,7,22.124915718204925,21.01500249720788,1.1099132209970435,5.01657604093732
cvrp,6,1,37,route_removal,best_position_first,17014108314075606443,15,7,7,22.124915718204925,20.565710465145926,1.5592052530589982,7.047282226598702
cvrp,6,1,37,route_removal,sequential_insertion,10831154208854073825,15,7,7,22.124915718204925,20.640631160155788,1.4842845580491364,6.708656326441193
cvrp,6,1,37,cluster_removal,greedy_insertion,5314329076989130987,15,7,7,22.124915718204925,20.22982632998212,1.8950893882228037,8.565408394588719
cvrp,6,1,37,cluster_removal,regret_2,13970848348046335938,15,7,7,22.124915718204925,20.723897588594426,1.4010181296104989,6.332309453534807
cvrp,6,1,37,cluster_removal,regret_3,1921901539968717166,15,7,7,22.124915718204925,18.569946696014142,3.5549690221907824,16.06771780497978
cvrp,6,1,37,cluster_removal,greedy_with_noise,10977314411596234955,15,7,7,22.124915718204925,19.422533274102847,2.702382444102078,12.214204467583537
cvrp,6,1,37,cluster_removal,best_position_first,10279703858782046226,15,7,7,22.124915718204925,18.919352047504685,3.20556367070024,14.48847856203413
cvrp,6,1,37,cluster_removal,sequential_insertion,12953298558657323813,15,7,7,22.124915718204925,20.315539767446786,1.8093759507581382,8.178001551749817
cvrp,6,1,37,time_oriented_removal,greedy_insertion,12236503454009948464,15,7,7,22.124915718204925,19.766639772438978,2.3582759457659463,10.658914934647633
cvrp,6,1,37,time_oriented_removal,regret_2,7361424750243902110,15,7,7,22.124915718204925,19.674819487118754,2.450096231086171,11.073923454859408
cvrp,6,1,37,time_oriented_removal,regret_3,13509903135973152108,15,7,7,22.124915718204925,19.603116119573762,2.521799598631162,11.398007706561176
cvrp,6,1,37,time_oriented_removal,greedy_with_noise,3649525685365752602,15,7,7,22.124915718204925,19.791019456334027,2.3338962618708976,10.548723853219068
cvrp,6,1,37,time_oriented_removal,best_position_first,1677425312515251495,15,7,7,22.124915718204925,20.193875106393186,1.9310406118117385,8.727900419628856
cvrp,6,1,37,time_oriented_removal,sequential_insertion,10954736110185410356,15,7,7,22.124915718204925,19.875050918724543,2.249864799480381,10.168919186567281
cvrp,6,2,38,random_removal,greedy_insertion,7413856729927958166,15,8,8,21.466726522706306,19.99452209871878,1.4722044239875274,6.858076020255401
cvrp,6,2,38,random_removal,regret_2,10687308297210835181,15,8,8,21.466726522706306,19.97998367520768,1.4867428474986255,6.925801406777283
cvrp,6,2,38,random_removal,regret_3,13492361686786076835,15,8,8,21.466726522706306,19.687976577140766,1.77874994556554,8.286079126615217
cvrp,6,2,38,random_removal,greedy_with_noise,8271992015260648431,15,8,8,21.466726522706306,20.366048695053923,1.1006778276523832,5.127366887951675
cvrp,6,2,38,random_removal,best_position_first,11176380651334982730,15,8,8,21.466726522706306,20.570146001087902,0.8965805216184037,4.1766056909983496
cvrp,6,2,38,random_removal,sequential_insertion,13305500462361085816,15,8,8,21.466726522706306,20.83898269745908,0.6277438252472258,2.9242643240609296
cvrp,6,2,38,shaw_removal,greedy_insertion,10000438739055290925,15,8,8,21.466726522706306,20.316016147540985,1.1507103751653212,5.360437111583659
cvrp,6,2,38,shaw_removal,regret_2,13421047617125798516,15,8,8,21.466726522706306,19.531321763061452,1.9354047596448538,9.015835542497319
cvrp,6,2,38,shaw_removal,regret_3,17903826563624297342,15,8,8,21.466726522706306,19.506956546980543,1.959769975725763,9.129337785399313
cvrp,6,2,38,shaw_removal,greedy_with_noise,12194054563422932543,15,8,8,21.466726522706306,20.366574964868537,1.1001515578377692,5.124915327328041
cvrp,6,2,38,shaw_removal,best_position_first,5191527169342598199,15,8,8,21.466726522706306,20.23969475733378,1.2270317653725265,5.715970546672035
cvrp,6,2,38,shaw_removal,sequential_insertion,186056697606061573,15,8,8,21.466726522706306,20.134410994357783,1.3323155283485235,6.206421491135476
cvrp,6,2,38,worst_removal,greedy_insertion,12321872592815041269,15,8,7,21.466726522706306,17.99222502507604,3.4745014976302677,16.18552085226005
cvrp,6,2,38,worst_removal,regret_2,9904461281223972913,15,8,7,21.466726522706306,17.89184902222554,3.574877500480767,16.65310962386119
cvrp,6,2,38,worst_removal,regret_3,6495351397526500355,15,8,7,21.466726522706306,17.114957051530208,4.351769471176098,20.27216150805778
cvrp,6,2,38,worst_removal,greedy_with_noise,1783392861868271396,15,8,7,21.466726522706306,19.2773478333215,2.1893786893848066,10.198940611969897
cvrp,6,2,38,worst_removal,best_position_first,9399812994875339936,15,8,7,21.466726522706306,18.35827806789805,3.108448454808258,14.480309568952277
cvrp,6,2,38,worst_removal,sequential_insertion,12424778119353177048,15,8,7,21.466726522706306,18.166863689948414,3.299862832757892,15.371988967519018
cvrp,6,2,38,route_removal,greedy_insertion,4480959400277546192,15,8,7,21.466726522706306,21.72914512461485,-0.2624186019085428,-1.2224434947311182
cvrp,6,2,38,route_removal,regret_2,10542829453217565659,15,8,7,21.466726522706306,20.685482461246842,0.7812440614594642,3.639325542406793
cvrp,6,2,38,route_removal,regret_3,4566337933959222664,15,8,7,21.466726522706306,20.425306397023558,1.0414201256827482,4.8513224621424795
cvrp,6,2,38,route_removal,greedy_with_noise,14172990653345070918,15,8,7,21.466726522706306,20.187889780039608,1.278836742666698,5.957297407753417
cvrp,6,2,38,route_removal,best_position_first,3305564347328349818,15,8,7,21.466726522706306,19.994796830221464,1.4719296924848422,6.856796218687172
cvrp,6,2,38,route_removal,sequential_insertion,10187912420022058751,15,8,7,21.466726522706306,20.588299732047137,0.8784267906591694,4.092038857112278
cvrp,6,2,38,cluster_removal,greedy_insertion,16831059043063039290,15,8,8,21.466726522706306,19.94856040483221,1.5181661178740953,7.072182692914375
cvrp,6,2,38,cluster_removal,regret_2,18094697442764276629,15,8,8,21.466726522706306,19.92570455453185,1.541021968174455,7.178653748369356
cvrp,6,2,38,cluster_removal,regret_3,12635611983234645232,15,8,8,21.466726522706306,19.72535157393497,1.7413749487713375,8.111972484157787
cvrp,6,2,38,cluster_removal,greedy_with_noise,16330551908752856340,15,8,8,21.466726522706306,19.704128132033787,1.7625983906725189,8.210839173863517
cvrp,6,2,38,cluster_removal,best_position_first,11500738064433806803,15,8,8,21.466726522706306,19.71266174832812,1.754064774378186,8.17108641377079
cvrp,6,2,38,cluster_removal,sequential_insertion,13227104338737771582,15,8,8,21.466726522706306,19.911955349938548,1.554771172767758,7.242702659500543
cvrp,6,2,38,time_oriented_removal,greedy_insertion,12169808842750867066,15,8,8,21.466726522706306,18.989733211489728,2.476993311216578,11.53875654304606
cvrp,6,2,38,time_oriented_removal,regret_2,10875857763459760584,15,8,8,21.466726522706306,18.99864749499782,2.4680790277084874,11.497230493423816
cvrp,6,2,38,time_oriented_removal,regret_3,6228588875344905969,15,8,8,21.466726522706306,18.94337973831403,2.5233467843922774,11.754688269416494
cvrp,6,2,38,time_oriented_removal,greedy_with_noise,3752765441799185526,15,8,8,21.466726522706306,19.29840494446383,2.1683215782424767,10.100848752831258
cvrp,6,2,38,time_oriented_removal,best_position_first,14530475041551510463,15,8,8,21.466726522706306,19.211729602267404,2.254996920438902,10.504614749033543
cvrp,6,2,38,time_oriented_removal,sequential_insertion,2363594993023046447,15,8,8,21.466726522706306,19.169220300589537,2.2975062221167697,10.702638894135049
cvrp,6,3,39,random_removal,greedy_insertion,18067083012000496973,15,7,7,20.278461471123972,18.72492501622964,1.5535364548943313,7.661017366167195
cvrp,6,3,39,random_removal,regret_2,6400637661360919789,15,7,7,20.278461471123972,18.213607293128426,2.064854177995546,10.182499204566614
cvrp,6,3,39,random_removal,regret_3,10361188517563493658,15,7,7,20.278461471123972,18.213607293128426,2.064854177995546,10.182499204566614
cvrp,6,3,39,random_removal,greedy_with_noise,370844160413303118,15,7,7,20.278461471123972,18.798668594257318,1.4797928768666537,7.2973626671522505
cvrp,6,3,39,random_removal,best_position_first,3905996240364809781,15,7,7,20.278461471123972,19.141707374663433,1.136754096460539,5.605721608018679
cvrp,6,3,39,random_removal,sequential_insertion,5879423772598955380,15,7,7,20.278461471123972,18.318925292268354,1.9595361788556183,9.663140281356894
cvrp,6,3,39,shaw_removal,greedy_insertion,16978733070472709705,15,7,7,20.278461471123972,19.69464306720195,0.5838184039220202,2.879007387978438
cvrp,6,3,39,shaw_removal,regret_2,11842871092465185399,15,7,7,20.278461471123972,18.863694454726573,1.4147670163973984,6.9766980025185426
cvrp,6,3,39,shaw_removal,regret_3,1840383898351264524,15,7,7,20.278461471123972,18.685021326868977,1.5934401442549948,7.857796048896581
cvrp,6,3,39,shaw_removal,greedy_with_noise,3260275552791604312,15,7,7,20.278461471123972,19.663805146137946,0.6146563249860257,3.031079679596409
cvrp,6,3,39,shaw_removal,best_position_first,9695663869628842472,15,7,7,20.278461471123972,18.98371074947699,1.294750721646981,6.384856777673562
cvrp,6,3,39,shaw_removal,sequential_insertion,5478789556561835555,15,7,7,20.278461471123972,19.3727080821656,0.9057533889583702,4.46657844456366
cvrp,6,3,39,worst_removal,greedy_insertion,17560491076659390970,15,7,7,20.278461471123972,17.644620490786313,2.6338409803376592,12.988366913772937
cvrp,6,3,39,worst_removal,regret_2,18392203922501013218,15,7,7,20.278461471123972,17.17088310899484,3.107578362129132,15.324527289973389
cvrp,6,3,39,worst_removal,regret_3,18211329618757432093,15,7,7,20.278461471123972,17.55868758386134,2.719773887262633,13.412131345050629
cvrp,6,3,39,worst_removal,greedy_with_noise,9880256198827508147,15,7,7,20.278461471123972,17.593149645805454,2.685311825318518,13.24218718043445
cvrp,6,3,39,worst_removal,best_position_first,9554894521171366667,15,7,7,20.278461471123972,18.4343735568841,1.8440879142398714,9.093825568896373
cvrp,6,3,39,worst_removal,sequential_insertion,12543060583624015159,15,7,7,20.278461471123972,17.68411861913509,2.5943428519888805,12.793588190520078
cvrp,6,3,39,route_removal,greedy_insertion,8145434212965540632,15,7,7,20.278461471123972,19.902519452970484,0.3759420181534878,1.8538981307276194
cvrp,6,3,39,route_removal,regret_2,8578329052628361293,15,7,7,20.278461471123972,19.28483683568558,0.9936246354383904,4.899901488351507
cvrp,6,3,39,route_removal,regret_3,3976617376711457592,15,7,7,20.278461471123972,19.56346118241554,0.7150002887084312,3.5259099400936997
cvrp,6,3,39,route_removal,greedy_with_noise,13825523829856462050,15,7,7,20.278461471123972,19.305921344726922,0.9725401263970497,4.7959265932571995
cvrp,6,3,39,route_removal,best_position_first,16062898460257693111,15,7,7,20.278461471123972,19.347153394389288,0.931308076734684,4.59259731346406
cvrp,6,3,39,route_removal,sequential_insertion,15558988171365111529,15,7,7,20.278461471123972,20.01233203837225,0.26612943275172185,1.3123748718840607
cvrp,6,3,39,cluster_removal,greedy_insertion,1218294792434949939,15,7,7,20.278461471123972,19.768936666475426,0.5095248046485459,2.5126403468729452
cvrp,6,3,39,cluster_removal,regret_2,4587999777958667198,15,7,7,20.278461471123972,19.26175522324104,1.016706247882933,5.0137247805051555
cvrp,6,3,39,cluster_removal,regret_3,3957594914762931509,15,7,7,20.278461471123972,18.43846207410283,1.839999397021142,9.073663698014052
cvrp,6,3,39,cluster_removal,greedy_with_noise,3487112482560935867,15,7,7,20.278461471123972,19.256539405940966,1.0219220651830057,5.039445752027083
cvrp,6,3,39,cluster_removal,best_position_first,10461457340682419250,15,7,7,20.278461471123972,19.16924999126101,1.1092114798629602,5.469899585047169
cvrp,6,3,39,cluster_removal,sequential_insertion,5548137259141099989,15,7,7,20.278461471123972,18.920051996189052,1.3584094749349198,6.698779771183633
cvrp,6,3,39,time_oriented_removal,greedy_insertion,14045319301369729751,15,7,7,20.278461471123972,18.997673695965155,1.2807877751588173,6.316000733007419
cvrp,6,3,39,time_oriented_removal,regret_2,8902585856345203151,15,7,7,20.278461471123972,18.678945837778777,1.5995156333451952,7.887756354804657
cvrp,6,3,39,time_oriented_removal,regret_3,13576955915698834607,15,7,7,20.278461471123972,18.668892102864135,1.6095693682598373,7.937334745793335
cvrp,6,3,39,time_oriented_removal,greedy_with_noise,18102606669229427223,15,7,7,20.278461471123972,19.08062349979628,1.1978379713276937,5.906946999077742
cvrp,6,3,39,time_oriented_removal,best_position_first,2634463341285016522,15,7,7,20.278461471123972,19.151210159850187,1.1272513112737848,5.5588601377819655
cvrp,6,3,39,time_oriented_removal,sequential_insertion,4882905279393039979,15,7,7,20.278461471123972,18.941113462394306,1.3373480087296663,6.594918508162055
cvrp,6,4,40,random_removal,greedy_insertion,10711975674803094859,15,7,7,22.19070512412754,19.70005458859168,2.4906505355358597,11.223845847186812
cvrp,6,4,40,random_removal,regret_2,13408509989063723106,15,7,7,22.19070512412754,18.79407523817636,3.396629885951178,15.306543288965097
cvrp,6,4,40,random_removal,regret_3,8591983153505280872,15,7,7,22.19070512412754,19.017965560208772,3.1727395639187677,14.297605894772163
cvrp,6,4,40,random_removal,greedy_with_noise,9947855119755021735,15,7,7,22.19070512412754,20.106721957728933,2.083983166398607,9.391243562300014
cvrp,6,4,40,random_removal,best_position_first,5999938766691317999,15,7,7,22.19070512412754,19.68676035669042,2.503944767437119,11.283754857859954
cvrp,6,4,40,random_removal,sequential_insertion,2694267725009982509,15,7,7,22.19070512412754,19.14959775864249,3.0411073654850505,13.704419703989085
cvrp,6,4,40,shaw_removal,greedy_insertion,14465188972694751730,15,7,7,22.19070512412754,20.6256046577668,1.5651004663607395,7.052955089106362
cvrp,6,4,40,shaw_removal,regret_2,15445475871524194212,15,7,7,22.19070512412754,20.530052290192632,1.6606528339349076,7.483551444831335
cvrp,6,4,40,shaw_removal,regret_3,12706761672322950316,15,7,7,22.19070512412754,20.264967312393964,1.9257378117335762,8.678128076424924
cvrp,6,4,40,shaw_removal,greedy_with_noise,2751874063225809896,15,7,7,22.19070512412754,20.958098210183234,1.2326069139443057,5.5546090448658845
cvrp,6,4,40,shaw_removal,best_position_first,10862582596325705213,15,7,7,22.19070512412754,20.70436690021101,1.4863382239165297,6.698021606805374
cvrp,6,4,40,shaw_removal,sequential_insertion,6089680920623880526,15,7,7,22.19070512412754,20.709118605029097,1.4815865190984425,6.6766085656626615
cvrp,6,4,40,worst_removal,greedy_insertion,16012259439755314192,15,7,7,22.19070512412754,19.660359135104102,2.530345989023438,11.402729092516488
cvrp,6,4,40,worst_removal,regret_2,13370870991750006678,15,7,7,22.19070512412754,18.32331239031797,3.86739273380957,17.42798488005064
cvrp,6,4,40,worst_removal,regret_3,14951280726671759815,15,7,7,22.19070512412754,17.92938011636178,4.261325007765759,19.203197843102785
cvrp,6,4,40,worst_removal,greedy_with_noise,5634671084980400934,15,7,7,22.19070512412754,19.60466827443447,2.5860368496930697,11.653693901242102
cvrp,6,4,40,worst_removal,best_position_first,10046992342509063372,15,7,7,22.19070512412754,19.070187278896363,3.120517845231177,14.062274397212805
cvrp,6,4,40,worst_removal,sequential_insertion,2360155091048326689,15,7,7,22.19070512412754,19.35533144668733,2.8353736774402094,12.777303206815903
cvrp,6,4,40,route_removal,greedy_insertion,13317776705320541830,15,7,7,22.19070512412754,21.959568494905426,0.23113662922211375,1.0415920897024729
cvrp,6,4,40,route_removal,regret_2,454037345976719569,15,7,7,22.19070512412754,21.887542067534756,0.3031630565927834,1.366171353713136
cvrp,6,4,40,route_removal,regret_3,15047515932616644834,15,7,7,22.19070512412754,21.090504300494768,1.1002008236327718,4.957935394475339
cvrp,6,4,40,route_removal,greedy_with_noise,11374349381810175469,15,7,7,22.19070512412754,22.326344380952353,-0.13563925682481326,-0.6112435637628082
cvrp,6,4,40,route_removal,best_position_first,9491931066675852549,15,7,7,22.19070512412754,22.06062549043832,0.1300796336892205,0.5861897265616284
cvrp,6,4,40,route_removal,sequential_insertion,5698288872232085256,15,7,7,22.19070512412754,21.62804662482128,0.5626584993062593,2.535559353156792
cvrp,6,4,40,cluster_removal,greedy_insertion,925971779617887756,15,7,7,22.19070512412754,21.06553596988573,1.12516915424181,5.070452461731081
cvrp,6,4,40,cluster_removal,regret_2,8617595045506301183,15,7,7,22.19070512412754,21.059318588146326,1.131386535981214,5.098470416566793
cvrp,6,4,40,cluster_removal,regret_3,13953347297048319567,15,7,7,22.19070512412754,21.1234797843031,1.0672253398244393,4.809334961889359
cvrp,6,4,40,cluster_removal,greedy_with_noise,6311251602768307129,15,7,7,22.19070512412754,21.10249838231051,1.0882067418170287,4.903885368806248
cvrp,6,4,40,cluster_removal,best_position_first,9887189245494302881,15,7,7,22.19070512412754,21.138731646237048,1.051973477890492,4.74060410431348
cvrp,6,4,40,cluster_removal,sequential_insertion,1415972340890145054,15,7,7,22.19070512412754,21.416398235237182,0.7743068888903579,3.48932980975205
cvrp,6,4,40,time_oriented_removal,greedy_insertion,1934158927940281762,15,7,7,22.19070512412754,19.39984530625719,2.7908598178703485,12.576706338348385
cvrp,6,4,40,time_oriented_removal,regret_2,4437828754559352954,15,7,7,22.19070512412754,18.887677140906174,3.303027983221366,14.884736491000663
cvrp,6,4,40,time_oriented_removal,regret_3,14911588491416953743,15,7,7,22.19070512412754,18.957851196282146,3.232853927845394,14.56850473998851
cvrp,6,4,40,time_oriented_removal,greedy_with_noise,8608627147975263547,15,7,7,22.19070512412754,19.556287450601218,2.634417673526322,11.871716823734314
cvrp,6,4,40,time_oriented_removal,best_position_first,2710642765718123973,15,7,7,22.19070512412754,19.01628195933704,3.1744231647905004,14.30519285905435
cvrp,6,4,40,time_oriented_removal,sequential_insertion,13330005195313266773,15,7,7,22.19070512412754,19.546066562982592,2.644638561144948,11.917776142541237
cvrp,6,5,41,random_removal,greedy_insertion,9019816815536147077,15,7,7,20.602919420765982,18.587631591273638,2.015287829492344,9.781564390632456
cvrp,6,5,41,random_removal,regret_2,13555615934380850137,15,7,7,20.602919420765982,18.068112474350873,2.5348069464151095,12.303144494465386
cvrp,6,5,41,random_removal,regret_3,3254326261975328720,15,7,7,20.602919420765982,18.371619403228078,2.2313000175379045,10.830018658855428
cvrp,6,5,41,random_removal,greedy_with_noise,12485006981331959794,15,7,7,20.602919420765982,18.752119122757,1.8508002980089806,8.98319437265542
cvrp,6,5,41,random_removal,best_position_first,1777050087125872175,15,7,7,20.602919420765982,18.982294647846714,1.6206247729192675,7.865995783518992
cvrp,6,5,41,random_removal,sequential_insertion,4958165623727703488,15,7,7,20.602919420765982,19.310073656051998,1.2928457647139844,6.275061015920426
cvrp,6,5,41,shaw_removal,greedy_insertion,6118161408387991615,15,7,7,20.602919420765982,19.077733612915107,1.5251858078508747,7.402765485330287
cvrp,6,5,41,shaw_removal,regret_2,10432677942104295394,15,7,7,20.602919420765982,18.787540224007138,1.815379196758844,8.811271644003503
cvrp,6,5,41,shaw_removal,regret_3,8046022747465294228,15,7,7,20.602919420765982,18.787540224007138,1.815379196758844,8.811271644003503
cvrp,6,5,41,shaw_removal,greedy_with_noise,11480023830180387345,15,7,7,20.602919420765982,18.90017390186201,1.7027455189039706,8.264583693841702
cvrp,6,5,41,shaw_removal,best_position_first,16498353774091420754,15,7,7,20.602919420765982,18.825760029778365,1.7771593909876167,8.625764896194235
cvrp,6,5,41,shaw_removal,sequential_insertion,11538857435768393004,15,7,7,20.602919420765982,18.790842390299503,1.8120770304664795,8.795243981976947
cvrp,6,5,41,worst_removal,greedy_insertion,16237085017213852623,15,7,7,20.602919420765982,17.70152042894586,2.9013989918201233,14.08246536602847
cvrp,6,5,41,worst_removal,regret_2,15228315061643509565,15,7,7,20.602919420765982,18.03296830256904,2.5699511181969434,12.473723095798997
cvrp,6,5,41,worst_removal,regret_3,15836755293623520820,15,7,7,20.602919420765982,17.31016982954324,3.2927495912227407,15.981956362475168
cvrp,6,5,41,worst_removal,greedy_with_noise,9400153505261503322,15,7,7,20.602919420765982,18.735527323452036,1.867392097313946,9.063725674875835
cvrp,6,5,41,worst_removal,best_position_first,14471910810778439304,15,7,7,20.602919420765982,17.766394200604655,2.8365252201613274,13.767588768523513
cvrp,6,5,41,worst_removal,sequential_insertion,2200758567723883955,15,7,7,20.602919420765982,18.234830231283006,2.3680891894829763,11.493949673443582
cvrp,6,5,41,route_removal,greedy_insertion,4316375037126066150,15,7,7,20.602919420765982,20.652530014464748,-0.04961059369876608,-0.2407939995569892
cvrp,6,5,41,route_removal,regret_2,15162940909850894138,15,7,7,20.602919420765982,19.85892536108848,0.743994059677501,3.611109884396376
cvrp,6,5,41,route_removal,regret_3,6794382791605950208,15,7,7,20.602919420765982,20.05158378905926,0.5513356317067206,2.676007319385142
cvrp,6,5,41,route_removal,greedy_with_noise,7407625923612032620,15,7,7,20.602919420765982,19.484480073065715,1.1184393477002672,5.428547890999253
cvrp,6,5,41,route_removal,best_position_first,6445249343204748672,15,7,7,20.602919420765982,19.886039797113437,0.7168796236525452,3.4795050595110895
cvrp,6,5,41,route_removal,sequential_insertion,5168569784613540610,15,7,7,20.602919420765982,19.956114102835265,0.6468053179307169,3.139386728265279
cvrp,6,5,41,cluster_removal,greedy_insertion,14780314782777508153,15,7,7,20.602919420765982,18.9634088749226,1.6395105458433825,7.957661302072054
cvrp,6,5,41,cluster_removal,regret_2,17545696882347842517,15,7,7,20.602919420765982,19.03661967394951,1.5662997468164725,7.6023194326420365
cvrp,6,5,41,cluster_removal,regret_3,12895353323248068212,15,7,7,20.602919420765982,18.830292196615922,1.7726272241500602,8.603767203804153
cvrp,6,5,41,cluster_removal,greedy_with_noise,6454925868203073863,15,7,7,20.602919420765982,19.088474038500287,1.514445382265695,7.350634884972968
cvrp,6,5,41,cluster_removal,best_position_first,10663812445037105662,15,7,7,20.602919420765982,19.111355379753327,1.491564041012655,7.239576152053896
cvrp,6,5,41,cluster_removal,sequential_insertion,9728223206618143692,15,7,7,20.602919420765982,19.221940960149883,1.3809784606160989,6.702829013757102
cvrp,6,5,41,time_oriented_removal,greedy_insertion,9915974115099457534,15,7,7,20.602919420765982,19.240744579029005,1.3621748417369766,6.611562244737125
cvrp,6,5,41,time_oriented_removal,regret_2,9882082683511712181,15,7,7,20.602919420765982,18.93638278527298,1.666536635493003,8.088837321827684
cvrp,6,5,41,time_oriented_removal,regret_3,5273777511033999165,15,7,7,20.602919420765982,18.93638278527298,1.666536635493003,8.088837321827684
cvrp,6,5,41,time_oriented_removal,greedy_with_noise,2873866284715341904,15,7,7,20.602919420765982,19.302706853002963,1.300212567763019,6.310817128433341
cvrp,6,5,41,time_oriented_removal,best_position_first,11014989781700886765,15,7,7,20.602919420765982,19.325020167956836,1.2778992528091457,6.202515414010368
cvrp,6,5,41,time_oriented_removal,sequential_insertion,17862490836385477904,15,7,7,20.602919420765982,19.012475975265016,1.5904434455009664,7.719505245930998
cvrp,7,0,42,random_removal,greedy_insertion,14979207018123107614,15,6,7,18.05017378310315,16.810418928418088,1.2397548546850636,6.868381820487533
cvrp,7,0,42,random_removal,regret_2,12389427224721888321,15,6,6,18.05017378310315,15.832881386779636,2.217292396323515,12.284050131412764
cvrp,7,0,42,random_removal,regret_3,17453369854352747740,15,6,7,18.05017378310315,15.705873201720534,2.344300581382617,12.987689811480527
cvrp,7,0,42,random_removal,greedy_with_noise,4201251909870218343,15,6,6,18.05017378310315,16.23178090210279,1.81839288100036,10.07410179453544
cvrp,7,0,42,random_removal,best_position_first,1004821227070120855,15,6,6,18.05017378310315,15.899527120954193,2.150646662148958,11.914825242082644
cvrp,7,0,42,random_removal,sequential_insertion,9906575563632141601,15,6,6,18.05017378310315,15.897766415756976,2.152407367346175,11.92457974759807
cvrp,7,0,42,shaw_removal,greedy_insertion,9572688956532009730,15,6,7,18.05017378310315,18.04688000672929,0.0032937763738623005,0.01824789286486327
cvrp,7,0,42,shaw_removal,regret_2,15801884725510609506,15,6,7,18.05017378310315,16.987720745386273,1.0624530377168782,5.886109743228318
cvrp,7,0,42,shaw_removal,regret_3,4284712035121653390,15,6,7,18.05017378310315,16.88554219179902,1.1646315913041327,6.45219046253366
cvrp,7,0,42,shaw_removal,greedy_with_noise,15310656598526972274,15,6,6,18.05017378310315,17.83887139459745,0.21130238850570038,1.1706390810680254
cvrp,7,0,42,shaw_removal,best_position_first,6332968332305109572,15,6,7,18.05017378310315,18.240815395017805,-0.19064161191465345,-1.0561760468650663
cvrp,7,0,42,shaw_removal,sequential_insertion,7491043891855071824,15,6,7,18.05017378310315,17.287427856554114,0.7627459265490373,4.225698520770183
cvrp,7,0,42,worst_removal,greedy_insertion,14212373724889386024,15,6,6,18.05017378310315,15.14149508253056,2.908678700572592,16.114408290602828
cvrp,7,0,42,worst_removal,regret_2,12414170981004404403,15,6,7,18.05017378310315,15.883514513979065,2.166659269124086,12.003536891995495
cvrp,7,0,42,worst_removal,regret_3,17213663355800686879,15,6,7,18.05017378310315,16.29989823578632,1.750275547316832,9.69672407783283
cvrp,7,0,42,worst_removal,greedy_with_noise,62825042486470880,15,6,6,18.05017378310315,15.022652439506421,3.02752134359673,16.772809946189028
cvrp,7,0,42,worst_removal,best_position_first,15174551377402206381,15,6,7,18.05017378310315,15.342750511684908,2.707423271418243,14.99943049829622
cvrp,7,0,42,worst_removal,sequential_insertion,9590690822370826283,15,6,7,18.05017378310315,16.231770114747107,1.8184036683560443,10.07416155770345
cvrp,7,0,42,route_removal,greedy_insertion,10407175386550818618,15,6,6,18.05017378310315,18.12322728517705,-0.07305350207390049,-0.4047246467083115
cvrp,7,0,42,route_removal,regret_2,14947830897346309968,15,6,6,18.05017378310315,17.519476514232288,0.5306972688708633,2.9401227669489334
cvrp,7,0,42,route_removal,regret_3,4883040208282498313,15,6,6,18.05017378310315,17.258265991990367,0.7919077911127843,4.387258541821313
cvrp,7,0,42,route_removal,greedy_with_noise,5899363042940392742,15,6,6,18.05017378310315,17.168034590397816,0.8821391927053348,4.887150690654897
cvrp,7,0,42,route_removal,best_position_first,8057618507002333446,15,6,6,18.05017378310315,17.53155349609687,0.5186202870062822,2.8732149243447447
cvrp,7,0,42,route_removal,sequential_insertion,11532367239014730485,15,6,6,18.05017378310315,17.404296986195668,0.6458767969074835,3.5782303520650403
cvrp,7,0,42,cluster_removal,greedy_insertion,7137321456923794015,15,6,7,18.05017378310315,17.02683124794083,1.023342535162321,5.669433144850254
cvrp,7,0,42,cluster_removal,regret_2,5126153303101624952,15,6,6,18.05017378310315,16.30264104312107,1.7475327399820806,9.681528615630025
cvrp,7,0,42,cluster_removal,regret_3,12429951292616597154,15,6,6,18.05017378310315,16.22297692871339,1.8271968543897614,10.122876800777446
cvrp,7,0,42,cluster_removal,greedy_with_noise,7463294098431968517,15,6,7,18.05017378310315,17.277747597981172,0.7724261851219794,4.279328245831356
cvrp,7,0,42,cluster_removal,best_position_first,4252268656442384810,15,6,6,18.05017378310315,16.43631912416382,1.6138546589393314,8.940936959011818
cvrp,7,0,42,cluster_removal,sequential_insertion,14980637480408297899,15,6,7,18.05017378310315,16.910706217460408,1.139467565642743,6.312778920219615
cvrp,7,0,42,time_oriented_removal,greedy_insertion,5264313585556280170,15,6,6,18.05017378310315,16.441976716213016,1.6081970668901349,8.909593260512402
cvrp,7,0,42,time_oriented_removal,regret_2,16885107928993510379,15,6,6,18.05017378310315,16.13599492444498,1.9141788586581718,10.60476692169049
cvrp,7,0,42,time_oriented_removal,regret_3,5357783941447871770,15,6,6,18.05017378310315,15.889656986727307,2.1605167963758447,11.969506899697077
cvrp,7,0,42,time_oriented_removal,greedy_with_noise,15185337417808158064,15,6,7,18.05017378310315,17.379380141170422,0.670793641932729,3.716272485756685
cvrp,7,0,42,time_oriented_removal,best_position_first,17229389681488380883,15,6,6,18.05017378310315,16.389878179130243,1.6602956039729087,9.198225036077597
cvrp,7,0,42,time_oriented_removal,sequential_insertion,387657977078491166,15,6,7,18.05017378310315,16.523650230599603,1.5265235525035479,8.457112772689943
cvrp,7,1,43,random_removal,greedy_insertion,13468827187248802229,15,6,7,17.29260452519994,16.763039812769485,0.5295647124304566,3.062376819285605
cvrp,7,1,43,random_removal,regret_2,14575963733195910679,15,6,6,17.29260452519994,16.121069928803834,1.171534596396107,6.774772387172033
cvrp,7,1,43,random_removal,regret_3,11858016463302387367,15,6,6,17.29260452519994,16.13109142036808,1.1615131048318617,6.716819916509552
cvrp,7,1,43,random_removal,greedy_with_noise,11672631926524735107,15,6,7,17.29260452519994,17.032663709226306,0.2599408159736356,1.503190659306598
cvrp,7,1,43,random_removal,best_position_first,11080218747386414321,15,6,7,17.29260452519994,17.820141906009898,-0.5275373808099566,-3.0506531277066666
cvrp,7,1,43,random_removal,sequential_insertion,16460805409317199487,15,6,6,17.29260452519994,16.641280708445393,0.6513238167545481,3.7664876670567202
cvrp,7,1,43,shaw_removal,greedy_insertion,3168698649726788638,15,6,6,17.29260452519994,16.16078998631296,1.1318145388869816,6.545078488538992
cvrp,7,1,43,shaw_removal,regret_2,15754816143748881528,15,6,6,17.29260452519994,16.3810429314757,0.9115615937242403,5.271395598019094
cvrp,7,1,43,shaw_removal,regret_3,44716196806984865,15,6,6,17.29260452519994,16.011357587385824,1.2812469378141174,7.409218986920093
cvrp,7,1,43,shaw_removal,greedy_with_noise,13268123066178297443,15,6,7,17.29260452519994,17.054325777792343,0.23827874740759825,1.377922840138757
cvrp,7,1,43,shaw_removal,best_position_first,706506020207370650,15,6,7,17.29260452519994,16.97757805356804,0.3150264716319029,1.8217410290787905
cvrp,7,1,43,shaw_removal,sequential_insertion,8332597159626852777,15,6,6,17.29260452519994,16.659692331664047,0.6329121935358941,3.660016584624786
cvrp,7,1,43,worst_removal,greedy_insertion,79420594450285846,15,6,7,17.29260452519994,14.809466528469324,2.4831379967306173,14.359537298803211
cvrp,7,1,43,worst_removal,regret_2,13239847268896915486,15,6,6,17.29260452519994,13.791988112555513,3.500616412644428,20.243430696301967
cvrp,7,1,43,worst_removal,regret_3,8112138976536122679,15,6,6,17.29260452519994,13.817376019665272,3.4752285055346697,20.096617027645166
cvrp,7,1,43,worst_removal,greedy_with_noise,8715224517514405430,15,6,7,17.29260452519994,14.149210962606519,3.143393562593422,18.17767565326934
cvrp,7,1,43,worst_removal,best_position_first,9609814804687298992,15,6,7,17.29260452519994,14.581726688138234,2.710877837061707,15.676515548084351
cvrp,7,1,43,worst_removal,sequential_insertion,14086399402370673519,15,6,6,17.29260452519994,13.927808482882437,3.3647960423175043,19.45800609395825
cvrp,7,1,43,route_removal,greedy_insertion,11315038942387665700,15,6,6,17.29260452519994,16.696695663084206,0.5959088621157349,3.4460330209213805
cvrp,7,1,43,route_removal,regret_2,15723529676170800766,15,6,6,17.29260452519994,16.292870261609377,0.9997342635905646,5.781282178365236
cvrp,7,1,43,route_removal,regret_3,9898479680262700502,15,6,6,17.29260452519994,15.936136627559996,1.356467897639945,7.84420817386536
cvrp,7,1,43,route_removal,greedy_with_noise,5332851587723023278,15,6,6,17.29260452519994,16.406013691170557,0.8865908340293842,5.126994217310554
cvrp,7,1,43,route_removal,best_position_first,18100488508515827194,15,6,6,17.29260452519994,15.828250456079632,1.4643540691203096,8.468094363612808
cvrp,7,1,43,route_removal,sequential_insertion,4510196843372440307,15,6,6,17.29260452519994,16.150981080179008,1.141623445020933,6.601801616160729
cvrp,7,1,43,cluster_removal,greedy_insertion,8646662599608658390,15,6,7,17.29260452519994,16.859061507296786,0.43354301790315475,2.507100750909829
cvrp,7,1,43,cluster_removal,regret_2,16006805941764959830,15,6,6,17.29260452519994,15.641963621435375,1.6506409037645664,9.545357388814056
cvrp,7,1,43,cluster_removal,regret_3,14563837851627852582,15,6,6,17.29260452519994,15.586079218721347,1.7065253064785946,9.868526768143756
cvrp,7,1,43,cluster_removal,greedy_with_noise,1135393618651335465,15,6,7,17.29260452519994,17.033694959880847,0.2589095653190938,1.4972271235474879
cvrp,7,1,43,cluster_removal,best_position_first,2720247033982644734,15,6,7,17.29260452519994,16.429827577543826,0.8627769476561156,4.989282825492362
cvrp,7,1,43,cluster_removal,sequential_insertion,7514499154912052019,15,6,7,17.29260452519994,15.986112942068116,1.306491583131825,7.555204198580484
cvrp,7,1,43,time_oriented_removal,greedy_insertion,10352997006521681426,15,6,6,17.29260452519994,14.625815048389832,2.6667894768101092,15.421560545861585
cvrp,7,1,43,time_oriented_removal,regret_2,6085756767483867077,15,6,6,17.29260452519994,14.625815048389832,2.6667894768101092,15.421560545861585
cvrp,7,1,43,time_oriented_removal,regret_3,7287554117846772505,15,6,6,17.29260452519994,14.625815048389832,2.6667894768101092,15.421560545861585
cvrp,7,1,43,time_oriented_removal,greedy_with_noise,852659829439883851,15,6,7,17.29260452519994,16.27039294341117,1.0222115817887705,5.9112644385010675
cvrp,7,1,43,time_oriented_removal,best_position_first,13591231134650248560,15,6,7,17.29260452519994,15.680653581952797,1.6119509432471446,9.32162035451688
cvrp,7,1,43,time_oriented_removal,sequential_insertion,986598611784181104,15,6,7,17.29260452519994,16.048162069250203,1.2444424559497378,7.196385334182904
cvrp,7,2,44,random_removal,greedy_insertion,15612967972780020407,15,6,7,16.42306923558097,16.421572974637407,0.00149626094356492,0.009110726637644777
cvrp,7,2,44,random_removal,regret_2,2948109847678401497,15,6,6,16.42306923558097,14.568300097307365,1.854769138273607,11.29368153825477
cvrp,7,2,44,random_removal,regret_3,17067148405898282129,15,6,6,16.42306923558097,14.576568831899285,1.846500403681686,11.243333247851133
cvrp,7,2,44,random_removal,greedy_with_noise,1869893331585935381,15,6,6,16.42306923558097,15.08482723033368,1.3382420052472916,8.148549982045735
cvrp,7,2,44,random_removal,best_position_first,7866879389618167502,15,6,6,16.42306923558097,14.60265560097255,1.8204136346084212,11.084491019890798
cvrp,7,2,44,random_removal,sequential_insertion,12317501936140291103,15,6,6,16.42306923558097,14.793038107293171,1.6300311282878006,9.92525273385744
cvrp,7,2,44,shaw_removal,greedy_insertion,15836380235406143585,15,6,7,16.42306923558097,15.610627593338112,0.8124416422428595,4.9469537672208395
cvrp,7,2,44,shaw_removal,regret_2,12416137748235255217,15,6,6,16.42306923558097,15.063454110164452,1.3596151254165196,8.278690821511493
cvrp,7,2,44,shaw_removal,regret_3,10748069060796214453,15,6,6,16.42306923558097,15.192742011658154,1.2303272239228171,7.491457329165269
cvrp,7,2,44,shaw_removal,greedy_with_noise,13886785774919387670,15,6,7,16.42306923558097,16.227290413528877,0.19577882205209463,1.1920964299896826
cvrp,7,2,44,shaw_removal,best_position_first,10203742872074328817,15,6,7,16.42306923558097,16.287509104252585,0.1355601313283863,0.8254250736195645
cvrp,7,2,44,shaw_removal,sequential_insertion,3540691192207713716,15,6,7,16.42306923558097,15.568499012228218,0.8545702233527539,5.203474521688717
cvrp,7,2,44,worst_removal,greedy_insertion,12350499914268450087,15,6,7,16.42306923558097,14.699392841668104,1.7236763939128679,10.495458365227384
cvrp,7,2,44,worst_removal,regret_2,6034926623883065859,15,6,6,16.42306923558097,13.958861683334412,2.4642075522465596,15.004549496191585
cvrp,7,2,44,worst_removal,regret_3,14165656370968995729,15,6,6,16.42306923558097,13.244256377484241,3.1788128580967303,19.355778219638484
cvrp,7,2,44,worst_removal,greedy_with_noise,12942853400850675995,15,6,7,16.42306923558097,14.980921006683431,1.4421482288975405,8.781234543985796
cvrp,7,2,44,worst_removal,best_position_first,14785223366133635687,15,6,7,16.42306923558097,14.578954197530525,1.8441150380504467,11.228808766482745
cvrp,7,2,44,worst_removal,sequential_insertion,9767268321595435864,15,6,7,16.42306923558097,14.578954197530525,1.8441150380504467,11.228808766482745
cvrp,7,2,44,route_removal,greedy_insertion,4740580831738740700,15,6,6,16.42306923558097,16.439406946260068,-0.016337710679096062,-0.09948025210598285
cvrp,7,2,44,route_removal,regret_2,10837290929664667499,15,6,6,16.42306923558097,16.615004051809162,-0.19193481622819064,-1.1686902945787945
cvrp,7,2,44,route_removal,regret_3,3262347252938502143,15,6,6,16.42306923558097,16.556146441933237,-0.13307720635226516,-0.8103065538075563
cvrp,7,2,44,route_removal,greedy_with_noise,6531451203847854063,15,6,6,16.42306923558097,15.04553017229683,1.377539063284141,8.387829604345026
cvrp,7,2,44,route_removal,best_position_first,14073156406555490551,15,6,6,16.42306923558097,15.00250542878918,1.420563806791792,8.649807087910867
cvrp,7,2,44,route_removal,sequential_insertion,12717475779536725763,15,6,6,16.42306923558097,16.282596963334864,0.14047227224610737,0.8553350791566465
cvrp,7,2,44,cluster_removal,greedy_insertion,12233289069606459383,15,6,7,16.42306923558097,17.27293260204922,-0.8498633664682487,-5.174814489772712
cvrp,7,2,44,cluster_removal,regret_2,11764577798795255828,15,6,6,16.42306923558097,15.722372949953337,0.7006962856276342,4.266536757389776
cvrp,7,2,44,cluster_removal,regret_3,3271064915887992849,15,6,6,16.42306923558097,15.875303612204187,0.5477656233767849,3.3353425935149663
cvrp,7,2,44,cluster_removal,greedy_with_noise,5521620375101971398,15,6,7,16.42306923558097,16.67173121156029,-0.24866197597931716,-1.5141017334359466
cvrp,7,2,44,cluster_removal,best_position_first,908003100137413024,15,6,7,16.42306923558097,17.230398844167297,-0.8073296085863255,-4.915826615631788
cvrp,7,2,44,cluster_removal,sequential_insertion,14465734429027936677,15,6,7,16.42306923558097,17.54203848919496,-1.1189692536139901,-6.813399112936311
cvrp,7,2,44,time_oriented_removal,greedy_insertion,15425809167764748087,15,6,7,16.42306923558097,16.999209616918208,-0.5761403813372361,-3.5081163762557503
cvrp,7,2,44,time_oriented_removal,regret_2,115063126965781335,15,6,6,16.42306923558097,16.028065621232198,0.3950036143487736,2.4051753584097963
cvrp,7,2,44,time_oriented_removal,regret_3,5733281859604284593,15,6,6,16.42306923558097,15.781321923134708,0.6417473124462632,3.907596705833172
cvrp,7,2,44,time_oriented_removal,greedy_with_noise,16761060251269027785,15,6,7,16.42306923558097,16.885988489504765,-0.4629192539237934,-2.8187134041965054
cvrp,7,2,44,time_oriented_removal,best_position_first,1469485463206796946,15,6,7,16.42306923558097,17.23088664957616,-0.8078174139951884,-4.918796860729495
cvrp,7,2,44,time_oriented_removal,sequential_insertion,3888977033851237383,15,6,7,16.42306923558097,17.09983016272622,-0.6767609271452493,-4.1207944595339745
cvrp,7,3,45,random_removal,greedy_insertion,11850854022763771643,15,6,7,16.419550830967303,15.66679383713129,0.7527569938360124,4.58451635848839
cvrp,7,3,45,random_removal,regret_2,11149486857260978339,15,6,7,16.419550830967303,15.318987609302965,1.1005632216643377,6.702760830635351
cvrp,7,3,45,random_removal,regret_3,15614085667644860938,15,6,6,16.419550830967303,15.29877968926533,1.1207711417019723,6.825833137823697
cvrp,7,3,45,random_removal,greedy_with_noise,15863979761085517754,15,6,7,16.419550830967303,16.146114160926405,0.27343667004089767,1.6653115109896648
cvrp,7,3,45,random_removal,best_position_first,18009360409714802761,15,6,7,16.419550830967303,15.66679383713129,0.7527569938360124,4.58451635848839
cvrp,7,3,45,random_removal,sequential_insertion,9085509651758057056,15,6,7,16.419550830967303,15.363333453814048,1.0562173771532546,6.432681307951656
cvrp,7,3,45,shaw_removal,greedy_insertion,3429674456746620598,15,6,7,16.419550830967303,16.80598988881752,-0.38643905785021815,-2.3535300193559094
cvrp,7,3,45,shaw_removal,regret_2,5930225308122303577,15,6,7,16.419550830967303,16.30413805416254,0.1154127768047637,0.7028985018706784
cvrp,7,3,45,shaw_removal,regret_3,7566801987809959646,15,6,6,16.419550830967303,15.107107487427063,1.3124433435402398,7.993174460442421
cvrp,7,3,45,shaw_removal,greedy_with_noise,4842124541368632821,15,6,6,16.419550830967303,15.666929736533062,0.7526210944342413,4.583688690282541
cvrp,7,3,45,shaw_removal,best_position_first,10934208593790654431,15,6,7,16.419550830967303,16.694046126703135,-0.2744952957358322,-1.671758859676804
cvrp,7,3,45,shaw_removal,sequential_insertion,13265784723012468412,15,6,7,16.419550830967303,16.42382850129379,-0.004277670326487737,-0.026052298083696922
cvrp,7,3,45,worst_removal,greedy_insertion,17928160739068429743,15,6,7,16.419550830967303,14.679948256953516,1.7396025740137873,10.594702570869927
cvrp,7,3,45,worst_removal,regret_2,4148123173238675468,15,6,6,16.419550830967303,15.020043983937661,1.3995068470296417,8.523417366510229
cvrp,7,3,45,worst_removal,regret_3,17231019043359853738,15,6,6,16.419550830967303,13.974692943993588,2.4448578869737148,14.8899194146207
cvrp,7,3,45,worst_removal,greedy_with_noise,16518738573894505409,15,6,7,16.419550830967303,14.973951033039665,1.4455997979276383,8.804137292240872
cvrp,7,3,45,worst_removal,best_position_first,10860053941358919907,15,6,7,16.419550830967303,14.325370914279512,2.094179916687791,12.754185167709728
cvrp,7,3,45,worst_removal,sequential_insertion,13119447635514851355,15,6,6,16.419550830967303,14.046647395719589,2.3729034352477143,14.45169517531755
cvrp,7,3,45,route_removal,greedy_insertion,11451951383831345700,15,6,6,16.419550830967303,15.427851516394592,0.9916993145727115,6.039746913797209
cvrp,7,3,45,route_removal,regret_2,17388881920162245670,15,6,6,16.419550830967303,15.617167614279149,0.8023832166881544,4.886754972461599
cvrp,7,3,45,route_removal,regret_3,11795010298727682362,15,6,6,16.419550830967303,15.120840143721207,1.2987106872460963,7.909538455806755
cvrp,7,3,45,route_removal,greedy_with_noise,12467417008713832843,15,6,6,16.419550830967303,15.142323676550507,1.2772271544167957,7.778697283289522
cvrp,7,3,45,route_removal,best_position_first,4491515543919660986,15,6,6,16.419550830967303,15.229308793076004,1.1902420378912986,7.2489317773936905
cvrp,7,3,45,route_removal,sequential_insertion,6060480779477341369,15,6,6,16.419550830967303,15.639863376757928,0.779687454209375,4.748530957003299
cvrp,7,3,45,cluster_removal,greedy_insertion,18074629180453784325,15,6,6,16.419550830967303,15.189615025752,1.2299358052153035,7.49067875167232
cvrp,7,3,45,cluster_removal,regret_2,2927883773110568914,15,6,6,16.419550830967303,14.846811256170868,1.5727395747964348,9.578456749439486
cvrp,7,3,45,cluster_removal,regret_3,9681783380403233060,15,6,7,16.419550830967303,15.445852507098785,0.9736983238685184,5.930115469615171
cvrp,7,3,45,cluster_removal,greedy_with_noise,11303319553544840495,15,6,7,16.419550830967303,16.734021366083674,-0.3144705351163708,-1.9152200833854651
cvrp,7,3,45,cluster_removal,best_position_first,5805786093964373571,15,6,7,16.419550830967303,16.220747852209644,0.19880297875765862,1.2107698974488135
cvrp,7,3,45,cluster_removal,sequential_insertion,16363592853610425511,15,6,7,16.419550830967303,16.63487598037469,-0.21532514940738778,-1.311394882990856
cvrp,7,3,45,time_oriented_removal,greedy_insertion,6663493146109268683,15,6,6,16.419550830967303,14.786734566733283,1.6328162642340196,9.944341846151634
cvrp,7,3,45,time_oriented_removal,regret_2,192350506419563140,15,6,6,16.419550830967303,15.00828713127681,1.411263699690494,8.595020133125981
cvrp,7,3,45,time_oriented_removal,regret_3,18368305645323610263,15,6,6,16.419550830967303,14.434038070540517,1.9855127604267864,12.092369522570042
cvrp,7,3,45,time_oriented_removal,greedy_with_noise,16115197058478726812,15,6,7,16.419550830967303,15.72021177540515,0.6993390555621524,4.2591850578713615
cvrp,7,3,45,time_oriented_removal,best_position_first,13590864840516927483,15,6,7,16.419550830967303,15.25985439254663,1.1596964384206725,7.062899895126747
cvrp,7,3,45,time_oriented_removal,sequential_insertion,9616704756727169524,15,6,7,16.419550830967303,16.15201472089325,0.26753611007405453,1.6293753271830125
cvrp,7,4,46,random_removal,greedy_insertion,16584322983073629618,15,6,7,15.788378029221297,15.721123001002653,0.0672550282186446,0.4259780713013603
cvrp,7,4,46,random_removal,regret_2,3252750247268775675,15,6,6,15.788378029221297,15.111164924728644,0.6772131044926528,4.289313970309424
cvrp,7,4,46,random_removal,regret_3,15809001163898457683,15,6,6,15.788378029221297,14.898563449556773,0.8898145796645238,5.6358834201818935
cvrp,7,4,46,random_removal,greedy_with_noise,10910619374619277513,15,6,7,15.788378029221297,15.504100112361641,0.2842779168596561,1.800551749733326
cvrp,7,4,46,random_removal,best_position_first,8833117697514850988,15,6,7,15.788378029221297,16.686246295264844,-0.8978682660435471,-5.686893640257175
cvrp,7,4,46,random_removal,sequential_insertion,12286251458365957112,15,6,6,15.788378029221297,15.761685118530332,0.02669291069096502,0.16906683284097646
cvrp,7,4,46,shaw_removal,greedy_insertion,7295761055932698179,15,6,6,15.788378029221297,15.405524392017277,0.3828536372040201,2.4249079702514758
cvrp,7,4,46,shaw_removal,regret_2,5556213744772678274,15,6,6,15.788378029221297,15.19826758692798,0.5901104422933177,3.7376254938989617
cvrp,7,4,46,shaw_removal,regret_3,3819156875821547783,15,6,6,15.788378029221297,15.108794975467914,0.6795830537533831,4.304324690576851
cvrp,7,4,46,shaw_removal,greedy_with_noise,13691046899166754733,15,6,6,15.788378029221297,15.399241333810028,0.3891366954112687,2.4647034336969282
cvrp,7,4,46,shaw_removal,best_position_first,4179345231343715055,15,6,6,15.788378029221297,15.12601495542227,0.6623630737990265,4.195257249181125
cvrp,7,4,46,shaw_removal,sequential_insertion,8751319732743078852,15,6,6,15.788378029221297,15.598315237874822,0.19006279134647563,1.2038145463372198
cvrp,7,4,46,worst_removal,greedy_insertion,8147037716157210887,15,6,6,15.788378029221297,14.413138143735669,1.3752398854856285,8.710457039604194
cvrp,7,4,46,worst_removal,regret_2,3947265249236970495,15,6,6,15.788378029221297,14.018467795017754,1.769910234203543,11.210209376338561
cvrp,7,4,46,worst_removal,regret_3,16012123844308875424,15,6,7,15.788378029221297,14.159606192915328,1.628771836305969,10.316270824599087
cvrp,7,4,46,worst_removal,greedy_with_noise,1937976952403055943,15,6,7,15.788378029221297,16.114902545552148,-0.326524516330851,-2.0681321141824447
cvrp,7,4,46,worst_removal,best_position_first,9711788443455513857,15,6,7,15.788378029221297,15.976836714107296,-0.18845868488599926,-1.193654500400218
cvrp,7,4,46,worst_removal,sequential_insertion,10034199861230449537,15,6,7,15.788378029221297,15.872538669869794,-0.08416064064849671,-0.5330543802075888
cvrp,7,4,46,route_removal,greedy_insertion,13074696415301885380,15,6,6,15.788378029221297,15.814378633667342,-0.026000604446045017,-0.16468192234770931
cvrp,7,4,46,route_removal,regret_2,17822137045863672377,15,6,6,15.788378029221297,15.484948535092347,0.3034294941289506,1.9218534897464457
cvrp,7,4,46,route_removal,regret_3,9892313334552539206,15,6,6,15.788378029221297,15.283869076181219,0.5045089530400784,3.1954451059274604
cvrp,7,4,46,route_removal,greedy_with_noise,1355061170933894707,15,6,6,15.788378029221297,15.539270609485644,0.24910741973565287,1.5777898101667076
cvrp,7,4,46,route_removal,best_position_first,4985077005720516124,15,6,6,15.788378029221297,15.508809588485102,0.27956844073619536,1.7707229977567496
cvrp,7,4,46,route_removal,sequential_insertion,3363359990440045216,15,6,6,15.788378029221297,16.193644217844756,-0.4052661886234592,-2.566863979779229
cvrp,7,4,46,cluster_removal,greedy_insertion,18440931208413554857,15,6,6,15.788378029221297,15.491844106691033,0.2965339225302639,1.878178505616193
cvrp,7,4,46,cluster_removal,regret_2,529833453269046877,15,6,6,15.788378029221297,15.34654646395762,0.4418315652636764,2.7984607693452097
cvrp,7,4,46,cluster_removal,regret_3,17903297415238795590,15,6,6,15.788378029221297,15.335900271166135,0.45247775805516177,2.8658913361316225
cvrp,7,4,46,cluster_removal,greedy_with_noise,7947340652118571031,15,6,7,15.788378029221297,16.116869207745765,-0.32849117852446774,-2.080588505776165
cvrp,7,4,46,cluster_removal,best_position_first,5154555798753658774,15,6,6,15.788378029221297,15.696029661063786,0.09234836815751102,0.5849135863518828
cvrp,7,4,46,cluster_removal,sequential_insertion,17340989225680870395,15,6,7,15.788378029221297,15.261502563736293,0.5268754654850039,3.33710951504871
cvrp,7,4,46,time_oriented_removal,greedy_insertion,14654988411841135011,15,6,6,15.788378029221297,14.98502237417133,0.8033556550499679,5.0882722314040665
cvrp,7,4,46,time_oriented_removal,regret_2,10912847144220064963,15,6,7,15.788378029221297,16.03779072304283,-0.2494126938215313,-1.5797233468815837
cvrp,7,4,46,time_oriented_removal,regret_3,3485593500339550961,15,6,6,15.788378029221297,14.506562543513628,1.2818154857076696,8.118728113396271
cvrp,7,4,46,time_oriented_removal,greedy_with_noise,9485817892441425923,15,6,7,15.788378029221297,16.18340422747989,-0.3950261982585932,-2.502006206891389
cvrp,7,4,46,time_oriented_removal,best_position_first,7777334417880662779,15,6,7,15.788378029221297,16.092638887975284,-0.30426085875398634,-1.9271191644313121
cvrp,7,4,46,time_oriented_removal,sequential_insertion,3920744719924442215,15,6,7,15.788378029221297,16.38680618436447,-0.5984281551431732,-3.7903079976650926
cvrp,7,5,47,random_removal,greedy_insertion,14824507040494425737,15,6,7,16.863157216216283,15.207925131020172,1.6552320851961113,9.815671312157217
cvrp,7,5,47,random_removal,regret_2,18050216561967406936,15,6,6,16.863157216216283,15.092587738010856,1.7705694782054273,10.499632159645511
cvrp,7,5,47,random_removal,regret_3,8862213530212857318,15,6,6,16.863157216216283,15.118035580239988,1.7451216359762949,10.34872422524838
cvrp,7,5,47,random_removal,greedy_with_noise,14918520676927498196,15,6,7,16.863157216216283,16.713651673865712,0.14950554235057112,0.8865809672153245
cvrp,7,5,47,random_removal,best_position_first,11810436800960562323,15,6,7,16.863157216216283,16.563234940664834,0.2999222755514488,1.7785653760200468
cvrp,7,5,47,random_removal,sequential_insertion,2743810795598197114,15,6,7,16.863157216216283,17.532600535162175,-0.6694433189458913,-3.9698575442452015
cvrp,7,5,47,shaw_removal,greedy_insertion,12582492446229021407,15,6,7,16.863157216216283,17.36976772552165,-0.5066105093053679,-3.0042447141404285
cvrp,7,5,47,shaw_removal,regret_2,13454563672967831310,15,6,6,16.863157216216283,17.036257618223036,-0.17310040200675303,-1.0265005525791624
cvrp,7,5,47,shaw_removal,regret_3,12275203192869817535,15,6,6,16.863157216216283,16.823968399105084,0.03918881711119937,0.23239311956075367
cvrp,7,5,47,shaw_removal,greedy_with_noise,118697287017084780,15,6,7,16.863157216216283,18.089833104267935,-1.226675888051652,-7.274295508981151
cvrp,7,5,47,shaw_removal,best_position_first,1309479184841112486,15,6,7,16.863157216216283,17.651071141227927,-0.7879139250116438,-4.672398619719647
cvrp,7,5,47,shaw_removal,sequential_insertion,15386871521355023433,15,6,7,16.863157216216283,17.8462777628566,-0.9831205466403183,-5.829990991810896
cvrp,7,5,47,worst_removal,greedy_insertion,2106488331996870173,15,6,7,16.863157216216283,16.342804567375126,0.5203526488411576,3.0857368058026866
cvrp,7,5,47,worst_removal,regret_2,16406731285134011138,15,6,7,16.863157216216283,15.024349606320023,1.8388076098962607,10.90429026023662
cvrp,7,5,47,worst_removal,regret_3,13656002697485006856,15,6,6,16.863157216216283,13.892620869805441,2.9705363464108423,17.615540840443902
cvrp,7,5,47,worst_removal,greedy_with_noise,10255711455782559965,15,6,6,16.863157216216283,15.028683014105892,1.8344742021103908,10.878592772332619
cvrp,7,5,47,worst_removal,best_position_first,7525328166607639695,15,6,7,16.863157216216283,15.523432125254033,1.3397250909622507,7.944687188671392
cvrp,7,5,47,worst_removal,sequential_insertion,6786945134984382895,15,6,7,16.863157216216283,15.690592799258596,1.1725644169576874,6.953409743639837
cvrp,7,5,47,route_removal,greedy_insertion,15361548319785189779,15,6,6,16.863157216216283,16.598562122260194,0.26459509395608904,1.5690720934609081
cvrp,7,5,47,route_removal,regret_2,14474553165239316049,15,6,6,16.863157216216283,16.39046922933739,0.472687986878892,2.8030811835421687
cvrp,7,5,47,route_removal,regret_3,13519846678005594314,15,6,6,16.863157216216283,16.5488137327699,0.3143434834463825,1.8640844025583614
cvrp,7,5,47,route_removal,greedy_with_noise,8136118259692996748,15,6,6,16.863157216216283,16.47796439773485,0.38519281848143194,2.284227167798775
cvrp,7,5,47,route_removal,best_position_first,3463372515313179427,15,6,6,16.863157216216283,16.490708343771136,0.37244887244514757,2.20865445105965
cvrp,7,5,47,route_removal,sequential_insertion,17683605156914416094,15,6,6,16.863157216216283,16.678673879507855,0.18448333670842842,1.0940023528394902
cvrp,7,5,47,cluster_removal,greedy_insertion,16570553729968855068,15,6,6,16.863157216216283,15.644757476167765,1.2183997400485183,7.225217226088935
cvrp,7,5,47,cluster_removal,regret_2,609586271486539916,15,6,6,16.863157216216283,15.821572661354406,1.0415845548618776,6.176687683728931
cvrp,7,5,47,cluster_removal,regret_3,2651933715543137058,15,6,7,16.863157216216283,16.596696085151436,0.2664611310648475,1.5801378570355014
cvrp,7,5,47,cluster_removal,greedy_with_noise,12849404500981708279,15,6,6,16.863157216216283,15.884516919482774,0.9786402967335093,5.803422717262043
cvrp,7,5,47,cluster_removal,best_position_first,17363128006723188830,15,6,6,16.863157216216283,15.26624787708758,1.596909339128704,9.469812317192016
cvrp,7,5,47,cluster_removal,sequential_insertion,10454836606052837828,15,6,7,16.863157216216283,16.70062008519583,0.16253713102045353,0.9638594299776281
cvrp,7,5,47,time_oriented_removal,greedy_insertion,2680854372675022167,15,6,7,16.863157216216283,16.0296263429419,0.833530873274384,4.94291112030212
cvrp,7,5,47,time_oriented_removal,regret_2,4480634813058620598,15,6,6,16.863157216216283,16.24325797644782,0.6198992397684648,3.676056813206634
cvrp,7,5,47,time_oriented_removal,regret_3,9567632734872341219,15,6,7,16.863157216216283,16.74509918140875,0.11805803480753241,0.7000944917598414
cvrp,7,5,47,time_oriented_removal,greedy_with_noise,4433068065613241189,15,6,7,16.863157216216283,16.106811625398997,0.7563455908172863,4.48519563163388
cvrp,7,5,47,time_oriented_removal,best_position_first,5339965636316766606,15,6,7,16.863157216216283,16.278010124924457,0.5851470912918266,3.469973527431304
cvrp,7,5,47,time_oriented_removal,sequential_insertion,13336951493679084406,15,6,7,16.863157216216283,16.039924210362994,0.8232330058532895,4.881843864099398
vrptw,0,0,0,random_removal,greedy_insertion,11347193223607025490,15,12,13,25.644755854444192,26.468177743300195,-0.8234218888560036,-3.2108782533537203
vrptw,0,0,0,random_removal,regret_2,3552891781608079012,15,12,12,25.644755854444192,25.068507114215016,0.5762487402291754,2.2470431908179482
vrptw,0,0,0,random_removal,regret_3,8791245569095118077,15,12,12,25.644755854444192,25.1038474179467,0.5409084364974923,2.1092360542155593
vrptw,0,0,0,random_removal,greedy_with_noise,2813968147485638228,15,12,12,25.644755854444192,25.32508009552578,0.31967575891841093,1.2465541131794853
vrptw,0,0,0,random_removal,best_position_first,11935461425909954762,15,12,12,25.644755854444192,25.336132445535746,0.30862340890844564,1.2034562179501573
vrptw,0,0,0,random_removal,sequential_insertion,6424863122057233576,15,12,13,25.644755854444192,27.00561399230048,-1.3608581378562867,-5.306574746042872
vrptw,0,0,0,shaw_removal,greedy_insertion,1493723964796961759,15,12,14,25.644755854444192,25.04279850681011,0.6019573476340803,2.34729217564285
vrptw,0,0,0,shaw_removal,regret_2,15156286397170372582,15,12,13,25.644755854444192,24.588998090147246,1.0557577642969456,4.116856367396395
vrptw,0,0,0,shaw_removal,regret_3,250182078787088046,15,12,13,25.644755854444192,24.68043044759011,0.9643254068540834,3.760322041385188
vrptw,0,0,0,shaw_removal,greedy_with_noise,17835590760837966432,15,12,13,25.644755854444192,25.541040725913945,0.10371512853024711,0.4044301654455933
vrptw,0,0,0,shaw_removal,best_position_first,12090748834420486164,15,12,13,25.644755854444192,26.006737366920106,-0.36198151247591426,-1.4115225527217623
vrptw,0,0,0,shaw_removal,sequential_insertion,11606533757920005037,15,12,12,25.644755854444192,25.383062843208766,0.2616930112354261,1.0204542898390478
vrptw,0,0,0,worst_removal,greedy_insertion,5592706394475631885,15,12,13,25.644755854444192,24.537079951329908,1.1076759031142842,4.319307656509921
vrptw,0,0,0,worst_removal,regret_2,5400882057903063186,15,12,12,25.644755854444192,23.34473866904468,2.3000171853995113,8.96876226256185
vrptw,0,0,0,worst_removal,regret_3,2234552954375860003,15,12,12,25.644755854444192,23.220137966119488,2.424617888324704,9.454634320117819
vrptw,0,0,0,worst_removal,greedy_with_noise,3667357914545104289,15,12,14,25.644755854444192,25.564317953354212,0.08043790108997939,0.31366218320241734
vrptw,0,0,0,worst_removal,best_position_first,16520624845649845637,15,12,14,25.644755854444192,23.807635303000296,1.8371205514438955,7.163727983495408
vrptw,0,0,0,worst_removal,sequential_insertion,17370491298283383460,15,12,12,25.644755854444192,24.17821784435663,1.466538010087561,5.718666297356902
vrptw,0,0,0,route_removal,greedy_insertion,12699419241828657717,15,12,12,25.644755854444192,26.3537178415952,-0.7089619871510067,-2.76454956785305
vrptw,0,0,0,route_removal,regret_2,8730743188533399616,15,12,12,25.644755854444192,25.187066521706136,0.457689332738056,1.7847287583310691
vrptw,0,0,0,route_removal,regret_3,11500047583963010066,15,12,12,25.644755854444192,25.706682068110233,-0.06192621366604101,-0.24147710361340524
vrptw,0,0,0,route_removal,greedy_with_noise,14390467492408797907,15,12,12,25.644755854444192,27.388220522181072,-1.7434646677368804,-6.798523166422506
vrptw,0,0,0,route_removal,best_position_first,10081484343237140163,15,12,12,25.644755854444192,26.773238037671895,-1.1284821832277032,-4.400440345904635
vrptw,0,0,0,route_removal,sequential_insertion,4582619623965050043,15,12,12,25.644755854444192,26.560038045409758,-0.9152821909655664,-3.569081320799354
vrptw,0,0,0,cluster_removal,greedy_insertion,6880572637621281761,15,12,13,25.644755854444192,24.363687721982288,1.281068132461904,4.995438988513112
vrptw,0,0,0,cluster_removal,regret_2,12935661614681495535,15,12,13,25.644755854444192,24.51988599902869,1.1248698554155006,4.386354316648963
vrptw,0,0,0,cluster_removal,regret_3,4744276681868914608,15,12,13,25.644755854444192,24.28877215165257,1.3559837027916224,5.287567214474505
vrptw,0,0,0,cluster_removal,greedy_with_noise,4362774934876666842,15,12,13,25.644755854444192,25.07787582912758,0.5668800253166104,2.2105105173710244
vrptw,0,0,0,cluster_removal,best_position_first,1077882501787021746,15,12,13,25.644755854444192,24.49250490518823,1.1522509492559614,4.493125049799522
vrptw,0,0,0,cluster_removal,sequential_insertion,17550141435769469316,15,12,14,25.644755854444192,25.758222073402823,-0.11346621895863152,-0.4424538864891085
vrptw,0,0,0,time_oriented_removal,greedy_insertion,4782078593571033117,15,12,13,25.644755854444192,25.311203499631898,0.3335523548122943,1.3006649652096034
vrptw,0,0,0,time_oriented_removal,regret_2,9799285658641580234,15,12,13,25.644755854444192,23.69084905661372,1.95390679783047,7.619128093558595
vrptw,0,0,0,time_oriented_removal,regret_3,16009322189245396722,15,12,13,25.644755854444192,23.639648148086433,2.0051077063577587,7.81878259141343
vrptw,0,0,0,time_oriented_removal,greedy_with_noise,890369905163905035,15,12,15,25.644755854444192,27.212200231785832,-1.5674443773416407,-6.112143887187779
vrptw,0,0,0,time_oriented_removal,best_position_first,7089622136241296668,15,12,15,25.644755854444192,27.1776812961503,-1.5329254417061087,-5.977539620212276
vrptw,0,0,0,time_oriented_removal,sequential_insertion,1621699676026992056,15,12,13,25.644755854444192,24.852837565948533,0.7919182884956584,3.088032083403205
vrptw,0,1,1,random_removal,greedy_insertion,11466498444451812318,15,13,13,25.914236484823878,24.583632373370232,1.3306041114536455,5.134645245029255
vrptw,0,1,1,random_removal,regret_2,8655347577041369964,15,13,13,25.914236484823878,24.1785346165055,1.735701868318376,6.69786998870236
vrptw,0,1,1,random_removal,regret_3,13385573129761801132,15,13,13,25.914236484823878,24.283200406300523,1.6310360785233549,6.293976978555924
vrptw,0,1,1,random_removal,greedy_with_noise,3879720053462000636,15,13,13,25.914236484823878,25.28723683191081,0.6269996529130673,2.419518141235827
vrptw,0,1,1,random_removal,best_position_first,2540373774309745710,15,13,13,25.914236484823878,25.49930687298056,0.41492961184331634,1.6011647191932938
vrptw,0,1,1,random_removal,sequential_insertion,12672081269660987926,15,13,13,25.914236484823878,25.667035945870932,0.2472005389529457,0.9539178941185994
vrptw,0,1,1,shaw_removal,greedy_insertion,12363716472897205510,15,13,13,25.914236484823878,25.214435570472673,0.6998009143512043,2.7004496727543095
vrptw,0,1,1,shaw_removal,regret_2,5610029829292627260,15,13,12,25.914236484823878,23.353109036437875,2.561127448386003,9.883090516233704
vrptw,0,1,1,shaw_removal,regret_3,16881149691872771515,15,13,12,25.914236484823878,23.353109036437875,2.561127448386003,9.883090516233704
vrptw,0,1,1,shaw_removal,greedy_with_noise,5079337863926506633,15,13,13,25.914236484823878,26.654769210178323,-0.7405327253544449,-2.857628955374094
vrptw,0,1,1,shaw_removal,best_position_first,14987235074990268325,15,13,12,25.914236484823878,23.948034692655064,1.966201792168814,7.587342167384628
vrptw,0,1,1,shaw_removal,sequential_insertion,6521344897596591237,15,13,12,25.914236484823878,23.665234489982822,2.2490019948410556,8.678634989528383
vrptw,0,1,1,worst_removal,greedy_insertion,4643097278982334942,15,13,13,25.914236484823878,23.669690914373383,2.2445455704504944,8.661438170346885
vrptw,0,1,1,worst_removal,regret_2,14550429915405575276,15,13,12,25.914236484823878,24.546165711176574,1.368070773647304,5.279224701250548
vrptw,0,1,1,worst_removal,regret_3,5993223694682235125,15,13,12,25.914236484823878,23.944647506484852,1.9695889783390257,7.600412921648197
vrptw,0,1,1,worst_removal,greedy_with_noise,8596592815357270443,15,13,13,25.914236484823878,23.30052357105821,2.613712913765667,10.086011661182194
vrptw,0,1,1,worst_removal,best_position_first,16751602609400304937,15,13,13,25.914236484823878,23.185446905855997,2.7287895789678807,10.530079018789298
vrptw,0,1,1,worst_removal,sequential_insertion,11694471160520943957,15,13,13,25.914236484823878,24.818697720891045,1.095538763932833,4.227555631725488
vrptw,0,1,1,route_removal,greedy_insertion,5181799041718499176,15,13,12,25.914236484823878,25.474892820780102,0.43934366404377556,1.6953756839452625
vrptw,0,1,1,route_removal,regret_2,6356052963138461170,15,13,12,25.914236484823878,23.931511136695477,1.982725348128401,7.651104632349643
vrptw,0,1,1,route_removal,regret_3,821318136766532906,15,13,12,25.914236484823878,25.800992004291587,0.11324448053229119,0.43699717180018177
vrptw,0,1,1,route_removal,greedy_with_noise,3000556665096511094,15,13,13,25.914236484823878,25.55776668521858,0.35646979960529634,1.37557515851974
vrptw,0,1,1,route_removal,best_position_first,2526652973561893421,15,13,13,25.914236484823878,25.55776668521858,0.35646979960529634,1.37557515851974
vrptw,0,1,1,route_removal,sequential_insertion,11685885585233789994,15,13,12,25.914236484823878,25.660402291303683,0.2538341935201949,0.9795163892590372
vrptw,0,1,1,cluster_removal,greedy_insertion,12104998804177968917,15,13,12,25.914236484823878,24.18201021792461,1.7322262668992678,6.684458050360501
vrptw,0,1,1,cluster_removal,regret_2,8357096744947197726,15,13,12,25.914236484823878,23.855676118268658,2.05856036655522,7.943743076361798
vrptw,0,1,1,cluster_removal,regret_3,13038920058861937527,15,13,12,25.914236484823878,23.855676118268658,2.05856036655522,7.943743076361798
vrptw,0,1,1,cluster_removal,greedy_with_noise,14361551854440865725,15,13,12,25.914236484823878,24.227347402353594,1.6868890824702838,6.5095071716975905
vrptw,0,1,1,cluster_removal,best_position_first,9587767565121335526,15,13,12,25.914236484823878,24.411096691681074,1.5031397931428039,5.800440209855636
vrptw,0,1,1,cluster_removal,sequential_insertion,14441673001566604355,15,13,13,25.914236484823878,25.03931632735902,0.8749201574648566,3.376214298180211
vrptw,0,1,1,time_oriented_removal,greedy_insertion,13975130572408974656,15,13,12,25.914236484823878,23.847777031221316,2.066459453602562,7.974224727063596
vrptw,0,1,1,time_oriented_removal,regret_2,4226455794565918012,15,13,12,25.914236484823878,22.757805152542353,3.1564313322815245,12.180298401344071
vrptw,0,1,1,time_oriented_removal,regret_3,9572034908864394321,15,13,12,25.914236484823878,23.34713605006125,2.5671004347626294,9.906139570293718
vrptw,0,1,1,time_oriented_removal,greedy_with_noise,12940865824778151645,15,13,14,25.914236484823878,26.221343037089266,-0.3071065522653882,-1.1850881751628632
vrptw,0,1,1,time_oriented_removal,best_position_first,8796127896864080251,15,13,13,25.914236484823878,26.06864855866896,-0.1544120738450836,-0.5958580872545165
vrptw,0,1,1,time_oriented_removal,sequential_insertion,5805727566956084237,15,13,12,25.914236484823878,24.79071702470411,1.1235194601197662,4.33552985741151
vrptw,0,2,2,random_removal,greedy_insertion,14069160363161589697,15,13,13,25.79896977084944,24.434814786365006,1.3641549844844327,5.287633562894467
vrptw,0,2,2,random_removal,regret_2,11793770810977526489,15,13,14,25.79896977084944,24.30694256798838,1.4920272028610597,5.783282108213944
vrptw,0,2,2,random_removal,regret_3,1227452679040749948,15,13,14,25.79896977084944,24.30694256798838,1.4920272028610597,5.783282108213944
vrptw,0,2,2,random_removal,greedy_with_noise,16550083885507607596,15,13,14,25.79896977084944,24.823957880585983,0.9750118902634561,3.77926676500522
vrptw,0,2,2,random_removal,best_position_first,6730486654118424889,15,13,15,25.79896977084944,26.968614027288098,-1.1696442564386587,-4.533685906172321
vrptw,0,2,2,random_removal,sequential_insertion,2839728737501489585,15,13,14,25.79896977084944,25.736865921273566,0.06210384957587323,0.2407222076210388
vrptw,0,2,2,shaw_removal,greedy_insertion,1716413263363194176,15,13,13,25.79896977084944,23.408733449142538,2.390236321706901,9.264851825237058
vrptw,0,2,2,shaw_removal,regret_2,12078354959868047429,15,13,13,25.79896977084944,23.20838285312048,2.5905869177289595,10.041435533042463
vrptw,0,2,2,shaw_removal,regret_3,7117231862044597423,15,13,13,25.79896977084944,23.408733449142538,2.390236321706901,9.264851825237058
vrptw,0,2,2,shaw_removal,greedy_with_noise,5539295490953617579,15,13,13,25.79896977084944,23.275672957197774,2.5232968136516654,9.780610761065228
vrptw,0,2,2,shaw_removal,best_position_first,8039362173166463359,15,13,13,25.79896977084944,23.34696165000784,2.4520081208415974,9.504286964249829
vrptw,0,2,2,shaw_removal,sequential_insertion,6147408060771485116,15,13,13,25.79896977084944,24.634284415316248,1.1646853555331909,4.514464592493854
vrptw,0,2,2,worst_removal,greedy_insertion,13015150438450506753,15,13,13,25.79896977084944,24.722317858815398,1.0766519120340412,4.173236069490507
vrptw,0,2,2,worst_removal,regret_2,3491228315125504200,15,13,14,25.79896977084944,23.637433480548488,2.161536290300951,8.378382197041436
vrptw,0,2,2,worst_removal,regret_3,8285472561723374658,15,13,14,25.79896977084944,23.637433480548488,2.161536290300951,8.378382197041436
vrptw,0,2,2,worst_removal,greedy_with_noise,6405105512128686213,15,13,15,25.79896977084944,24.507318558362744,1.2916512124866948,5.006599968755911
vrptw,0,2,2,worst_removal,best_position_first,7354185591384020277,15,13,15,25.79896977084944,24.507318558362744,1.2916512124866948,5.006599968755911
vrptw,0,2,2,worst_removal,sequential_insertion,15819955666842158477,15,13,14,25.79896977084944,24.66302781322358,1.1359419576258603,4.403051624601594
vrptw,0,2,2,route_removal,greedy_insertion,14921645470494916824,15,13,12,25.79896977084944,25.129200464786884,0.6697693060625554,2.596108728416495
vrptw,0,2,2,route_removal,regret_2,16221074255597098298,15,13,12,25.79896977084944,24.006176397016134,1.7927933738333053,6.949089013077583
vrptw,0,2,2,route_removal,regret_3,6854884916258964828,15,13,12,25.79896977084944,24.006176397016134,1.7927933738333053,6.949089013077583
vrptw,0,2,2,route_removal,greedy_with_noise,2934994279023229802,15,13,12,25.79896977084944,25.28213860383941,0.5168311670100287,2.0033015721193737
vrptw,0,2,2,route_removal,best_position_first,10410649034833046914,15,13,12,25.79896977084944,25.28213860383941,0.5168311670100287,2.0033015721193737
vrptw,0,2,2,route_removal,sequential_insertion,14030895128975507349,15,13,12,25.79896977084944,24.565053324789996,1.2339164460594425,4.782812868185378
vrptw,0,2,2,cluster_removal,greedy_insertion,16517790135662996076,15,13,13,25.79896977084944,25.39034328971934,0.40862648113009925,1.5838868170302334
vrptw,0,2,2,cluster_removal,regret_2,2683779419354480027,15,13,13,25.79896977084944,25.308516126700216,0.4904536441492233,1.9010590287345221
vrptw,0,2,2,cluster_removal,regret_3,10474911101234667929,15,13,13,25.79896977084944,25.308516126700216,0.4904536441492233,1.9010590287345221
vrptw,0,2,2,cluster_removal,greedy_with_noise,18107579852356592681,15,13,13,25.79896977084944,25.98426701834441,-0.18529724749497234,-0.7182350657441441
vrptw,0,2,2,cluster_removal,best_position_first,13521995635340905780,15,13,13,25.79896977084944,26.333639819040652,-0.534670048191213,-2.072447283516503
vrptw,0,2,2,cluster_removal,sequential_insertion,17534514456784469402,15,13,13,25.79896977084944,25.7018509195687,0.09711885128074016,0.3764446880761723
vrptw,0,2,2,time_oriented_removal,greedy_insertion,8753667962204438873,15,13,14,25.79896977084944,25.015629465937725,0.7833403049117145,3.0363239767691033
vrptw,0,2,2,time_oriented_removal,regret_2,6049913822119972524,15,13,13,25.79896977084944,24.152091481892377,1.646878288957062,6.383504084019235
vrptw,0,2,2,time_oriented_removal,regret_3,14261279083699548972,15,13,14,25.79896977084944,23.755572265846098,2.043397505003341,7.920461643054445
vrptw,0,2,2,time_oriented_removal,greedy_with_noise,15837208384457875430,15,13,14,25.79896977084944,26.15624830943456,-0.3572785385851205,-1.3848558363319365
vrptw,0,2,2,time_oriented_removal,best_position_first,9050774006282820103,15,13,16,25.79896977084944,28.324477028206694,-2.525507257357255,-9.789178714457254
vrptw,0,2,2,time_oriented_removal,sequential_insertion,11403229981189350892,15,13,15,25.79896977084944,25.913316886223466,-0.1143471153740272,-0.4432235720638324
vrptw,0,3,3,random_removal,greedy_insertion,286143381710521110,15,12,12,25.688137856316246,25.823865285927308,-0.13572742961106243,-0.5283661679575171
vrptw,0,3,3,random_removal,regret_2,3855082635253856525,15,12,12,25.688137856316246,25.61861549764156,0.06952235867468559,0.27063993140939685
vrptw,0,3,3,random_removal,regret_3,3151385095690617351,15,12,12,25.688137856316246,25.823865285927308,-0.13572742961106243,-0.5283661679575171
vrptw,0,3,3,random_removal,greedy_with_noise,10147217566615516278,15,12,12,25.688137856316246,26.1412934953466,-0.45315563903035283,-1.7640657394670984
vrptw,0,3,3,random_removal,best_position_first,6893078696912017533,15,12,13,25.688137856316246,27.38758003942095,-1.6994421831047042,-6.615669039968354
vrptw,0,3,3,random_removal,sequential_insertion,6633766997312832049,15,12,12,25.688137856316246,26.144189822133953,-0.45605196581770713,-1.7753406975958448
vrptw,0,3,3,shaw_removal,greedy_insertion,9461138004290569977,15,12,12,25.688137856316246,25.553980440907644,0.13415741540860182,0.5222543422921369
vrptw,0,3,3,shaw_removal,regret_2,417712747536666864,15,12,12,25.688137856316246,25.807786462467316,-0.11964860615107042,-0.46577376227234396
vrptw,0,3,3,shaw_removal,regret_3,2734895464456287226,15,12,12,25.688137856316246,26.073169743704153,-0.38503188738790683,-1.4988703717705816
vrptw,0,3,3,shaw_removal,greedy_with_noise,7871560400704032538,15,12,13,25.688137856316246,28.220028336875778,-2.5318904805595324,-9.856263208806265
vrptw,0,3,3,shaw_removal,best_position_first,14492633966646179402,15,12,13,25.688137856316246,28.220028336875778,-2.5318904805595324,-9.856263208806265
vrptw,0,3,3,shaw_removal,sequential_insertion,7634194819070433241,15,12,13,25.688137856316246,26.716611099809008,-1.028473243492762,-4.003689365283748
vrptw,0,3,3,worst_removal,greedy_insertion,8891654741358322689,15,12,12,25.688137856316246,25.483327746589516,0.2048101097267292,0.7972944978429806
vrptw,0,3,3,worst_removal,regret_2,14454077254101396616,15,12,12,25.688137856316246,23.714860996884255,1.9732768594319907,7.681665640652103
vrptw,0,3,3,worst_removal,regret_3,9508670878714827496,15,12,12,25.688137856316246,24.31114809241324,1.3769897639030049,5.360410986600292
vrptw,0,3,3,worst_removal,greedy_with_noise,15349998366880166249,15,12,13,25.688137856316246,24.938544191331935,0.7495936649843102,2.918053730391356
vrptw,0,3,3,worst_removal,best_position_first,7781019685793579660,15,12,12,25.688137856316246,23.330724825285696,2.35741303103055,9.177049127564164
vrptw,0,3,3,worst_removal,sequential_insertion,10505924270626809510,15,12,12,25.688137856316246,25.008890954531132,0.6792469017851133,2.6442045179935016
vrptw,0,3,3,route_removal,greedy_insertion,2250381435202019056,15,12,12,25.688137856316246,25.928546100969037,-0.24040824465279087,-0.9358726039134785
vrptw,0,3,3,route_removal,regret_2,15673650614604643343,15,12,13,25.688137856316246,24.1600218920051,1.5281159643111444,5.94872221901989
vrptw,0,3,3,route_removal,regret_3,18079371665424460017,15,12,13,25.688137856316246,24.1600218920051,1.5281159643111444,5.94872221901989
vrptw,0,3,3,route_removal,greedy_with_noise,2555534408943074300,15,12,12,25.688137856316246,25.826423246841138,-0.1382853905248922,-0.5383239193840216
vrptw,0,3,3,route_removal,best_position_first,18217269419022428582,15,12,13,25.688137856316246,26.60118442836704,-0.9130465720507956,-3.554350950457447
vrptw,0,3,3,route_removal,sequential_insertion,10250011282992132938,15,12,12,25.688137856316246,25.044544473830914,0.6435933824853315,2.5054108090092004
vrptw,0,3,3,cluster_removal,greedy_insertion,2920623226466974729,15,12,12,25.688137856316246,27.00034991548481,-1.3122120591685658,-5.108241268823293
vrptw,0,3,3,cluster_removal,regret_2,11933259036400276098,15,12,12,25.688137856316246,25.36561842163601,0.3225194346802347,1.2555189343977031
vrptw,0,3,3,cluster_removal,regret_3,548089068894202233,15,12,12,25.688137856316246,24.975021567359615,0.7131162889566305,2.776052872907205
vrptw,0,3,3,cluster_removal,greedy_with_noise,11161190232590034697,15,12,12,25.688137856316246,26.672397265775803,-0.9842594094595576,-3.8315716575677987
vrptw,0,3,3,cluster_removal,best_position_first,16792729652111586386,15,12,13,25.688137856316246,26.937500057179733,-1.2493622008634873,-4.863576362956538
vrptw,0,3,3,cluster_removal,sequential_insertion,13854800800356188479,15,12,13,25.688137856316246,25.495634912469843,0.19250294384640299,0.7493845794628902
vrptw,0,3,3,time_oriented_removal,greedy_insertion,2609207766717431045,15,12,12,25.688137856316246,26.423483273203743,-0.7353454168874975,-2.8625874752018645
vrptw,0,3,3,time_oriented_removal,regret_2,9082214905870586675,15,12,12,25.688137856316246,25.24554189674737,0.44259595956887665,1.7229585190039391
vrptw,0,3,3,time_oriented_removal,regret_3,6069632189123458611,15,12,12,25.688137856316246,25.111301421952646,0.5768364343635994,2.245536198809233
vrptw,0,3,3,time_oriented_removal,greedy_with_noise,5501275570887380359,15,12,14,25.688137856316246,27.534027640096166,-1.8458897837799206,-7.1857671977030835
vrptw,0,3,3,time_oriented_removal,best_position_first,4123522608017121679,15,12,15,25.688137856316246,28.589762477068025,-2.901624620751779,-11.295581785576264
vrptw,0,3,3,time_oriented_removal,sequential_insertion,13338612815073408724,15,12,14,25.688137856316246,28.60949974734499,-2.921361891028745,-11.372415966346253
vrptw,0,4,4,random_removal,greedy_insertion,7141936047950585419,15,12,13,24.945213716052322,26.78466929434371,-1.839455578291389,-7.3739820361117765
vrptw,0,4,4,random_removal,regret_2,3674726724854597365,15,12,12,24.945213716052322,24.244516728807177,0.700696987245145,2.808943612273982
vrptw,0,4,4,random_removal,regret_3,3133759951208432908,15,12,12,24.945213716052322,24.19762112828517,0.7475925877671514,2.996937994907108
vrptw,0,4,4,random_removal,greedy_with_noise,11176724041368672377,15,12,14,24.945213716052322,27.65821031859415,-2.7129966025418284,-10.875820241203254
vrptw,0,4,4,random_removal,best_position_first,18241701767236906124,15,12,14,24.945213716052322,27.29575450916552,-2.350540793113197,-9.42281280837701
vrptw,0,4,4,random_removal,sequential_insertion,6429813997106608748,15,12,13,24.945213716052322,26.397132671788945,-1.4519189557366232,-5.820431014396597
vrptw,0,4,4,shaw_removal,greedy_insertion,15506111171901240495,15,12,12,24.945213716052322,24.692632894534384,0.25258082151793815,1.0125422231015067
vrptw,0,4,4,shaw_removal,regret_2,16910046549339621627,15,12,13,24.945213716052322,25.796992964351123,-0.8517792482988007,-3.4145999228328043
vrptw,0,4,4,shaw_removal,regret_3,9858212334549236857,15,12,12,24.945213716052322,24.201605660592,0.7436080554603208,2.9809648613345283
vrptw,0,4,4,shaw_removal,greedy_with_noise,11407276974049506417,15,12,12,24.945213716052322,24.585705050165423,0.35950866588689934,1.4411929678339632
vrptw,0,4,4,shaw_removal,best_position_first,15099304480768177519,15,12,12,24.945213716052322,25.75431298357008,-0.8090992675177588,-3.243505053625181
vrptw,0,4,4,shaw_removal,sequential_insertion,5447899457395069759,15,12,13,24.945213716052322,26.12313514223244,-1.1779214261801165,-4.722033812130142
vrptw,0,4,4,worst_removal,greedy_insertion,7792762354557228108,15,12,13,24.945213716052322,24.46376663962197,0.4814470764303529,1.9300178459507051
vrptw,0,4,4,worst_removal,regret_2,1196601478357714672,15,12,12,24.945213716052322,23.596147095416008,1.3490666206363144,5.408118110321845
vrptw,0,4,4,worst_removal,regret_3,13546892646924365678,15,12,12,24.945213716052322,23.596147095416008,1.3490666206363144,5.408118110321845
vrptw,0,4,4,worst_removal,greedy_with_noise,12921476398935305184,15,12,13,24.945213716052322,24.969681052448433,-0.02446733639611054,-0.09808429254051944
vrptw,0,4,4,worst_removal,best_position_first,14846385678534332287,15,12,14,24.945213716052322,24.842235347060655,0.10297836899166768,0.41281814685516516
vrptw,0,4,4,worst_removal,sequential_insertion,15771708339067939100,15,12,14,24.945213716052322,24.112933055029416,0.8322806610229065,3.3364342775196643
vrptw,0,4,4,route_removal,greedy_insertion,10339432858900714176,15,12,12,24.945213716052322,24.28660590735073,0.6586078087015927,2.64021714224792
vrptw,0,4,4,route_removal,regret_2,136430756071355436,15,12,12,24.945213716052322,24.28660590735073,0.6586078087015927,2.64021714224792
vrptw,0,4,4,route_removal,regret_3,4458581400403468714,15,12,12,24.945213716052322,24.565318649023947,0.37989506702837517,1.5229176681052508
vrptw,0,4,4,route_removal,greedy_with_noise,2308875561523421123,15,12,12,24.945213716052322,27.22973572858622,-2.2845220125338983,-9.158157707279138
vrptw,0,4,4,route_removal,best_position_first,17200860799418427685,15,12,12,24.945213716052322,27.155662246007537,-2.2104485299552152,-8.861213037163857
vrptw,0,4,4,route_removal,sequential_insertion,15256953926112079580,15,12,12,24.945213716052322,24.62092670829689,0.3242870077554336,1.2999969110176592
vrptw,0,4,4,cluster_removal,greedy_insertion,6068405367997873502,15,12,12,24.945213716052322,24.624838267792125,0.32037544826019726,1.284316309761799
vrptw,0,4,4,cluster_removal,regret_2,13597537388301937958,15,12,12,24.945213716052322,24.69826873949778,0.24694497655454128,0.9899493320260929
vrptw,0,4,4,cluster_removal,regret_3,2381029143249480207,15,12,12,24.945213716052322,24.494594746023676,0.45061897002864626,1.8064345936578268
vrptw,0,4,4,cluster_removal,greedy_with_noise,4371275668210317760,15,12,12,24.945213716052322,26.134050676701325,-1.1888369606490024,-4.765791843603176
vrptw,0,4,4,cluster_removal,best_position_first,18052396883263036958,15,12,12,24.945213716052322,26.134050676701325,-1.1888369606490024,-4.765791843603176
vrptw,0,4,4,cluster_removal,sequential_insertion,2914281729714915609,15,12,12,24.945213716052322,24.289884104582615,0.6553296114697069,2.6270755541693367
vrptw,0,4,4,time_oriented_removal,greedy_insertion,18198890302912403902,15,12,13,24.945213716052322,24.91017353916423,0.035040176888092134,0.1404685375196592
vrptw,0,4,4,time_oriented_removal,regret_2,6071229237042032705,15,12,12,24.945213716052322,23.54489367096008,1.4003200450922435,5.613582072424311
vrptw,0,4,4,time_oriented_removal,regret_3,7845981668126287268,15,12,12,24.945213716052322,23.877165744700903,1.0680479713514188,4.281574748201603
vrptw,0,4,4,time_oriented_removal,greedy_with_noise,10151144705113830157,15,12,14,24.945213716052322,25.835156015470304,-0.8899422994179815,-3.5675873919063714
vrptw,0,4,4,time_oriented_removal,best_position_first,12145490992799431363,15,12,14,24.945213716052322,26.102681113031746,-1.157467396979424,-4.640038005505602
vrptw,0,4,4,time_oriented_removal,sequential_insertion,17609195849210510400,15,12,13,24.945213716052322,25.609464399260244,-0.6642506832079214,-2.6628382132499993
vrptw,0,5,5,random_removal,greedy_insertion,12208858211411423678,15,13,13,25.362465181450897,25.254719222932287,0.1077459585186098,0.4248244709170106
vrptw,0,5,5,random_removal,regret_2,7709124750130317470,15,13,13,25.362465181450897,23.67308501369276,1.689380167758138,6.660946227710087
vrptw,0,5,5,random_removal,regret_3,7102580738035577857,15,13,13,25.362465181450897,23.67308501369276,1.689380167758138,6.660946227710087
vrptw,0,5,5,random_removal,greedy_with_noise,2323034753109032367,15,13,13,25.362465181450897,23.821139030300014,1.5413261511508836,6.077193759059938
vrptw,0,5,5,random_removal,best_position_first,1728629544916790633,15,13,13,25.362465181450897,24.542569785694123,0.8198953957567738,3.232711764771245
vrptw,0,5,5,random_removal,sequential_insertion,6585153907495409423,15,13,14,25.362465181450897,25.035331971639458,0.32713320981143923,1.2898320706249466
vrptw,0,5,5,shaw_removal,greedy_insertion,2854374318042582676,15,13,12,25.362465181450897,25.560023967947203,-0.19755878649630532,-0.7789415779692898
vrptw,0,5,5,shaw_removal,regret_2,60332125349687403,15,13,12,25.362465181450897,25.324568813988353,0.03789636746254388,0.14941910098810024
vrptw,0,5,5,shaw_removal,regret_3,5100858312907813804,15,13,12,25.362465181450897,25.324568813988353,0.03789636746254388,0.14941910098810024
vrptw,0,5,5,shaw_removal,greedy_with_noise,9254228648750791858,15,13,13,25.362465181450897,26.009523545564246,-0.6470583641133487,-2.551243972082736
vrptw,0,5,5,shaw_removal,best_position_first,15992875249161504405,15,13,13,25.362465181450897,26.009523545564246,-0.6470583641133487,-2.551243972082736
vrptw,0,5,5,shaw_removal,sequential_insertion,6123730312616160192,15,13,12,25.362465181450897,25.73151722481314,-0.36905204336224173,-1.455111089249131
vrptw,0,5,5,worst_removal,greedy_insertion,9699354771603494514,15,13,13,25.362465181450897,24.69161900512086,0.6708461763300377,2.645035376216773
vrptw,0,5,5,worst_removal,regret_2,16940484824461910971,15,13,13,25.362465181450897,23.236244918587566,2.126220262863331,8.383334378782566
vrptw,0,5,5,worst_removal,regret_3,13520241302760727005,15,13,13,25.362465181450897,23.236244918587566,2.126220262863331,8.383334378782566
vrptw,0,5,5,worst_removal,greedy_with_noise,17773156689474451504,15,13,14,25.362465181450897,25.72753537507967,-0.365070193628771,-1.439411315173609
vrptw,0,5,5,worst_removal,best_position_first,5219173082706750320,15,13,14,25.362465181450897,25.587012261051008,-0.22454707960011078,-0.885351948218092
vrptw,0,5,5,worst_removal,sequential_insertion,4518986402625049393,15,13,13,25.362465181450897,25.019862160661766,0.34260302078913085,1.350826973395698
vrptw,0,5,5,route_removal,greedy_insertion,12219995127597193402,15,13,12,25.362465181450897,23.86697205032635,1.4954931311245474,5.896481751380745
vrptw,0,5,5,route_removal,regret_2,13553341765362040466,15,13,12,25.362465181450897,23.57917628576675,1.783288895684148,7.031212789947466
vrptw,0,5,5,route_removal,regret_3,711936720516692879,15,13,12,25.362465181450897,23.656734181673002,1.705730999777895,6.725414850546151
vrptw,0,5,5,route_removal,greedy_with_noise,13031414705022657687,15,13,13,25.362465181450897,26.54622729404932,-1.1837621125984228,-4.667377970277824
vrptw,0,5,5,route_removal,best_position_first,3779736629972709823,15,13,13,25.362465181450897,26.54622729404932,-1.1837621125984228,-4.667377970277824
vrptw,0,5,5,route_removal,sequential_insertion,17278038289301224642,15,13,12,25.362465181450897,24.45432856226492,0.9081366191859779,3.5806322953580754
vrptw,0,5,5,cluster_removal,greedy_insertion,6435945898424248203,15,13,12,25.362465181450897,23.81314850607671,1.549316675374186,6.108699072782937
vrptw,0,5,5,cluster_removal,regret_2,6509250648886555393,15,13,13,25.362465181450897,23.06473548591109,2.2977296955398074,9.059567668604533
vrptw,0,5,5,cluster_removal,regret_3,3218944519837389948,15,13,13,25.362465181450897,23.06473548591109,2.2977296955398074,9.059567668604533
vrptw,0,5,5,cluster_removal,greedy_with_noise,12277638083851659100,15,13,12,25.362465181450897,23.946344098627648,1.416121082823249,5.5835309095227235
vrptw,0,5,5,cluster_removal,best_position_first,665024629150772281,15,13,13,25.362465181450897,23.648963164903567,1.7135020165473307,6.756054682730597
vrptw,0,5,5,cluster_removal,sequential_insertion,4243122182988521666,15,13,12,25.362465181450897,23.72144686566096,1.641018315789939,6.470263454477267
vrptw,0,5,5,time_oriented_removal,greedy_insertion,5280661250565357996,15,13,13,25.362465181450897,24.535346126210058,0.8271190552408392,3.2611934578258635
vrptw,0,5,5,time_oriented_removal,regret_2,312931242523445018,15,13,13,25.362465181450897,23.656102957715213,1.7063622237356846,6.727903662076391
vrptw,0,5,5,time_oriented_removal,regret_3,12460820483400309580,15,13,13,25.362465181450897,23.546781056420663,1.8156841250302342,7.158941814371237
vrptw,0,5,5,time_oriented_removal,greedy_with_noise,3480730248169730818,15,13,13,25.362465181450897,24.787905933073148,0.5745592483777493,2.2653919651231664
vrptw,0,5,5,time_oriented_removal,best_position_first,15549893961363067303,15,13,13,25.362465181450897,23.96758582803322,1.3948793534176787,5.499778288262918
vrptw,0,5,5,time_oriented_removal,sequential_insertion,828097574103725426,15,13,13,25.362465181450897,24.48325176280621,0.8792134186446887,3.4665929055181537
vrptw,1,0,6,random_removal,greedy_insertion,4152896825110475075,15,12,12,23.079554292021918,20.401068419922993,2.678485872098925,11.605448867029537
vrptw,1,0,6,random_removal,regret_2,18263507977894498229,15,12,12,23.079554292021918,19.635819789074677,3.4437345029472404,14.92114821358427
vrptw,1,0,6,random_removal,regret_3,9693969465159953249,15,12,12,23.079554292021918,19.221479805013338,3.8580744870085795,16.71641678254692
vrptw,1,0,6,random_removal,greedy_with_noise,15664022228392909496,15,12,13,23.079554292021918,20.251929662119494,2.8276246299024237,12.25164313887929
vrptw,1,0,6,random_removal,best_position_first,10235933304805795354,15,12,14,23.079554292021918,21.024068599682902,2.0554856923390155,8.906089200559435
vrptw,1,0,6,random_removal,sequential_insertion,14032106298511139660,15,12,13,23.079554292021918,19.64647440104221,3.433079890979709,14.874983492061835
vrptw,1,0,6,shaw_removal,greedy_insertion,15260285285321336625,15,12,12,23.079554292021918,21.081611836798213,1.9979424552237042,8.65676360099531
vrptw,1,0,6,shaw_removal,regret_2,13402880565047091799,15,12,12,23.079554292021918,20.595690754397417,2.483863537624501,10.762181566405363
vrptw,1,0,6,shaw_removal,regret_3,1724710128060086354,15,12,12,23.079554292021918,20.747467061082766,2.332087230939152,10.104559219089001
vrptw,1,0,6,shaw_removal,greedy_with_noise,571143107347287161,15,12,13,23.079554292021918,23.492645471304062,-0.41309117928214434,-1.789857698529909
vrptw,1,0,6,shaw_removal,best_position_first,47244085506811729,15,12,13,23.079554292021918,22.984946856384294,0.09460743563762364,0.4099188157646844
vrptw,1,0,6,shaw_removal,sequential_insertion,18263885957682744038,15,12,13,23.079554292021918,20.948200120584538,2.13135417143738,9.234815128878555
vrptw,1,0,6,worst_removal,greedy_insertion,14591460810381804319,15,12,12,23.079554292021918,19.813053417101628,3.2665008749202897,14.153223383735126
vrptw,1,0,6,worst_removal,regret_2,10667385504588921102,15,12,12,23.079554292021918,19.684804517827654,3.3947497741942634,14.708905255452667
vrptw,1,0,6,worst_removal,regret_3,12169907838355408505,15,12,12,23.079554292021918,19.762119052042703,3.317435239979215,14.373913802685426
vrptw,1,0,6,worst_removal,greedy_with_noise,14759286484786367937,15,12,12,23.079554292021918,20.670420681162533,2.409133610859385,10.43838880238761
vrptw,1,0,6,worst_removal,best_position_first,13999966337958692633,15,12,12,23.079554292021918,20.6653083139175,2.414245978104418,10.46053986813328
vrptw,1,0,6,worst_removal,sequential_insertion,16009131240700569400,15,12,12,23.079554292021918,19.742368426826275,3.337185865195643,14.459490087940011
vrptw,1,0,6,route_removal,greedy_insertion,337252897307906190,15,12,12,23.079554292021918,21.88387829804729,1.1956759939746284,5.180671943859621
vrptw,1,0,6,route_removal,regret_2,15188381224968447998,15,12,12,23.079554292021918,20.6014801214056,2.478074170616317,10.737097169475804
vrptw,1,0,6,route_removal,regret_3,8002662532148347996,15,12,12,23.079554292021918,20.285760846754144,2.7937934452677737,12.105058052327834
vrptw,1,0,6,route_removal,greedy_with_noise,9541740956365654587,15,12,12,23.079554292021918,22.65598430994671,0.42356998207520746,1.8352606671508647
vrptw,1,0,6,route_removal,best_position_first,8655487487183905934,15,12,12,23.079554292021918,22.65598430994671,0.42356998207520746,1.8352606671508647
vrptw,1,0,6,route_removal,sequential_insertion,14749245472645179169,15,12,12,23.079554292021918,21.94981627897411,1.129738013047806,4.894973268345702
vrptw,1,0,6,cluster_removal,greedy_insertion,11342136828360839683,15,12,12,23.079554292021918,21.350140422398827,1.729413869623091,7.493272390537066
vrptw,1,0,6,cluster_removal,regret_2,17774368330071943890,15,12,12,23.079554292021918,20.51335761009689,2.566196681925028,11.118917850212144
vrptw,1,0,6,cluster_removal,regret_3,12547834812701763258,15,12,12,23.079554292021918,21.058514103492847,2.0210401885290707,8.756842367738873
vrptw,1,0,6,cluster_removal,greedy_with_noise,5109719158931903504,15,12,12,23.079554292021918,22.50007063186762,0.579483660154299,2.5108095798652985
vrptw,1,0,6,cluster_removal,best_position_first,14932711705947738879,15,12,12,23.079554292021918,22.718124126587366,0.36143016543455175,1.5660188271464586
vrptw,1,0,6,cluster_removal,sequential_insertion,6066580703684831888,15,12,12,23.079554292021918,22.27193514904903,0.8076191429728894,3.4992839669008045
vrptw,1,0,6,time_oriented_removal,greedy_insertion,2515556267483419303,15,12,12,23.079554292021918,22.07465662854231,1.004897663479607,4.354060094769584
vrptw,1,0,6,time_oriented_removal,regret_2,11082657608369944334,15,12,12,23.079554292021918,20.676958874619235,2.402595417402683,10.410059860788586
vrptw,1,0,6,time_oriented_removal,regret_3,17480264798912775544,15,12,12,23.079554292021918,20.73368890451506,2.3458653875068585,10.164257757428928
vrptw,1,0,6,time_oriented_removal,greedy_with_noise,7969587526030307004,15,12,12,23.079554292021918,22.763566720881876,0.3159875711400417,1.3691233684234168
vrptw,1,0,6,time_oriented_removal,best_position_first,2600331864762675550,15,12,12,23.079554292021918,22.786532163402928,0.2930221286189898,1.2696177963899458
vrptw,1,0,6,time_oriented_removal,sequential_insertion,3255122421964019215,15,12,12,23.079554292021918,20.782506188733667,2.297048103288251,9.952740309557402
vrptw,1,1,7,random_removal,greedy_insertion,12808734242988203852,15,12,11,18.98835336807454,17.570009846941918,1.4183435211326234,7.469544586827154
vrptw,1,1,7,random_removal,regret_2,17136231454525320077,15,12,11,18.98835336807454,17.507279159835637,1.4810742082389048,7.799908604655849
vrptw,1,1,7,random_removal,regret_3,957547288365674803,15,12,11,18.98835336807454,17.570009846941918,1.4183435211326234,7.469544586827154
vrptw,1,1,7,random_removal,greedy_with_noise,14079635824130196501,15,12,12,18.98835336807454,18.60254954195695,0.38580382611759134,2.0317919023260345
vrptw,1,1,7,random_removal,best_position_first,8673268436685267202,15,12,12,18.98835336807454,18.60254954195695,0.38580382611759134,2.0317919023260345
vrptw,1,1,7,random_removal,sequential_insertion,1202116003465781180,15,12,11,18.98835336807454,17.84308761082304,1.1452657572515008,6.031411650349085
vrptw,1,1,7,shaw_removal,greedy_insertion,14193066910019600191,15,12,12,18.98835336807454,18.256510001534306,0.731843366540236,3.8541697236933525
vrptw,1,1,7,shaw_removal,regret_2,6075691089144533120,15,12,12,18.98835336807454,18.13684565115974,0.8515077169148029,4.484368393662075
vrptw,1,1,7,shaw_removal,regret_3,13051922433261668447,15,12,12,18.98835336807454,17.953830811180318,1.034522556894224,5.448195200714904
vrptw,1,1,7,shaw_removal,greedy_with_noise,14910021354557181435,15,12,13,18.98835336807454,18.329459781666632,0.6588935864079097,3.46998801652659
vrptw,1,1,7,shaw_removal,best_position_first,15903421850276472184,15,12,13,18.98835336807454,18.409791705941227,0.5785616621333141,3.0469290881539
vrptw,1,1,7,shaw_removal,sequential_insertion,14046726504087140451,15,12,13,18.98835336807454,18.275709196255526,0.7126441718190151,3.753059351724497
vrptw,1,1,7,worst_removal,greedy_insertion,12023016951835942141,15,12,13,18.98835336807454,18.077079159896947,0.9112742081775949,4.79912181174033
vrptw,1,1,7,worst_removal,regret_2,16263808567012090487,15,12,13,18.98835336807454,17.852313217817336,1.1360401502572053,5.982826042026635
vrptw,1,1,7,worst_removal,regret_3,8090124710228329380,15,12,13,18.98835336807454,18.05613672149131,0.9322166465832318,4.909412777995717
vrptw,1,1,7,worst_removal,greedy_with_noise,7914963589455144511,15,12,14,18.98835336807454,20.28766241103527,-1.2993090429607292,-6.842663067063418
vrptw,1,1,7,worst_removal,best_position_first,1804949920721284297,15,12,14,18.98835336807454,20.2761951187928,-1.2878417507182576,-6.7822718787376735
vrptw,1,1,7,worst_removal,sequential_insertion,1569649814747808076,15,12,13,18.98835336807454,19.17796518083041,-0.18961181275586725,-0.99856901270157
vrptw,1,1,7,route_removal,greedy_insertion,12195161395013109629,15,12,11,18.98835336807454,19.045147429675595,-0.05679406160105316,-0.2990994558619392
vrptw,1,1,7,route_removal,regret_2,5229664422537711961,15,12,11,18.98835336807454,17.346455805590722,1.6418975624838197,8.646866479978046
vrptw,1,1,7,route_removal,regret_3,15180824919625836113,15,12,11,18.98835336807454,17.388170100881453,1.6001832671930885,8.42718289561382
vrptw,1,1,7,route_removal,greedy_with_noise,1494821501334693803,15,12,11,18.98835336807454,17.76749001916921,1.2208633489053327,6.429537755274726
vrptw,1,1,7,route_removal,best_position_first,13873363988968923513,15,12,11,18.98835336807454,17.440965784041254,1.547387584033288,8.149140444347
vrptw,1,1,7,route_removal,sequential_insertion,9520614144916023332,15,12,11,18.98835336807454,17.49571669091617,1.492636677158373,7.860801030109171
vrptw,1,1,7,cluster_removal,greedy_insertion,762856491173513284,15,12,12,18.98835336807454,17.72155742776555,1.2667959403089917,6.671436515600549
vrptw,1,1,7,cluster_removal,regret_2,13282621702594258219,15,12,12,18.98835336807454,17.64121569199307,1.34713767608147,7.094547115109185
vrptw,1,1,7,cluster_removal,regret_3,2551628629033771874,15,12,12,18.98835336807454,17.66081515233516,1.3275382157393807,6.991328789843328
vrptw,1,1,7,cluster_removal,greedy_with_noise,13604316511949948742,15,12,12,18.98835336807454,18.26640491349891,0.7219484545756316,3.8020592969870495
vrptw,1,1,7,cluster_removal,best_position_first,14136653817754760447,15,12,12,18.98835336807454,18.538345510184,0.4500078578905402,2.3699151220091914
vrptw,1,1,7,cluster_removal,sequential_insertion,1270344181747231514,15,12,12,18.98835336807454,17.764247120393932,1.2241062476806093,6.446616112267644
vrptw,1,1,7,time_oriented_removal,greedy_insertion,2131228683160505583,15,12,12,18.98835336807454,18.33520318487621,0.6531501831983313,3.439741037769417
vrptw,1,1,7,time_oriented_removal,regret_2,1554715002056573014,15,12,12,18.98835336807454,18.28950915967688,0.6988442083976629,3.68038341635585
vrptw,1,1,7,time_oriented_removal,regret_3,6535769186717710650,15,12,12,18.98835336807454,18.37187634899556,0.6164770190789817,3.2466059964708447
vrptw,1,1,7,time_oriented_removal,greedy_with_noise,9596386994702650172,15,12,12,18.98835336807454,18.394697039643987,0.5936563284305549,3.1264234287354267
vrptw,1,1,7,time_oriented_removal,best_position_first,1062967197324538663,15,12,12,18.98835336807454,20.061500031221414,-1.073146663146872,-5.651604656521575
vrptw,1,1,7,time_oriented_removal,sequential_insertion,3540764748711400239,15,12,12,18.98835336807454,18.793603875942125,0.19474949213241644,1.0256260158916795
vrptw,1,2,8,random_removal,greedy_insertion,17200423020326760863,15,11,13,21.625485351511387,21.245599689027525,0.37988566248386135,1.7566572787107941
vrptw,1,2,8,random_removal,regret_2,10911462672712294148,15,11,11,21.625485351511387,19.064274779151226,2.56121057236016,11.843482496364684
vrptw,1,2,8,random_removal,regret_3,11741317807328917696,15,11,12,21.625485351511387,19.244991811330863,2.380493540180524,11.007815554133462
vrptw,1,2,8,random_removal,greedy_with_noise,3235730350425206485,15,11,12,21.625485351511387,20.157635898745347,1.467849452766039,6.787590793486872
vrptw,1,2,8,random_removal,best_position_first,4236309865395783074,15,11,13,21.625485351511387,20.4286403642179,1.1968449872934848,5.534419079337973
vrptw,1,2,8,random_removal,sequential_insertion,17751358916741479114,15,11,12,21.625485351511387,20.888786045434873,0.7366993060765132,3.4066255351120986
vrptw,1,2,8,shaw_removal,greedy_insertion,12271317163195662695,15,11,11,21.625485351511387,20.056124942279908,1.5693604092314786,7.2569950857625365
vrptw,1,2,8,shaw_removal,regret_2,4965775633391080438,15,11,12,21.625485351511387,19.80014709159025,1.8253382599211356,8.440681123457718
vrptw,1,2,8,shaw_removal,regret_3,6676347704265815910,15,11,13,21.625485351511387,19.923426787585832,1.7020585639255543,7.870614398980871
vrptw,1,2,8,shaw_removal,greedy_with_noise,13872832509993271463,15,11,11,21.625485351511387,20.327893756978128,1.2975915945332588,6.000288888048338
vrptw,1,2,8,shaw_removal,best_position_first,11164294146831771779,15,11,12,21.625485351511387,20.106203422888544,1.519281928622842,7.025423494213788
vrptw,1,2,8,shaw_removal,sequential_insertion,18379430291300333901,15,11,12,21.625485351511387,20.425884897182893,1.1996004543284933,5.547160837454473
vrptw,1,2,8,worst_removal,greedy_insertion,11437493373362067914,15,11,11,21.625485351511387,19.80214192902328,1.823343422488108,8.431456648720609
vrptw,1,2,8,worst_removal,regret_2,9791732833322739711,15,11,11,21.625485351511387,19.298064725275065,2.3274206262363215,10.762397182792755
vrptw,1,2,8,worst_removal,regret_3,5964415122317114283,15,11,11,21.625485351511387,19.80214192902328,1.823343422488108,8.431456648720609
vrptw,1,2,8,worst_removal,greedy_with_noise,14160840230603375530,15,11,12,21.625485351511387,21.226203549919926,0.3992818015914601,1.84634839450461
vrptw,1,2,8,worst_removal,best_position_first,7671567666408103079,15,11,12,21.625485351511387,21.4360666067497,0.18941874476168508,0.8759051724517561
vrptw,1,2,8,worst_removal,sequential_insertion,7100579756156383210,15,11,12,21.625485351511387,21.971460507391114,-0.34597515587972794,-1.5998492068782542
vrptw,1,2,8,route_removal,greedy_insertion,7910766508446192201,15,11,12,21.625485351511387,24.042918910008137,-2.41743355849675,-11.178632614263142
vrptw,1,2,8,route_removal,regret_2,11988160595168465583,15,11,11,21.625485351511387,20.801078927666133,0.8244064238452538,3.812198479918217
vrptw,1,2,8,route_removal,regret_3,14930755743458897809,15,11,11,21.625485351511387,20.801078927666133,0.8244064238452538,3.812198479918217
vrptw,1,2,8,route_removal,greedy_with_noise,15932672086891808075,15,11,11,21.625485351511387,22.133867496848715,-0.508382145337329,-2.350847331626703
vrptw,1,2,8,route_removal,best_position_first,7734157365184390099,15,11,11,21.625485351511387,22.106214658740395,-0.48072930722900864,-2.2229758056986726
vrptw,1,2,8,route_removal,sequential_insertion,5558064908464245494,15,11,11,21.625485351511387,22.016377305676805,-0.39089195416541855,-1.8075522829276036
vrptw,1,2,8,cluster_removal,greedy_insertion,14715510233098462298,15,11,12,21.625485351511387,22.826217086580492,-1.2007317350691054,-5.552392076070502
vrptw,1,2,8,cluster_removal,regret_2,1484588435087475175,15,11,11,21.625485351511387,20.309150022674217,1.3163353288371695,6.086963170725655
vrptw,1,2,8,cluster_removal,regret_3,17572798389707882330,15,11,11,21.625485351511387,21.063197951528007,0.5622873999833793,2.600114590926772
vrptw,1,2,8,cluster_removal,greedy_with_noise,6532376225751508202,15,11,12,21.625485351511387,21.826122323172832,-0.20063697166144578,-0.9277802019246862
vrptw,1,2,8,cluster_removal,best_position_first,14575993382247167089,15,11,12,21.625485351511387,20.9507677080762,0.6747176434351871,3.12001156259844
vrptw,1,2,8,cluster_removal,sequential_insertion,18273407366381696034,15,11,12,21.625485351511387,21.960800320408566,-0.3353149688971797,-1.5505546508982506
vrptw,1,2,8,time_oriented_removal,greedy_insertion,10480335153651767423,15,11,11,21.625485351511387,18.606367416689714,3.019117934821672,13.960925665932713
vrptw,1,2,8,time_oriented_removal,regret_2,4136125034720887337,15,11,11,21.625485351511387,18.75990573439849,2.865579617112896,13.250937819588051
vrptw,1,2,8,time_oriented_removal,regret_3,15299142693860192087,15,11,11,21.625485351511387,18.413681430503217,3.211803921008169,14.851939130160142
vrptw,1,2,8,time_oriented_removal,greedy_with_noise,6971836093591562118,15,11,11,21.625485351511387,18.91605052952513,2.7094348219862567,12.528897168991849
vrptw,1,2,8,time_oriented_removal,best_position_first,7338388548689894677,15,11,11,21.625485351511387,19.092511459425825,2.532973892085561,11.712911182862927
vrptw,1,2,8,time_oriented_removal,sequential_insertion,7677245049603524754,15,11,11,21.625485351511387,18.941305404454663,2.684179947056723,12.412114241260847
vrptw,1,3,9,random_removal,greedy_insertion,8661345349967295226,15,11,11,18.653687328840867,19.389324127644507,-0.7356367988036396,-3.943653529917679
vrptw,1,3,9,random_removal,regret_2,17140117618464338942,15,11,11,18.653687328840867,17.993995101033562,0.6596922278073052,3.536524528248851
vrptw,1,3,9,random_removal,regret_3,2169179917524379700,15,11,11,18.653687328840867,18.564496462713514,0.08919086612735327,0.47814067296739426
vrptw,1,3,9,random_removal,greedy_with_noise,2619402686496695809,15,11,11,18.653687328840867,18.771934630602168,-0.1182473017613006,-0.6339084582943336
vrptw,1,3,9,random_removal,best_position_first,5616634711353282350,15,11,11,18.653687328840867,19.54471068651409,-0.8910233576732232,-4.776660731819991
vrptw,1,3,9,random_removal,sequential_insertion,11165275852962711956,15,11,11,18.653687328840867,18.36359615737377,0.29009117146709684,1.5551411704997362
vrptw,1,3,9,shaw_removal,greedy_insertion,9942041946430361602,15,11,11,18.653687328840867,17.697151521579123,0.9565358072617443,5.127864482765419
vrptw,1,3,9,shaw_removal,regret_2,15662487211261282357,15,11,11,18.653687328840867,17.447451429695235,1.2062358991456321,6.466474310849227
vrptw,1,3,9,shaw_removal,regret_3,8098082540741979720,15,11,11,18.653687328840867,17.447451429695235,1.2062358991456321,6.466474310849227
vrptw,1,3,9,shaw_removal,greedy_with_noise,13816984444115928463,15,11,12,18.653687328840867,18.2331990119061,0.42048831693476885,2.254183366120021
vrptw,1,3,9,shaw_removal,best_position_first,14167179127393462040,15,11,11,18.653687328840867,19.061822830865033,-0.40813550202416593,-2.1879615264759953
vrptw,1,3,9,shaw_removal,sequential_insertion,1118766085066427484,15,11,11,18.653687328840867,18.638903977568766,0.014783351272100731,0.07925163004766288
vrptw,1,3,9,worst_removal,greedy_insertion,11789399022930262804,15,11,11,18.653687328840867,16.697119217784362,1.9565681110565052,10.48890804571069
vrptw,1,3,9,worst_removal,regret_2,5413878646528592482,15,11,11,18.653687328840867,16.119306874741568,2.534380454099299,13.586485124476376
vrptw,1,3,9,worst_removal,regret_3,9861641015321788596,15,11,11,18.653687328840867,16.119306874741568,2.534380454099299,13.586485124476376
vrptw,1,3,9,worst_removal,greedy_with_noise,14979098257973295930,15,11,12,18.653687328840867,18.40635710771376,0.24733022112710756,1.3259052581239796
vrptw,1,3,9,worst_removal,best_position_first,2756593179398207932,15,11,12,18.653687328840867,18.259287585390705,0.3943997434501618,2.11432590510066
vrptw,1,3,9,worst_removal,sequential_insertion,6624386445216841270,15,11,11,18.653687328840867,16.119306874741568,2.534380454099299,13.586485124476376
vrptw,1,3,9,route_removal,greedy_insertion,13626469950652747436,15,11,10,18.653687328840867,20.399523299932056,-1.7458359710911893,-9.359200357089264
vrptw,1,3,9,route_removal,regret_2,9530658600377537161,15,11,10,18.653687328840867,17.960352411408152,0.6933349174327148,3.7168786267835356
vrptw,1,3,9,route_removal,regret_3,11413951804005434740,15,11,10,18.653687328840867,17.918987326085563,0.7347000027553037,3.938631487723975
vrptw,1,3,9,route_removal,greedy_with_noise,17856451847940193191,15,11,10,18.653687328840867,18.374501470455883,0.27918585838498444,1.4966792005424536
vrptw,1,3,9,route_removal,best_position_first,17339711012709854029,15,11,10,18.653687328840867,18.64287121777645,0.010816111064418266,0.0579837695022112
vrptw,1,3,9,route_removal,sequential_insertion,13222441731818924129,15,11,10,18.653687328840867,18.009070180808145,0.6446171480327223,3.455708979511337
vrptw,1,3,9,cluster_removal,greedy_insertion,15900933040614500250,15,11,11,18.653687328840867,17.158787070161534,1.4949002586793334,8.013966527508135
vrptw,1,3,9,cluster_removal,regret_2,4694498396067114773,15,11,11,18.653687328840867,16.7647313376142,1.8889559912266662,10.12644823474719
vrptw,1,3,9,cluster_removal,regret_3,11099170216934481485,15,11,11,18.653687328840867,16.50886977777449,2.144817551066378,11.498088893932675
vrptw,1,3,9,cluster_removal,greedy_with_noise,4715805014214194010,15,11,12,18.653687328840867,19.422330397958955,-0.7686430691180881,-4.120595867014842
vrptw,1,3,9,cluster_removal,best_position_first,14260922317069696047,15,11,11,18.653687328840867,18.78127111331237,-0.1275837844715042,-0.6839601319694266
vrptw,1,3,9,cluster_removal,sequential_insertion,12334587467853639259,15,11,12,18.653687328840867,18.269609139948027,0.38407818889283973,2.058993388931786
vrptw,1,3,9,time_oriented_removal,greedy_insertion,11227738939596858839,15,11,12,18.653687328840867,17.380696145767097,1.2729911830737706,6.824340735601221
vrptw,1,3,9,time_oriented_removal,regret_2,9610191430178316849,15,11,11,18.653687328840867,16.8537952280397,1.7998921008011664,9.648988262059666
vrptw,1,3,9,time_oriented_removal,regret_3,7369913254159863932,15,11,11,18.653687328840867,16.71337294596295,1.9403143828779186,10.40177391564807
vrptw,1,3,9,time_oriented_removal,greedy_with_noise,274935917812946243,15,11,11,18.653687328840867,17.237263213661493,1.4164241151793746,7.593266093773378
vrptw,1,3,9,time_oriented_removal,best_position_first,5703472813004892687,15,11,12,18.653687328840867,18.289298236889564,0.36438909195130265,1.9534426922011974
vrptw,1,3,9,time_oriented_removal,sequential_insertion,3851996620183698311,15,11,12,18.653687328840867,18.343590997248413,0.31009633159245453,1.6623862409927281
vrptw,1,4,10,random_removal,greedy_insertion,4803649861148407785,15,12,12,20.777604361635166,18.1128408898253,2.6647634718098665,12.825171879440646
vrptw,1,4,10,random_removal,regret_2,18164271489297194621,15,12,12,20.777604361635166,18.05720211872292,2.7204022429122467,13.092954296190838
vrptw,1,4,10,random_removal,regret_3,2659375579529676273,15,12,12,20.777604361635166,18.091341047299288,2.6862633143358785,12.928647921008317
vrptw,1,4,10,random_removal,greedy_with_noise,1376579779926041580,15,12,12,20.777604361635166,18.368108292850945,2.4094960687842217,11.596601931805184
vrptw,1,4,10,random_removal,best_position_first,1838340503721346382,15,12,12,20.777604361635166,18.26236189123988,2.515242470395286,12.105546080372763
vrptw,1,4,10,random_removal,sequential_insertion,14673376559215582395,15,12,12,20.777604361635166,18.111851020388233,2.6657533412469334,12.82993599670767
vrptw,1,4,10,shaw_removal,greedy_insertion,10120640650752857601,15,12,12,20.777604361635166,19.493750993472283,1.2838533681628839,6.1790250012338115
vrptw,1,4,10,shaw_removal,regret_2,936894507268363998,15,12,11,20.777604361635166,18.938413036927717,1.8391913247074498,8.85179683228268
vrptw,1,4,10,shaw_removal,regret_3,17620566253481939324,15,12,11,20.777604361635166,18.78897681472346,1.988627546911708,9.571014599660064
vrptw,1,4,10,shaw_removal,greedy_with_noise,19268927081764171,15,12,12,20.777604361635166,20.093565271286696,0.6840390903484703,3.292194222407638
vrptw,1,4,10,shaw_removal,best_position_first,1433334738483050598,15,12,12,20.777604361635166,20.078166892033625,0.6994374696015413,3.3663046876232685
vrptw,1,4,10,shaw_removal,sequential_insertion,7451792716436527581,15,12,11,20.777604361635166,19.740475902175177,1.0371284594599892,4.991569005784884
vrptw,1,4,10,worst_removal,greedy_insertion,18010324746114670079,15,12,12,20.777604361635166,19.911474096295333,0.8661302653398337,4.168576175890138
vrptw,1,4,10,worst_removal,regret_2,9431302703310301107,15,12,12,20.777604361635166,19.300413456188043,1.4771909054471237,7.109534283820923
vrptw,1,4,10,worst_removal,regret_3,5404820293869833930,15,12,13,20.777604361635166,18.624196680362555,2.1534076812726113,10.364080688959376
vrptw,1,4,10,worst_removal,greedy_with_noise,5238766842291678646,15,12,13,20.777604361635166,18.71466400583842,2.062940355796748,9.92867281468631
vrptw,1,4,10,worst_removal,best_position_first,7133332929605627950,15,12,12,20.777604361635166,19.766963488049168,1.0106408735859986,4.8640875819740685
vrptw,1,4,10,worst_removal,sequential_insertion,1791230888340200149,15,12,12,20.777604361635166,18.43019415644607,2.347410205189096,11.297790468681146
vrptw,1,4,10,route_removal,greedy_insertion,2037142330658542689,15,12,11,20.777604361635166,19.151539991561037,1.626064370074129,7.826043569664739
vrptw,1,4,10,route_removal,regret_2,2316591248832031035,15,12,11,20.777604361635166,18.38719586044427,2.3904085011908975,11.504735866492242
vrptw,1,4,10,route_removal,regret_3,11668696664015246377,15,12,11,20.777604361635166,18.38719586044427,2.3904085011908975,11.504735866492242
vrptw,1,4,10,route_removal,greedy_with_noise,7057286409651728000,15,12,12,20.777604361635166,19.36921978365822,1.4083845779769462,6.778378072197099
vrptw,1,4,10,route_removal,best_position_first,2109208890873379919,15,12,11,20.777604361635166,19.88725081866941,0.8903535429657552,4.285159768513783
vrptw,1,4,10,route_removal,sequential_insertion,17683512471666010004,15,12,11,20.777604361635166,19.64028952286071,1.1373148387744578,5.473753465411317
vrptw,1,4,10,cluster_removal,greedy_insertion,2529808977664794704,15,12,12,20.777604361635166,19.96483083240036,0.8127735292348071,3.911776906944834
vrptw,1,4,10,cluster_removal,regret_2,11924699406329811933,15,12,12,20.777604361635166,19.510871838165134,1.2667325234700328,6.096624526208578
vrptw,1,4,10,cluster_removal,regret_3,8448185889141341379,15,12,12,20.777604361635166,19.510871838165134,1.2667325234700328,6.096624526208578
vrptw,1,4,10,cluster_removal,greedy_with_noise,15687024159981296129,15,12,12,20.777604361635166,20.61176549995809,0.16583886167707718,0.7981616108895141
vrptw,1,4,10,cluster_removal,best_position_first,149780981834013770,15,12,12,20.777604361635166,20.67297778269126,0.10462657894390759,0.5035545827270418
vrptw,1,4,10,cluster_removal,sequential_insertion,3905363050448292467,15,12,13,20.777604361635166,20.737983526954086,0.03962083468108091,0.19069010070400055
vrptw,1,4,10,time_oriented_removal,greedy_insertion,10249351601156714468,15,12,13,20.777604361635166,20.771130231043475,0.006474130591691107,0.031159177347920217
vrptw,1,4,10,time_oriented_removal,regret_2,1020099964415742610,15,12,12,20.777604361635166,18.945598638427658,1.8320057232075087,8.817213434818395
vrptw,1,4,10,time_oriented_removal,regret_3,9438001250126089877,15,12,12,20.777604361635166,18.945598638427658,1.8320057232075087,8.817213434818395
vrptw,1,4,10,time_oriented_removal,greedy_with_noise,5802202583604497398,15,12,14,20.777604361635166,20.78746809850589,-0.009863736870723727,-0.047472926613891235
vrptw,1,4,10,time_oriented_removal,best_position_first,14466767730083061073,15,12,14,20.777604361635166,20.858243128455026,-0.0806387668198596,-0.388104255988025
vrptw,1,4,10,time_oriented_removal,sequential_insertion,8162063867568848463,15,12,12,20.777604361635166,19.242279548370544,1.535324813264623,7.3893254801767485
vrptw,1,5,11,random_removal,greedy_insertion,10450311366731057974,15,12,12,19.896676142803827,17.8570285916271,2.039647551176728,10.251197418793097
vrptw,1,5,11,random_removal,regret_2,10012354420578684637,15,12,12,19.896676142803827,17.817272320550863,2.0794038222529636,10.451011049928741
vrptw,1,5,11,random_removal,regret_3,82304433477627583,15,12,12,19.896676142803827,17.706764196094333,2.1899119467094934,11.0064210272706
vrptw,1,5,11,random_removal,greedy_with_noise,12640592633721199959,15,12,12,19.896676142803827,19.080786783067314,0.8158893597365129,4.100631451608572
vrptw,1,5,11,random_removal,best_position_first,11520508295830448491,15,12,12,19.896676142803827,18.142335312115286,1.754340830688541,8.817255797386268
vrptw,1,5,11,random_removal,sequential_insertion,875526998518910640,15,12,12,19.896676142803827,17.817272320550863,2.0794038222529636,10.451011049928741
vrptw,1,5,11,shaw_removal,greedy_insertion,708673795880062348,15,12,13,19.896676142803827,18.15894632985944,1.7377298129443872,8.733769401844963
vrptw,1,5,11,shaw_removal,regret_2,16299544729909874023,15,12,13,19.896676142803827,17.838811752088276,2.057864390715551,10.342754618639322
vrptw,1,5,11,shaw_removal,regret_3,5193957457220749428,15,12,12,19.896676142803827,17.942425789000506,1.954250353803321,9.8219940847262
vrptw,1,5,11,shaw_removal,greedy_with_noise,15784760690862212546,15,12,12,19.896676142803827,18.650781804051224,1.2458943387526027,6.261821471136596
vrptw,1,5,11,shaw_removal,best_position_first,18313520794004867647,15,12,13,19.896676142803827,17.87487438118883,2.021801761614995,10.161505103183954
vrptw,1,5,11,shaw_removal,sequential_insertion,12109329253666849943,15,12,12,19.896676142803827,18.011938723164597,1.8847374196392295,9.472624503268582
vrptw,1,5,11,worst_removal,greedy_insertion,5287081578512937301,15,12,12,19.896676142803827,17.05886376822204,2.8378123745817874,14.262745969296782
vrptw,1,5,11,worst_removal,regret_2,3361468091048727799,15,12,12,19.896676142803827,16.868395613513147,3.0282805292906794,15.220032268484902
vrptw,1,5,11,worst_removal,regret_3,8973620726068354978,15,12,12,19.896676142803827,16.868395613513147,3.0282805292906794,15.220032268484902
vrptw,1,5,11,worst_removal,greedy_with_noise,17792428235048600538,15,12,13,19.896676142803827,18.595472953096998,1.301203189706829,6.539801826032356
vrptw,1,5,11,worst_removal,best_position_first,7207777719725713654,15,12,14,19.896676142803827,19.46151196177217,0.4351641810316558,2.1871199888281074
vrptw,1,5,11,worst_removal,sequential_insertion,13542521642613244001,15,12,12,19.896676142803827,17.042305374221336,2.8543707685824913,14.345967879739813
vrptw,1,5,11,route_removal,greedy_insertion,11494148351694855495,15,12,10,19.896676142803827,18.065848829309044,1.8308273134947832,9.201674190977629
vrptw,1,5,11,route_removal,regret_2,10544610636094605461,15,12,10,19.896676142803827,17.431737385943,2.4649387568608283,12.38869617804148
vrptw,1,5,11,route_removal,regret_3,15840335499413645388,15,12,10,19.896676142803827,17.623606382025425,2.2730697607784016,11.424369298992278
vrptw,1,5,11,route_removal,greedy_with_noise,1051056950671041976,15,12,11,19.896676142803827,18.86022978995833,1.0364463528454984,5.209143202646726
vrptw,1,5,11,route_removal,best_position_first,16327737984716491140,15,12,11,19.896676142803827,19.72077157715521,0.17590456564861512,0.8840902087670346
vrptw,1,5,11,route_removal,sequential_insertion,6298751480534407583,15,12,10,19.896676142803827,17.673168525432004,2.2235076173718227,11.175271695699859
vrptw,1,5,11,cluster_removal,greedy_insertion,14075378138657650635,15,12,11,19.896676142803827,19.06778403017315,0.8288921126306761,4.165982833924084
vrptw,1,5,11,cluster_removal,regret_2,17870632991626726901,15,12,11,19.896676142803827,17.594137248020633,2.3025388947831935,11.572480138176092
vrptw,1,5,11,cluster_removal,regret_3,3542269151400503752,15,12,11,19.896676142803827,17.50889298536779,2.3877831574360364,12.000914827674084
vrptw,1,5,11,cluster_removal,greedy_with_noise,13161297612580738983,15,12,12,19.896676142803827,20.638624955050275,-0.7419488122464486,-3.729008840076007
vrptw,1,5,11,cluster_removal,best_position_first,97205636114234546,15,12,12,19.896676142803827,20.27367767497224,-0.37700153216841414,-1.8947965452248012
vrptw,1,5,11,cluster_removal,sequential_insertion,12926525497275758339,15,12,11,19.896676142803827,18.9344709371594,0.9622052056444268,4.836009787456054
vrptw,1,5,11,time_oriented_removal,greedy_insertion,696535805406631426,15,12,13,19.896676142803827,18.045430976167097,1.8512451666367298,9.304293608388871
vrptw,1,5,11,time_oriented_removal,regret_2,6383668076936465458,15,12,12,19.896676142803827,16.85684750130508,3.0398286414987474,15.278072677471728
vrptw,1,5,11,time_oriented_removal,regret_3,3803518164372737243,15,12,12,19.896676142803827,17.032084406093347,2.86459173671048,14.397338108890803
vrptw,1,5,11,time_oriented_removal,greedy_with_noise,14401512224196731732,15,12,12,19.896676142803827,17.394346954013283,2.5023291887905437,12.576619184182574
vrptw,1,5,11,time_oriented_removal,best_position_first,1168747167978564536,15,12,12,19.896676142803827,17.518227566281883,2.3784485765219436,11.953999549729689
vrptw,1,5,11,time_oriented_removal,sequential_insertion,14266385113796765850,15,12,12,19.896676142803827,17.371567945245847,2.52510819755798,12.691105687375096
vrptw,2,0,12,random_removal,greedy_insertion,10309921702012790167,15,12,13,22.183298046010712,23.26454607450262,-1.0812480284919062,-4.874153636890571
vrptw,2,0,12,random_removal,regret_2,15751598741851334956,15,12,12,22.183298046010712,20.88670095620281,1.2965970898079036,5.844924803870966
vrptw,2,0,12,random_removal,regret_3,6766873501450024580,15,12,12,22.183298046010712,21.542455981763304,0.6408420642474084,2.8888493627873917
vrptw,2,0,12,random_removal,greedy_with_noise,7759605118917817284,15,12,13,22.183298046010712,23.245322578707388,-1.0620245326966753,-4.787496117547149
vrptw,2,0,12,random_removal,best_position_first,10100772964841825028,15,12,12,22.183298046010712,21.949586583905326,0.2337114621053864,1.0535469596118754
vrptw,2,0,12,random_removal,sequential_insertion,15950240288582103482,15,12,13,22.183298046010712,22.57174019952517,-0.38844215351445754,-1.7510568208062833
vrptw,2,0,12,shaw_removal,greedy_insertion,8047889316529032369,15,12,12,22.183298046010712,21.20832950270864,0.9749685433020723,4.395056773252901
vrptw,2,0,12,shaw_removal,regret_2,17926383376265420869,15,12,12,22.183298046010712,20.732984211022828,1.4503138349878846,6.537863900939196
vrptw,2,0,12,shaw_removal,regret_3,2150407904372250439,15,12,12,22.183298046010712,21.572757434139767,0.6105406118709453,2.7522535675471422
vrptw,2,0,12,shaw_removal,greedy_with_noise,10191487989701177343,15,12,13,22.183298046010712,22.62734096911762,-0.4440429231069061,-2.00169930632456
vrptw,2,0,12,shaw_removal,best_position_first,3891840947575831769,15,12,13,22.183298046010712,22.751137803473313,-0.5678397574626004,-2.559762557780342
vrptw,2,0,12,shaw_removal,sequential_insertion,15805596832045641128,15,12,13,22.183298046010712,22.094126013223814,0.08917203278689811,0.4019782477877954
vrptw,2,0,12,worst_removal,greedy_insertion,5830020241887633336,15,12,13,22.183298046010712,22.581047273917306,-0.39774922790659417,-1.7930121440085984
vrptw,2,0,12,worst_removal,regret_2,9651159397935748159,15,12,12,22.183298046010712,20.72791681800441,1.4553812280063028,6.560707181536643
vrptw,2,0,12,worst_removal,regret_3,2870020931036901813,15,12,12,22.183298046010712,20.72791681800441,1.4553812280063028,6.560707181536643
vrptw,2,0,12,worst_removal,greedy_with_noise,12683891650275478921,15,12,13,22.183298046010712,22.878473425097994,-0.6951753790872814,-3.133778294126544
vrptw,2,0,12,worst_removal,best_position_first,16660962266783805213,15,12,13,22.183298046010712,22.878473425097994,-0.6951753790872814,-3.133778294126544
vrptw,2,0,12,worst_removal,sequential_insertion,11931267701070920040,15,12,12,22.183298046010712,21.164850855342245,1.0184471906684678,4.591053992765598
vrptw,2,0,12,route_removal,greedy_insertion,5711871652131617099,15,12,12,22.183298046010712,23.655003079580027,-1.4717050335693145,-6.634293198950079
vrptw,2,0,12,route_removal,regret_2,7863628652484250841,15,12,12,22.183298046010712,21.874420298107864,0.30887774790284794,1.3923887569026028
vrptw,2,0,12,route_removal,regret_3,11170356407950670915,15,12,12,22.183298046010712,22.183298046010712,0.0,0.0
vrptw,2,0,12,route_removal,greedy_with_noise,7447002910250520715,15,12,12,22.183298046010712,23.48252284068951,-1.2992247946787963,-5.85677022408505
vrptw,2,0,12,route_removal,best_position_first,3864595320327144950,15,12,12,22.183298046010712,23.33801451153425,-1.1547164655235385,-5.205341708561656
vrptw,2,0,12,route_removal,sequential_insertion,16598135322644375306,15,12,12,22.183298046010712,23.564585069718515,-1.3812870237078023,-6.2266982161212185
vrptw,2,0,12,cluster_removal,greedy_insertion,9174876866507216377,15,12,12,22.183298046010712,20.86497056498476,1.3183274810259533,5.942883147003617
vrptw,2,0,12,cluster_removal,regret_2,17265587705672477662,15,12,12,22.183298046010712,20.78571985889973,1.3975781871109838,6.300137086073701
vrptw,2,0,12,cluster_removal,regret_3,1022254316097674580,15,12,12,22.183298046010712,20.87784467052181,1.3054533754889022,5.8848480184562355
vrptw,2,0,12,cluster_removal,greedy_with_noise,16171728536927536973,15,12,13,22.183298046010712,22.33446511082914,-0.15116706481842712,-0.6814454032258379
vrptw,2,0,12,cluster_removal,best_position_first,14702711906639998256,15,12,12,22.183298046010712,21.418319886417887,0.7649781595928253,3.448441967493619
vrptw,2,0,12,cluster_removal,sequential_insertion,15709038442391771501,15,12,12,22.183298046010712,21.519240364637046,0.6640576813736665,2.993502949815372
vrptw,2,0,12,time_oriented_removal,greedy_insertion,4090528293643975036,15,12,14,22.183298046010712,24.5706167386129,-2.3873186926021894,-10.761784328239273
vrptw,2,0,12,time_oriented_removal,regret_2,12977862562189811330,15,12,12,22.183298046010712,21.53530143651164,0.6479966094990708,2.9211013085387543
vrptw,2,0,12,time_oriented_removal,regret_3,13033891905455651027,15,12,13,22.183298046010712,21.819779591300644,0.36351845471006783,1.6387033792544676
vrptw,2,0,12,time_oriented_removal,greedy_with_noise,13973330129936920913,15,12,15,22.183298046010712,26.064103542544064,-3.880805496533352,-17.49426748215759
vrptw,2,0,12,time_oriented_removal,best_position_first,13674155409058952077,15,12,15,22.183298046010712,25.43614373432745,-3.2528456883167394,-14.663489989495535
vrptw,2,0,12,time_oriented_removal,sequential_insertion,5133258956453680552,15,12,14,22.183298046010712,23.53041560491248,-1.3471175589017683,-6.072665823213896
vrptw,2,1,13,random_removal,greedy_insertion,15778211233321413518,15,14,14,21.92980824135875,20.797295968877556,1.1325122724811933,5.1642598057256155
vrptw,2,1,13,random_removal,regret_2,15819136875297394765,15,14,14,21.92980824135875,20.444196030152963,1.4856122112057868,6.774396724564062
vrptw,2,1,13,random_removal,regret_3,2784468740757056070,15,14,14,21.92980824135875,20.444196030152963,1.4856122112057868,6.774396724564062
vrptw,2,1,13,random_removal,greedy_with_noise,10359514376335547406,15,14,14,21.92980824135875,21.16582526737688,0.763982973981868,3.483764953954437
vrptw,2,1,13,random_removal,best_position_first,8845524898150945865,15,14,14,21.92980824135875,20.797295968877556,1.1325122724811933,5.1642598057256155
vrptw,2,1,13,random_removal,sequential_insertion,15141375715862065556,15,14,14,21.92980824135875,21.23310893122537,0.6966993101333792,3.176951218476374
vrptw,2,1,13,shaw_removal,greedy_insertion,1599850271569283618,15,14,14,21.92980824135875,22.067295390817655,-0.13748714945890583,-0.6269418680990129
vrptw,2,1,13,shaw_removal,regret_2,8562754175159587402,15,14,14,21.92980824135875,21.448821207042094,0.4809870343166551,2.1933025087266045
vrptw,2,1,13,shaw_removal,regret_3,5445453991890983087,15,14,14,21.92980824135875,21.347981192744953,0.5818270486137962,2.6531333161249147
vrptw,2,1,13,shaw_removal,greedy_with_noise,8836067517794667334,15,14,15,21.92980824135875,25.303040465542782,-3.373232224184033,-15.38195038943501
vrptw,2,1,13,shaw_removal,best_position_first,14873196922329450877,15,14,15,21.92980824135875,24.901208324548183,-2.971400083189433,-13.549594462871273
vrptw,2,1,13,shaw_removal,sequential_insertion,2076707299780232296,15,14,14,21.92980824135875,22.183713058066438,-0.2539048167076885,-1.15780682582
vrptw,2,1,13,worst_removal,greedy_insertion,9041897408706478528,15,14,14,21.92980824135875,20.659224800566125,1.270583440792624,5.793864801774025
vrptw,2,1,13,worst_removal,regret_2,1629131411082025078,15,14,14,21.92980824135875,20.222764807159535,1.707043434199214,7.784123852847002
vrptw,2,1,13,worst_removal,regret_3,7673847024384825617,15,14,14,21.92980824135875,20.222764807159535,1.707043434199214,7.784123852847002
vrptw,2,1,13,worst_removal,greedy_with_noise,3313318010156544828,15,14,15,21.92980824135875,21.844320197004958,0.08548804435379154,0.3898257723593062
vrptw,2,1,13,worst_removal,best_position_first,2448258660514726131,15,14,14,21.92980824135875,20.659224800566125,1.270583440792624,5.793864801774025
vrptw,2,1,13,worst_removal,sequential_insertion,10159235220872875452,15,14,14,21.92980824135875,20.222764807159535,1.707043434199214,7.784123852847002
vrptw,2,1,13,route_removal,greedy_insertion,6828039775885422942,15,14,13,21.92980824135875,22.221766376226142,-0.29195813486739297,-1.3313300857632284
vrptw,2,1,13,route_removal,regret_2,4147084376328931966,15,14,13,21.92980824135875,21.353975809338262,0.5758324320204871,2.6257978441165295
vrptw,2,1,13,route_removal,regret_3,17071753924496845227,15,14,13,21.92980824135875,21.353975809338262,0.5758324320204871,2.6257978441165295
vrptw,2,1,13,route_removal,greedy_with_noise,17143333307607146523,15,14,13,21.92980824135875,22.33181088906418,-0.40200264770543015,-1.8331334377437423
vrptw,2,1,13,route_removal,best_position_first,2018894742421235513,15,14,13,21.92980824135875,22.614477178803448,-0.6846689374446981,-3.12209267819059
vrptw,2,1,13,route_removal,sequential_insertion,8896048833606233567,15,14,13,21.92980824135875,21.873673147371363,0.05613509398738614,0.2559762190784577
vrptw,2,1,13,cluster_removal,greedy_insertion,15534055334064411469,15,14,13,21.92980824135875,21.76935265684587,0.1604555845128779,0.7316780098891381
vrptw,2,1,13,cluster_removal,regret_2,14127020896159654672,15,14,13,21.92980824135875,21.37810029254262,0.5517079488161301,2.5157901188375678
vrptw,2,1,13,cluster_removal,regret_3,1292466085739708613,15,14,13,21.92980824135875,21.43762322619652,0.492185015162228,2.244365339383071
vrptw,2,1,13,cluster_removal,greedy_with_noise,2710560012753172707,15,14,14,21.92980824135875,21.650898396657272,0.2789098447014773,1.2718298383269233
vrptw,2,1,13,cluster_removal,best_position_first,9471460205374462293,15,14,13,21.92980824135875,21.58062382844335,0.3491844129153989,1.5922821078610754
vrptw,2,1,13,cluster_removal,sequential_insertion,11495607660858449580,15,14,13,21.92980824135875,21.913152799352787,0.016655442005962584,0.0759488720678874
vrptw,2,1,13,time_oriented_removal,greedy_insertion,14969345513286072658,15,14,14,21.92980824135875,21.366687544985442,0.5631206963733071,2.567832286427766
vrptw,2,1,13,time_oriented_removal,regret_2,18316905243861157977,15,14,14,21.92980824135875,20.52162318090901,1.408185060449739,6.42132865436533
vrptw,2,1,13,time_oriented_removal,regret_3,8718846286512200094,15,14,14,21.92980824135875,20.32459489811127,1.605213343247481,7.319778292543901
vrptw,2,1,13,time_oriented_removal,greedy_with_noise,5111520243905622579,15,14,15,21.92980824135875,23.634036152608733,-1.7042279112499834,-7.771285058643957
vrptw,2,1,13,time_oriented_removal,best_position_first,5644474023289613367,15,14,15,21.92980824135875,22.9304249023862,-1.0006166610274505,-4.5628153699051825
vrptw,2,1,13,time_oriented_removal,sequential_insertion,16471651552795630631,15,14,15,21.92980824135875,22.14653364354362,-0.21672540218487057,-0.9882685694265901
vrptw,2,2,14,random_removal,greedy_insertion,17941034812181518682,15,13,14,21.98521352714982,22.18534230672215,-0.2001287795723279,-0.9102880866960255
vrptw,2,2,14,random_removal,regret_2,10666000593694960616,15,13,13,21.98521352714982,21.665821267413598,0.31939225973622243,1.4527594164223188
vrptw,2,2,14,random_removal,regret_3,12690635734252311932,15,13,13,21.98521352714982,21.665821267413598,0.31939225973622243,1.4527594164223188
vrptw,2,2,14,random_removal,greedy_with_noise,6605060914008123197,15,13,14,21.98521352714982,22.18534230672215,-0.2001287795723279,-0.9102880866960255
vrptw,2,2,14,random_removal,best_position_first,17935021133506064542,15,13,14,21.98521352714982,22.18534230672215,-0.2001287795723279,-0.9102880866960255
vrptw,2,2,14,random_removal,sequential_insertion,2123067999901651528,15,13,13,21.98521352714982,21.701322955013403,0.2838905721364178,1.2912795765473812
vrptw,2,2,14,shaw_removal,greedy_insertion,18010023367626532625,15,13,13,21.98521352714982,21.615195926780657,0.3700176003691631,1.683029368408106
vrptw,2,2,14,shaw_removal,regret_2,14430658615883743164,15,13,14,21.98521352714982,21.229870379696504,0.755343147453317,3.4356871108872067
vrptw,2,2,14,shaw_removal,regret_3,1509876490296238835,15,13,13,21.98521352714982,21.35091160417532,0.634301922974501,2.885129690422126
vrptw,2,2,14,shaw_removal,greedy_with_noise,3409806719520563946,15,13,14,21.98521352714982,21.598722941713294,0.38649058543652615,1.7579569330051945
vrptw,2,2,14,shaw_removal,best_position_first,13621937475768542260,15,13,13,21.98521352714982,21.574846096527512,0.4103674306223084,1.8665610416543847
vrptw,2,2,14,shaw_removal,sequential_insertion,13794069538954257487,15,13,13,21.98521352714982,21.659163369262696,0.3260501578871242,1.4830429437698238
vrptw,2,2,14,worst_removal,greedy_insertion,15353608708021480141,15,13,14,21.98521352714982,22.028655466747573,-0.04344193959775211,-0.19759616864355264
vrptw,2,2,14,worst_removal,regret_2,8745465655829263688,15,13,13,21.98521352714982,20.418705395848665,1.5665081313011555,7.125280495304968
vrptw,2,2,14,worst_removal,regret_3,10686143326346196024,15,13,14,21.98521352714982,20.90492454801937,1.0802889791304509,4.913707014018255
vrptw,2,2,14,worst_removal,greedy_with_noise,13963230965217531752,15,13,14,21.98521352714982,21.733241168618942,0.2519723585308782,1.146099209906305
vrptw,2,2,14,worst_removal,best_position_first,1770110029294080753,15,13,14,21.98521352714982,22.331716419941042,-0.3465028927912215,-1.5760724468894542
vrptw,2,2,14,worst_removal,sequential_insertion,5270955407923660211,15,13,14,21.98521352714982,22.438423054743158,-0.4532095275933372,-2.0614288191181904
vrptw,2,2,14,route_removal,greedy_insertion,3795171847348598702,15,13,13,21.98521352714982,23.54340790840022,-1.5581943812503987,-7.087465306289451
vrptw,2,2,14,route_removal,regret_2,16552885004200299437,15,13,13,21.98521352714982,22.149276309380898,-0.16406278223107762,-0.7462414773842173
vrptw,2,2,14,route_removal,regret_3,13379164594617827152,15,13,13,21.98521352714982,21.711953881211272,0.27325964593854835,1.2429246848164406
vrptw,2,2,14,route_removal,greedy_with_noise,1816935620457425651,15,13,13,21.98521352714982,23.602090078617792,-1.6168765514679713,-7.354381841555779
vrptw,2,2,14,route_removal,best_position_first,12199215770683796740,15,13,13,21.98521352714982,23.602090078617792,-1.6168765514679713,-7.354381841555779
vrptw,2,2,14,route_removal,sequential_insertion,10394388733157402975,15,13,13,21.98521352714982,22.55601594194705,-0.5708024147972282,-2.5963014372925555
vrptw,2,2,14,cluster_removal,greedy_insertion,8365844526076823035,15,13,13,21.98521352714982,23.959138732538968,-1.973925205389147,-8.978421805872031
vrptw,2,2,14,cluster_removal,regret_2,7120979535833385284,15,13,13,21.98521352714982,21.74449699372276,0.24071653342706156,1.0949019582174977
vrptw,2,2,14,cluster_removal,regret_3,12159326992562028056,15,13,13,21.98521352714982,21.76214595480198,0.22306757234784058,1.014625453022649
vrptw,2,2,14,cluster_removal,greedy_with_noise,2897326028105812807,15,13,13,21.98521352714982,23.731429557366265,-1.746216030216445,-7.9426839682954204
vrptw,2,2,14,cluster_removal,best_position_first,14627019548648547959,15,13,13,21.98521352714982,24.58363982223686,-2.598426295087041,-11.818972291891598
vrptw,2,2,14,cluster_removal,sequential_insertion,4926765533894692519,15,13,13,21.98521352714982,23.456588563888104,-1.4713750367382836,-6.692566505761992
vrptw,2,2,14,time_oriented_removal,greedy_insertion,8993565315947996584,15,13,13,21.98521352714982,21.15644351451689,0.8287700126329298,3.769670063060662
vrptw,2,2,14,time_oriented_removal,regret_2,7691318330664534637,15,13,13,21.98521352714982,20.7231458765262,1.2620676506236208,5.740529420217262
vrptw,2,2,14,time_oriented_removal,regret_3,5990091328308386223,15,13,12,21.98521352714982,20.070784918001095,1.9144286091487253,8.707800844347375
vrptw,2,2,14,time_oriented_removal,greedy_with_noise,14978302575157819710,15,13,13,21.98521352714982,21.31329655515677,0.6719169719930491,3.056222179344723
vrptw,2,2,14,time_oriented_removal,best_position_first,4966245698923151805,15,13,14,21.98521352714982,23.839122959818827,-1.8539094326690062,-8.432528664684515
vrptw,2,2,14,time_oriented_removal,sequential_insertion,7931241490665332880,15,13,13,21.98521352714982,22.097537269873705,-0.11232374272388412,-0.5109058530870036
vrptw,2,3,15,random_removal,greedy_insertion,16371433708081947084,15,13,14,22.923229122529126,23.13003282007347,-0.2068036975443448,-0.9021577912908288
vrptw,2,3,15,random_removal,regret_2,2775718477600605021,15,13,13,22.923229122529126,21.76117572815211,1.1620533943770148,5.069326787101472
vrptw,2,3,15,random_removal,regret_3,627764960208603398,15,13,13,22.923229122529126,21.791858512179708,1.1313706103494177,4.935476604548257
vrptw,2,3,15,random_removal,greedy_with_noise,3983763927196450354,15,13,14,22.923229122529126,23.769877385497637,-0.846648262968511,-3.6934074970110498
vrptw,2,3,15,random_removal,best_position_first,5746043760668806980,15,13,14,22.923229122529126,23.13003282007347,-0.2068036975443448,-0.9021577912908288
vrptw,2,3,15,random_removal,sequential_insertion,2363381954352844129,15,13,13,22.923229122529126,22.20620385456913,0.7170252679599969,3.127941810149683
vrptw,2,3,15,shaw_removal,greedy_insertion,9703366024319187128,15,13,13,22.923229122529126,22.85980610854297,0.06342301398615646,0.27667574078306373
vrptw,2,3,15,shaw_removal,regret_2,9694204865453677727,15,13,13,22.923229122529126,22.218767314730954,0.7044618077981717,3.0731351330682344
vrptw,2,3,15,shaw_removal,regret_3,16549403292430138868,15,13,13,22.923229122529126,22.218767314730954,0.7044618077981717,3.0731351330682344
vrptw,2,3,15,shaw_removal,greedy_with_noise,16977838880019052007,15,13,13,22.923229122529126,22.926913952820787,-0.003684830291661001,-0.01607465628845249
vrptw,2,3,15,shaw_removal,best_position_first,13842295065748612230,15,13,13,22.923229122529126,22.548626520921214,0.37460260160791137,1.63416157298602
vrptw,2,3,15,shaw_removal,sequential_insertion,13763447682293703638,15,13,14,22.923229122529126,24.88956445345419,-1.966335330925066,-8.57791596644007
vrptw,2,3,15,worst_removal,greedy_insertion,4594619372862211366,15,13,13,22.923229122529126,21.53171622877668,1.391512893752445,6.070317957014423
vrptw,2,3,15,worst_removal,regret_2,11899640087799788561,15,13,13,22.923229122529126,22.719897005098755,0.20333211743037083,0.8870134148357591
vrptw,2,3,15,worst_removal,regret_3,11382987792202826892,15,13,13,22.923229122529126,22.719897005098755,0.20333211743037083,0.8870134148357591
vrptw,2,3,15,worst_removal,greedy_with_noise,6756443339653102036,15,13,14,22.923229122529126,22.55445800604718,0.3687711164819447,1.608722377247949
vrptw,2,3,15,worst_removal,best_position_first,8118758427881861794,15,13,14,22.923229122529126,22.407006741637137,0.516222380891989,2.2519618773283634
vrptw,2,3,15,worst_removal,sequential_insertion,9632540258259414609,15,13,14,22.923229122529126,22.41678502941192,0.5064440931172065,2.209305200459168
vrptw,2,3,15,route_removal,greedy_insertion,12436133401097673750,15,13,13,22.923229122529126,23.233376589230836,-0.3101474667017108,-1.3529833211713418
vrptw,2,3,15,route_removal,regret_2,10715842173808515112,15,13,12,22.923229122529126,21.84774294777494,1.075486174754186,4.691687061214207
vrptw,2,3,15,route_removal,regret_3,1978579052053310274,15,13,12,22.923229122529126,21.692619615300636,1.2306095072284897,5.368395092378313
vrptw,2,3,15,route_removal,greedy_with_noise,6717931185981105355,15,13,12,22.923229122529126,22.365028723656568,0.5582003988725575,2.435086243255117
vrptw,2,3,15,route_removal,best_position_first,8146167283341788121,15,13,12,22.923229122529126,22.656335840429445,0.2668932820996801,1.1642918223828045
vrptw,2,3,15,route_removal,sequential_insertion,14526610854619499031,15,13,12,22.923229122529126,22.425330983057776,0.4978981394713493,2.172024442149868
vrptw,2,3,15,cluster_removal,greedy_insertion,12136301587968537621,15,13,14,22.923229122529126,21.758271522392185,1.1649576001369404,5.081996056969178
vrptw,2,3,15,cluster_removal,regret_2,15151438407452295970,15,13,13,22.923229122529126,21.497928181387053,1.4253009411420727,6.2177145005337655
vrptw,2,3,15,cluster_removal,regret_3,16767370625273904537,15,13,13,22.923229122529126,21.515754309481142,1.4074748130479833,6.139950028526767
vrptw,2,3,15,cluster_removal,greedy_with_noise,8060349164388751349,15,13,14,22.923229122529126,21.65708487987262,1.2661442426565053,5.52341136533914
vrptw,2,3,15,cluster_removal,best_position_first,17165951893421205542,15,13,13,22.923229122529126,21.76731977473922,1.1559093477899047,5.042524077263915
vrptw,2,3,15,cluster_removal,sequential_insertion,5038846646637365911,15,13,14,22.923229122529126,21.920278349883088,1.002950772646038,4.375259555645807
vrptw,2,3,15,time_oriented_removal,greedy_insertion,7944217367871590130,15,13,14,22.923229122529126,21.89594423017672,1.0272848923524052,4.481414406588912
vrptw,2,3,15,time_oriented_removal,regret_2,4944830420477631991,15,13,14,22.923229122529126,21.4993429496454,1.4238861728837264,6.211542733673242
vrptw,2,3,15,time_oriented_removal,regret_3,13315624636728719214,15,13,13,22.923229122529126,20.394818834422175,2.528410288106951,11.029904533048574
vrptw,2,3,15,time_oriented_removal,greedy_with_noise,17739606628492902282,15,13,15,22.923229122529126,22.99105688522378,-0.06782776269465529,-0.2958909599171333
vrptw,2,3,15,time_oriented_removal,best_position_first,10410673032400546350,15,13,15,22.923229122529126,22.96352839256771,-0.04029927003858447,-0.17580101748831728
vrptw,2,3,15,time_oriented_removal,sequential_insertion,18304638064346038393,15,13,15,22.923229122529126,23.129419868799932,-0.20619074627080636,-0.8994838605358636
vrptw,2,4,16,random_removal,greedy_insertion,13777227007966309907,15,13,13,23.08227435598791,21.89228831492665,1.1899860410612604,5.15541069614121
vrptw,2,4,16,random_removal,regret_2,3206269408261968522,15,13,13,23.08227435598791,21.478513968553298,1.6037603874346118,6.948017178465651
vrptw,2,4,16,random_removal,regret_3,625402847126822672,15,13,13,23.08227435598791,21.630390716030842,1.4518836399570674,6.290037184227583
vrptw,2,4,16,random_removal,greedy_with_noise,8870674677690873850,15,13,15,23.08227435598791,23.926368015431947,-0.844093659444038,-3.656891198960499
vrptw,2,4,16,random_removal,best_position_first,11651782523520491650,15,13,13,23.08227435598791,23.209251273172587,-0.12697691718467752,-0.5501057444616054
vrptw,2,4,16,random_removal,sequential_insertion,2311591275844770285,15,13,13,23.08227435598791,22.295799371264692,0.7864749847232169,3.4072681599471273
vrptw,2,4,16,shaw_removal,greedy_insertion,2784495706560876982,15,13,13,23.08227435598791,23.430717755087734,-0.3484433990998248,-1.5095713434730622
vrptw,2,4,16,shaw_removal,regret_2,6246365950670668354,15,13,12,23.08227435598791,21.118640247574863,1.9636341084130464,8.50710843363513
vrptw,2,4,16,shaw_removal,regret_3,1383504367077669676,15,13,12,23.08227435598791,21.118640247574863,1.9636341084130464,8.50710843363513
vrptw,2,4,16,shaw_removal,greedy_with_noise,11912450230111812620,15,13,13,23.08227435598791,21.83114758039779,1.2511267755901194,5.420292455996899
vrptw,2,4,16,shaw_removal,best_position_first,15644131711404852238,15,13,13,23.08227435598791,23.22146635974949,-0.13919200376157903,-0.6030255147949509
vrptw,2,4,16,shaw_removal,sequential_insertion,13308574030138398098,15,13,12,23.08227435598791,22.680313385312363,0.40196097067554604,1.7414270555677325
vrptw,2,4,16,worst_removal,greedy_insertion,2412094820342587306,15,13,14,23.08227435598791,22.74428133078062,0.3379930252072896,1.4642968885759249
vrptw,2,4,16,worst_removal,regret_2,12323608721215960,15,13,13,23.08227435598791,21.066353641182836,2.0159207148050733,8.733631199917314
vrptw,2,4,16,worst_removal,regret_3,3617585671538073949,15,13,12,23.08227435598791,21.058559237504895,2.0237151184830147,8.767399118787576
vrptw,2,4,16,worst_removal,greedy_with_noise,16951945849070639328,15,13,14,23.08227435598791,22.28531638725487,0.7969579687330395,3.4526838925917884
vrptw,2,4,16,worst_removal,best_position_first,13913906909649199556,15,13,14,23.08227435598791,22.967081705924446,0.11519265006346302,0.4990524256271142
vrptw,2,4,16,worst_removal,sequential_insertion,18096980956837771916,15,13,14,23.08227435598791,22.805146097665464,0.2771282583224455,1.200610711268814
vrptw,2,4,16,route_removal,greedy_insertion,847684665314872933,15,13,13,23.08227435598791,23.421915764418287,-0.3396414084303778,-1.4714382265466377
vrptw,2,4,16,route_removal,regret_2,9165947924313283955,15,13,13,23.08227435598791,22.19283251504646,0.8894418409414477,3.853354427834848
vrptw,2,4,16,route_removal,regret_3,1391091199679765309,15,13,13,23.08227435598791,22.30672748174868,0.7755468742392289,3.359923993096632
vrptw,2,4,16,route_removal,greedy_with_noise,577637494463142508,15,13,13,23.08227435598791,23.827494972673506,-0.7452206166855966,-3.2285406766784854
vrptw,2,4,16,route_removal,best_position_first,8289651270181217510,15,13,13,23.08227435598791,23.804982890302217,-0.7227085343143074,-3.13101093578686
vrptw,2,4,16,route_removal,sequential_insertion,1342853054052620812,15,13,14,23.08227435598791,24.359366037967167,-1.2770916819792575,-5.5327809655289
vrptw,2,4,16,cluster_removal,greedy_insertion,15315743932409952615,15,13,13,23.08227435598791,21.684404287250494,1.397870068737415,6.05603263863288
vrptw,2,4,16,cluster_removal,regret_2,3455630569655658344,15,13,13,23.08227435598791,21.192086721223774,1.8901876347641355,8.188914166830317
vrptw,2,4,16,cluster_removal,regret_3,17118729812816219923,15,13,13,23.08227435598791,21.358754072873836,1.7235202831140732,7.466856413423422
vrptw,2,4,16,cluster_removal,greedy_with_noise,8425058144736764324,15,13,13,23.08227435598791,21.53405226685426,1.548222089133649,6.707407013954044
vrptw,2,4,16,cluster_removal,best_position_first,11986701235300724900,15,13,14,23.08227435598791,22.526892849592617,0.5553815063952925,2.406095247937375
vrptw,2,4,16,cluster_removal,sequential_insertion,8880609012253842833,15,13,13,23.08227435598791,21.160288872891083,1.921985483096826,8.32667289823731
vrptw,2,4,16,time_oriented_removal,greedy_insertion,2246307586469290154,15,13,13,23.08227435598791,21.86122789038471,1.221046465603198,5.289974665284399
vrptw,2,4,16,time_oriented_removal,regret_2,15650470158940318204,15,13,13,23.08227435598791,22.588522578472016,0.49375177751589305,2.139095003815367
vrptw,2,4,16,time_oriented_removal,regret_3,18279075084327542969,15,13,13,23.08227435598791,22.1166368834829,0.9656374725050085,4.183458950415373
vrptw,2,4,16,time_oriented_removal,greedy_with_noise,9256350703401545852,15,13,16,23.08227435598791,25.822383257957682,-2.740108901969773,-11.871052478236162
vrptw,2,4,16,time_oriented_removal,best_position_first,17856107798847028241,15,13,15,23.08227435598791,24.509400572427985,-1.427126216440076,-6.182779887415456
vrptw,2,4,16,time_oriented_removal,sequential_insertion,11077789666250057749,15,13,14,23.08227435598791,24.238267495577684,-1.155993139589775,-5.008142272990061
vrptw,2,5,17,random_removal,greedy_insertion,6408963253213649111,15,13,13,21.961999019687518,21.426148811098535,0.5358502085889825,2.4398972429997254
vrptw,2,5,17,random_removal,regret_2,17131130473254207499,15,13,13,21.961999019687518,21.31846868483448,0.6435303348530361,2.9301992695480616
vrptw,2,5,17,random_removal,regret_3,745471127627854247,15,13,13,21.961999019687518,21.426148811098535,0.5358502085889825,2.4398972429997254
vrptw,2,5,17,random_removal,greedy_with_noise,17519005610843909195,15,13,13,21.961999019687518,21.422459612279606,0.5395394074079114,2.4566953441908868
vrptw,2,5,17,random_removal,best_position_first,7250100990255399257,15,13,14,21.961999019687518,22.495102274113027,-0.5331032544255088,-2.4273894828408653
vrptw,2,5,17,random_removal,sequential_insertion,8811011843989244544,15,13,13,21.961999019687518,21.31846868483448,0.6435303348530361,2.9301992695480616
vrptw,2,5,17,shaw_removal,greedy_insertion,13236689034686501822,15,13,13,21.961999019687518,21.608125240187512,0.353873779500006,1.6113004065922274
vrptw,2,5,17,shaw_removal,regret_2,7978500236460567718,15,13,13,21.961999019687518,21.35443497906588,0.6075640406216394,2.766433238053591
vrptw,2,5,17,shaw_removal,regret_3,2744635820743178064,15,13,13,21.961999019687518,21.35443497906588,0.6075640406216394,2.766433238053591
vrptw,2,5,17,shaw_removal,greedy_with_noise,14740149053398827664,15,13,13,21.961999019687518,21.691560265589473,0.27043875409804485,1.231394072350217
vrptw,2,5,17,shaw_removal,best_position_first,11496687694912941292,15,13,13,21.961999019687518,21.59855968074955,0.36343933893796887,1.6548554556084303
vrptw,2,5,17,shaw_removal,sequential_insertion,7179896657364050960,15,13,13,21.961999019687518,22.613339762799402,-0.6513407431118843,-2.9657625543467114
vrptw,2,5,17,worst_removal,greedy_insertion,2388437194774850990,15,13,15,21.961999019687518,23.652692002703905,-1.6906929830163868,-7.6982654516138975
vrptw,2,5,17,worst_removal,regret_2,192730483003683413,15,13,13,21.961999019687518,20.989479690479605,0.9725193292079126,4.428191296867428
vrptw,2,5,17,worst_removal,regret_3,1306800761094714748,15,13,13,21.961999019687518,20.880020742235526,1.0819782774519915,4.926592868354414
vrptw,2,5,17,worst_removal,greedy_with_noise,3165748773249281783,15,13,15,21.961999019687518,22.891774293263712,-0.9297752735761939,-4.233563951727301
vrptw,2,5,17,worst_removal,best_position_first,6867491367509898805,15,13,15,21.961999019687518,22.971584301172598,-1.00958528148508,-4.596964422865386
vrptw,2,5,17,worst_removal,sequential_insertion,17458459736398034110,15,13,14,21.961999019687518,22.272992896900078,-0.3109938772125602,-1.4160545082156422
vrptw,2,5,17,route_removal,greedy_insertion,5854645334640908328,15,13,13,21.961999019687518,22.105067968297334,-0.143068948609816,-0.6514386440030523
vrptw,2,5,17,route_removal,regret_2,4547287310201674035,15,13,13,21.961999019687518,21.182403605154185,0.7795954145333326,3.5497470600671437
vrptw,2,5,17,route_removal,regret_3,16377605736558261210,15,13,12,21.961999019687518,21.32289477406279,0.6391042456247291,2.9100458708326746
vrptw,2,5,17,route_removal,greedy_with_noise,5262560141899623280,15,13,13,21.961999019687518,23.61516052534757,-1.6531615056600515,-7.527372641161211
vrptw,2,5,17,route_removal,best_position_first,13622112312823864367,15,13,13,21.961999019687518,24.034447757733947,-2.072448738046429,-9.436521403122786
vrptw,2,5,17,route_removal,sequential_insertion,13364739744534666397,15,13,13,21.961999019687518,21.796756153682047,0.165242866005471,0.7524035760922374
vrptw,2,5,17,cluster_removal,greedy_insertion,17879686911785407736,15,13,14,21.961999019687518,23.386843016817508,-1.4248439971299902,-6.487770060697613
vrptw,2,5,17,cluster_removal,regret_2,9145937200765624451,15,13,13,21.961999019687518,21.892468482358638,0.06953053732888037,0.31659475654538877
vrptw,2,5,17,cluster_removal,regret_3,1228885891569471066,15,13,13,21.961999019687518,21.47432766016325,0.487671359524267,2.2205235465455626
vrptw,2,5,17,cluster_removal,greedy_with_noise,5897482204037220837,15,13,15,21.961999019687518,23.636241247132354,-1.6742422274448359,-7.623359904278229
vrptw,2,5,17,cluster_removal,best_position_first,14570562715765406835,15,13,15,21.961999019687518,23.755238496203514,-1.7932394765159962,-8.165192407614954
vrptw,2,5,17,cluster_removal,sequential_insertion,14280075780868745430,15,13,13,21.961999019687518,21.580511696945514,0.3814873227420037,1.7370336935177206
vrptw,2,5,17,time_oriented_removal,greedy_insertion,1856697082080225324,15,13,13,21.961999019687518,22.459100882216568,-0.49710186252904975,-2.263463640461098
vrptw,2,5,17,time_oriented_removal,regret_2,7605450632014505517,15,13,13,21.961999019687518,21.161515967800437,0.8004830518870811,3.644855148065072
vrptw,2,5,17,time_oriented_removal,regret_3,4458367635110358045,15,13,13,21.961999019687518,21.220652068032,0.7413469516555189,3.3755895854059053
vrptw,2,5,17,time_oriented_removal,greedy_with_noise,17614202084664633605,15,13,14,21.961999019687518,22.117726880921175,-0.15572786123365745,-0.7090787186269221
vrptw,2,5,17,time_oriented_removal,best_position_first,5178033642238149806,15,13,14,21.961999019687518,22.07785702909643,-0.11585800940891389,-0.5275385419380751
vrptw,2,5,17,time_oriented_removal,sequential_insertion,17404271474513329759,15,13,13,21.961999019687518,22.086377210109575,-0.12437819042205689,-0.5663336489112847
vrptw,3,0,18,random_removal,greedy_insertion,9133233983895327458,15,12,11,18.582933265835134,17.570621315435513,1.0123119503996207,5.4475358433362295
vrptw,3,0,18,random_removal,regret_2,18108698011843357364,15,12,11,18.582933265835134,17.378814251862945,1.2041190139721891,6.479703697725543
vrptw,3,0,18,random_removal,regret_3,250203649236570299,15,12,11,18.582933265835134,17.51462418609078,1.0683090797443526,5.74887217460145
vrptw,3,0,18,random_removal,greedy_with_noise,8243479852654183113,15,12,11,18.582933265835134,17.51931925679703,1.0636140090381048,5.723606676205243
vrptw,3,0,18,random_removal,best_position_first,8772465486150629276,15,12,11,18.582933265835134,17.51931925679703,1.0636140090381048,5.723606676205243
vrptw,3,0,18,random_removal,sequential_insertion,8192248362189632493,15,12,11,18.582933265835134,17.45585708340147,1.1270761824336653,6.0651145129267805
vrptw,3,0,18,shaw_removal,greedy_insertion,9554901793118259311,15,12,12,18.582933265835134,17.10457242141727,1.478360844417864,7.955476260229819
vrptw,3,0,18,shaw_removal,regret_2,8529144047827780630,15,12,12,18.582933265835134,17.117152077783555,1.4657811880515794,7.887781584764282
vrptw,3,0,18,shaw_removal,regret_3,9144648598967490575,15,12,12,18.582933265835134,16.920953361567697,1.6619799042674366,8.943582159459183
vrptw,3,0,18,shaw_removal,greedy_with_noise,8036454237675896542,15,12,12,18.582933265835134,17.208127174213885,1.3748060916212488,7.398218956900849
vrptw,3,0,18,shaw_removal,best_position_first,5271777248091494752,15,12,12,18.582933265835134,17.208127174213885,1.3748060916212488,7.398218956900849
vrptw,3,0,18,shaw_removal,sequential_insertion,11572408765794478772,15,12,12,18.582933265835134,17.817882486720432,0.7650507791147021,4.116953810092263
vrptw,3,0,18,worst_removal,greedy_insertion,18267396387363309995,15,12,11,18.582933265835134,16.19294411949306,2.3899891463420744,12.861205021577986
vrptw,3,0,18,worst_removal,regret_2,16576143225020342175,15,12,11,18.582933265835134,16.175844027740144,2.40708923809499,12.953225433578035
vrptw,3,0,18,worst_removal,regret_3,15906570878040026603,15,12,11,18.582933265835134,16.500020056854485,2.0829132089806492,11.20874287812302
vrptw,3,0,18,worst_removal,greedy_with_noise,9060814362630383290,15,12,12,18.582933265835134,17.133240635352912,1.4496926304822217,7.801204523225042
vrptw,3,0,18,worst_removal,best_position_first,13729533141545964667,15,12,11,18.582933265835134,16.676957081712743,1.905976184122391,10.256594891972965
vrptw,3,0,18,worst_removal,sequential_insertion,5001025476089847479,15,12,11,18.582933265835134,16.715585733243834,1.8673475325912996,10.048723233723452
vrptw,3,0,18,route_removal,greedy_insertion,9326666880745357578,15,12,12,18.582933265835134,18.73721902418822,-0.15428575835308678,-0.8302551386585579
vrptw,3,0,18,route_removal,regret_2,12694644872327073851,15,12,12,18.582933265835134,16.9947142088852,1.588219056949935,8.54665425651551
vrptw,3,0,18,route_removal,regret_3,4924371392840859540,15,12,11,18.582933265835134,17.341598924374253,1.241334341460881,6.679969861071846
vrptw,3,0,18,route_removal,greedy_with_noise,11585857440488444066,15,12,12,18.582933265835134,18.327250651451852,0.2556826143832822,1.375900191458776
vrptw,3,0,18,route_removal,best_position_first,18234295150297296949,15,12,11,18.582933265835134,18.301937721142075,0.28099554469305943,1.5121162018574963
vrptw,3,0,18,route_removal,sequential_insertion,12953168913580387959,15,12,11,18.582933265835134,18.113346774889628,0.4695864909455061,2.526977222744724
vrptw,3,0,18,cluster_removal,greedy_insertion,7084341856783661988,15,12,12,18.582933265835134,18.14860300241207,0.4343302634230639,2.3372535283306615
vrptw,3,0,18,cluster_removal,regret_2,13613584807345153208,15,12,12,18.582933265835134,17.867564856540376,0.7153684092947579,3.8495989791340866
vrptw,3,0,18,cluster_removal,regret_3,18065470566270133625,15,12,12,18.582933265835134,17.652508278868588,0.9304249869665462,5.006879019886164
vrptw,3,0,18,cluster_removal,greedy_with_noise,1979776126590785922,15,12,12,18.582933265835134,18.42422821293749,0.1587050528976448,0.8540366078235091
vrptw,3,0,18,cluster_removal,best_position_first,5609892258289318241,15,12,12,18.582933265835134,18.434803340883672,0.14812992495146204,0.7971288646007251
vrptw,3,0,18,cluster_removal,sequential_insertion,9385891426217136473,15,12,12,18.582933265835134,17.931404476631833,0.6515287892033008,3.5060599953891107
vrptw,3,0,18,time_oriented_removal,greedy_insertion,8757086163440576272,15,12,11,18.582933265835134,17.442002131818537,1.140931134016597,6.139671911291893
vrptw,3,0,18,time_oriented_removal,regret_2,1413749424990839353,15,12,11,18.582933265835134,17.119454038419704,1.46347922741543,7.875394085959766
vrptw,3,0,18,time_oriented_removal,regret_3,12621195793690671680,15,12,11,18.582933265835134,17.37000620263782,1.2129270631973128,6.527102292442112
vrptw,3,0,18,time_oriented_removal,greedy_with_noise,15217671196265608508,15,12,12,18.582933265835134,18.19231301401635,0.3906202518187847,2.1020376397570293
vrptw,3,0,18,time_oriented_removal,best_position_first,13972034176112260008,15,12,12,18.582933265835134,19.099294443735772,-0.5163611779006381,-2.7786849929121367
vrptw,3,0,18,time_oriented_removal,sequential_insertion,17817760366849588505,15,12,11,18.582933265835134,17.579505133771423,1.0034281320637106,5.399729513685124
vrptw,3,1,19,random_removal,greedy_insertion,16155485519374772706,15,12,12,19.918050652075475,19.27843191728403,0.6396187347914442,3.2112516729883676
vrptw,3,1,19,random_removal,regret_2,5825890600089691335,15,12,12,19.918050652075475,19.242708496181084,0.6753421558943913,3.3906036674528695
vrptw,3,1,19,random_removal,regret_3,8810597703921465408,15,12,12,19.918050652075475,19.31288863597728,0.6051620160981948,3.0382592487038207
vrptw,3,1,19,random_removal,greedy_with_noise,13282090589187517807,15,12,12,19.918050652075475,19.35277476850924,0.5652758835662368,2.8380080633409506
vrptw,3,1,19,random_removal,best_position_first,12719543769166724869,15,12,12,19.918050652075475,19.330857720497214,0.5871929315782616,2.9480441727718754
vrptw,3,1,19,random_removal,sequential_insertion,11295928953951482845,15,12,12,19.918050652075475,19.242708496181084,0.6753421558943913,3.3906036674528695
vrptw,3,1,19,shaw_removal,greedy_insertion,8593594182204608679,15,12,11,19.918050652075475,18.63013207368246,1.2879185783930147,6.4660874745732855
vrptw,3,1,19,shaw_removal,regret_2,8051989174490767163,15,12,12,19.918050652075475,18.408095183178386,1.5099554688970898,7.58083958753138
vrptw,3,1,19,shaw_removal,regret_3,15262483431143066608,15,12,11,19.918050652075475,17.95262565679021,1.9654249952852645,9.867556969388797
vrptw,3,1,19,shaw_removal,greedy_with_noise,1657791341935300364,15,12,12,19.918050652075475,18.248847640631897,1.669203011443578,8.380353281557932
vrptw,3,1,19,shaw_removal,best_position_first,5581413562202805285,15,12,12,19.918050652075475,18.546184880638904,1.3718657714365712,6.887550370264883
vrptw,3,1,19,shaw_removal,sequential_insertion,6135780121414056225,15,12,11,19.918050652075475,18.600592639156126,1.3174580129193494,6.614392321479859
vrptw,3,1,19,worst_removal,greedy_insertion,11026913952394710157,15,12,12,19.918050652075475,18.597532733854187,1.320517918221288,6.629754795224848
vrptw,3,1,19,worst_removal,regret_2,11783658870280378686,15,12,11,19.918050652075475,17.56098436481274,2.357066287262736,11.833820128462863
vrptw,3,1,19,worst_removal,regret_3,819389078046164512,15,12,11,19.918050652075475,17.72658053980016,2.191470112275315,11.002432670523218
vrptw,3,1,19,worst_removal,greedy_with_noise,1081896881363213192,15,12,11,19.918050652075475,17.56098436481274,2.357066287262736,11.833820128462863
vrptw,3,1,19,worst_removal,best_position_first,10540828217713547386,15,12,12,19.918050652075475,19.091369519824177,0.8266811322512986,4.150411838445434
vrptw,3,1,19,worst_removal,sequential_insertion,8048928667480042059,15,12,12,19.918050652075475,19.126166481742075,0.7918841703334003,3.975711198680406
vrptw,3,1,19,route_removal,greedy_insertion,4123501337848085522,15,12,12,19.918050652075475,19.1056266785768,0.8124239734986745,4.078832751708156
vrptw,3,1,19,route_removal,regret_2,9910427902762349375,15,12,12,19.918050652075475,18.827945655157443,1.0901049969180328,5.4729502196764575
vrptw,3,1,19,route_removal,regret_3,3721074469486121171,15,12,12,19.918050652075475,19.25707663661397,0.6609740154615054,3.318467389240379
vrptw,3,1,19,route_removal,greedy_with_noise,6602129844427603553,15,12,12,19.918050652075475,19.704619850180176,0.21343080189529928,1.0715446286560157
vrptw,3,1,19,route_removal,best_position_first,167333316403541644,15,12,12,19.918050652075475,19.489745517405503,0.4283051346699729,2.150336607489966
vrptw,3,1,19,route_removal,sequential_insertion,17148890099460451511,15,12,12,19.918050652075475,18.843886209289238,1.0741644427862376,5.392919525858867
vrptw,3,1,19,cluster_removal,greedy_insertion,479400169936593780,15,12,12,19.918050652075475,19.637170865899385,0.2808797861760901,1.410177085511238
vrptw,3,1,19,cluster_removal,regret_2,9484334827506996000,15,12,12,19.918050652075475,18.765947275054426,1.1521033770210494,5.784217527838244
vrptw,3,1,19,cluster_removal,regret_3,1558713320445806867,15,12,12,19.918050652075475,19.006269442886698,0.9117812091887778,4.577662870305883
vrptw,3,1,19,cluster_removal,greedy_with_noise,2273721207561341955,15,12,12,19.918050652075475,19.982497041718943,-0.06444638964346794,-0.3235577154070174
vrptw,3,1,19,cluster_removal,best_position_first,3575938557386101729,15,12,12,19.918050652075475,20.06246855874701,-0.14441790667153498,-0.7250604448909087
vrptw,3,1,19,cluster_removal,sequential_insertion,8102504402494394084,15,12,12,19.918050652075475,19.717584396701227,0.20046625537424845,1.006455194215302
vrptw,3,1,19,time_oriented_removal,greedy_insertion,4460216174988666268,15,12,12,19.918050652075475,19.14739349166047,0.7706571604150056,3.8691394749249852
vrptw,3,1,19,time_oriented_removal,regret_2,14615576636294290714,15,12,12,19.918050652075475,18.437072436535217,1.480978215540258,7.435357211454521
vrptw,3,1,19,time_oriented_removal,regret_3,11788902931700772925,15,12,12,19.918050652075475,18.49103889752905,1.4270117545464238,7.164414728495172
vrptw,3,1,19,time_oriented_removal,greedy_with_noise,11146636863264253747,15,12,12,19.918050652075475,18.955325805356342,0.9627248467191336,4.833429051546352
vrptw,3,1,19,time_oriented_removal,best_position_first,15776030707654695063,15,12,12,19.918050652075475,18.811735071281763,1.1063155807937122,5.5543366171650606
vrptw,3,1,19,time_oriented_removal,sequential_insertion,16491308275168288999,15,12,12,19.918050652075475,19.47965342710902,0.4383972249664545,2.201004669705332
vrptw,3,2,20,random_removal,greedy_insertion,16197092404499876326,15,12,12,20.550931917853916,19.220997150530554,1.329934767323362,6.471408560153724
vrptw,3,2,20,random_removal,regret_2,2848703356972165738,15,12,12,20.550931917853916,18.446627769893247,2.1043041479606686,10.239458513959283
vrptw,3,2,20,random_removal,regret_3,11865309813096793778,15,12,12,20.550931917853916,18.794320447634515,1.7566114702194007,8.547600066220449
vrptw,3,2,20,random_removal,greedy_with_noise,16696004869332304587,15,12,13,20.550931917853916,19.899573146077437,0.6513587717764793,3.169485327381198
vrptw,3,2,20,random_removal,best_position_first,3079697686695517234,15,12,12,20.550931917853916,19.220997150530554,1.329934767323362,6.471408560153724
vrptw,3,2,20,random_removal,sequential_insertion,1373929638888133884,15,12,13,20.550931917853916,19.943253954388087,0.6076779634658287,2.956936288314496
vrptw,3,2,20,shaw_removal,greedy_insertion,14666557703182915537,15,12,12,20.550931917853916,20.94771241773331,-0.39678049987939445,-1.9307177964746491
vrptw,3,2,20,shaw_removal,regret_2,13630126222537918552,15,12,12,20.550931917853916,18.711291654735284,1.839640263118632,8.951614800107523
vrptw,3,2,20,shaw_removal,regret_3,10536267451702414768,15,12,12,20.550931917853916,18.711291654735284,1.839640263118632,8.951614800107523
vrptw,3,2,20,shaw_removal,greedy_with_noise,3789169112560742602,15,12,13,20.550931917853916,20.72816456611206,-0.1772326482581441,-0.8624068678081246
vrptw,3,2,20,shaw_removal,best_position_first,10088383424756022820,15,12,13,20.550931917853916,20.77637539975606,-0.22544348190214336,-1.0969988261519474
vrptw,3,2,20,shaw_removal,sequential_insertion,7192304421988386969,15,12,12,20.550931917853916,20.316954606235463,0.23397731161845314,1.1385240949349942
vrptw,3,2,20,worst_removal,greedy_insertion,11628001054687061030,15,12,12,20.550931917853916,18.521971846485254,2.0289600713686617,9.87283729749488
vrptw,3,2,20,worst_removal,regret_2,5606656813614507020,15,12,12,20.550931917853916,17.78033861155924,2.770593306294675,13.481594495905474
vrptw,3,2,20,worst_removal,regret_3,14972971245354925693,15,12,11,20.550931917853916,17.930952851541143,2.619979066312773,12.748711721616033
vrptw,3,2,20,worst_removal,greedy_with_noise,12716579913059850322,15,12,12,20.550931917853916,18.83242219555569,1.7185097222982257,8.362198508405577
vrptw,3,2,20,worst_removal,best_position_first,15249634812312593965,15,12,12,20.550931917853916,18.678330611178527,1.8726013066753886,9.112001899283893
vrptw,3,2,20,worst_removal,sequential_insertion,15041264323048542089,15,12,12,20.550931917853916,18.152132328955354,2.3987995888985623,11.672461368112318
vrptw,3,2,20,route_removal,greedy_insertion,9059390052411408198,15,12,11,20.550931917853916,18.676969245980462,1.8739626718734534,9.118626247043434
vrptw,3,2,20,route_removal,regret_2,2998584226840409412,15,12,11,20.550931917853916,17.913844400623322,2.6370875172305936,12.831960748892298
vrptw,3,2,20,route_removal,regret_3,4667812120883054539,15,12,11,20.550931917853916,18.212626886903923,2.338305030949993,11.378097306227545
vrptw,3,2,20,route_removal,greedy_with_noise,14667401155878959090,15,12,11,20.550931917853916,18.244927741662078,2.3060041761918377,11.220922658930437
vrptw,3,2,20,route_removal,best_position_first,9341169048648578680,15,12,11,20.550931917853916,18.244927741662078,2.3060041761918377,11.220922658930437
vrptw,3,2,20,route_removal,sequential_insertion,13698980499476607784,15,12,12,20.550931917853916,19.43125277138958,1.1196791464643354,5.448313248955869
vrptw,3,2,20,cluster_removal,greedy_insertion,5571913769334952490,15,12,11,20.550931917853916,19.368434826053726,1.1824970918001902,5.753982819498706
vrptw,3,2,20,cluster_removal,regret_2,11697188214075938224,15,12,11,20.550931917853916,19.63251687348943,0.9184150443644867,4.468970302833812
vrptw,3,2,20,cluster_removal,regret_3,7129134737291430393,15,12,11,20.550931917853916,19.41955180413191,1.131380113722006,5.505249680376312
vrptw,3,2,20,cluster_removal,greedy_with_noise,10228310969396248886,15,12,11,20.550931917853916,19.71076212822459,0.840169789629325,4.088232071361277
vrptw,3,2,20,cluster_removal,best_position_first,10918537027685892094,15,12,11,20.550931917853916,20.393254820871196,0.15767709698272014,0.7672503495850517
vrptw,3,2,20,cluster_removal,sequential_insertion,4566557861197728277,15,12,11,20.550931917853916,20.02127725956215,0.529654658291765,2.577278054391392
vrptw,3,2,20,time_oriented_removal,greedy_insertion,15652343534663302026,15,12,12,20.550931917853916,18.71121398249323,1.8397179353606852,8.951992750082558
vrptw,3,2,20,time_oriented_removal,regret_2,7118278266125860836,15,12,12,20.550931917853916,18.584899593227643,1.9660323246262728,9.566633437767628
vrptw,3,2,20,time_oriented_removal,regret_3,7461819019683743565,15,12,12,20.550931917853916,18.584899593227643,1.9660323246262728,9.566633437767628
vrptw,3,2,20,time_oriented_removal,greedy_with_noise,8651029024383825536,15,12,13,20.550931917853916,19.50260352416509,1.048328393688827,5.101123383986673
vrptw,3,2,20,time_oriented_removal,best_position_first,6836963347502276718,15,12,13,20.550931917853916,20.474447368271402,0.0764845495825135,0.372170711713888
vrptw,3,2,20,time_oriented_removal,sequential_insertion,13034959092644535605,15,12,13,20.550931917853916,19.97533228770588,0.5755996301480373,2.800844421308101
vrptw,3,3,21,random_removal,greedy_insertion,10528490039749877038,15,12,12,19.696839250340854,18.686628235905225,1.0102110144356296,5.128797578109634
vrptw,3,3,21,random_removal,regret_2,5460545440039646902,15,12,12,19.696839250340854,18.346266962528382,1.3505722878124722,6.856797025386194
vrptw,3,3,21,random_removal,regret_3,14866049985401682077,15,12,12,19.696839250340854,18.346266962528382,1.3505722878124722,6.856797025386194
vrptw,3,3,21,random_removal,greedy_with_noise,15269934400731736061,15,12,12,19.696839250340854,18.459513662273423,1.2373255880674314,6.281848434367557
vrptw,3,3,21,random_removal,best_position_first,13839833268601067803,15,12,12,19.696839250340854,18.37777380698416,1.3190654433566955,6.696838140331926
vrptw,3,3,21,random_removal,sequential_insertion,4667756925659312765,15,12,12,19.696839250340854,18.37777380698416,1.3190654433566955,6.696838140331926
vrptw,3,3,21,shaw_removal,greedy_insertion,11500081195620452914,15,12,12,19.696839250340854,18.692733649387137,1.004105600953718,5.0978006582266335
vrptw,3,3,21,shaw_removal,regret_2,665609209836065790,15,12,12,19.696839250340854,18.409007876761837,1.2878313735790172,6.538264120507209
vrptw,3,3,21,shaw_removal,regret_3,14211445860755194918,15,12,12,19.696839250340854,18.443990691995634,1.252848558345221,6.360657882322618
vrptw,3,3,21,shaw_removal,greedy_with_noise,8796766149108903573,15,12,12,19.696839250340854,18.692733649387137,1.004105600953718,5.0978006582266335
vrptw,3,3,21,shaw_removal,best_position_first,9165376941411180380,15,12,12,19.696839250340854,19.754328914214383,-0.05748966387352894,-0.2918725341810061
vrptw,3,3,21,shaw_removal,sequential_insertion,11616291883515553469,15,12,12,19.696839250340854,18.791262654686427,0.905576595654427,4.597573164632269
vrptw,3,3,21,worst_removal,greedy_insertion,5750518916265433181,15,12,12,19.696839250340854,17.731306653175125,1.9655325971657298,9.978923888165033
vrptw,3,3,21,worst_removal,regret_2,1853613175028396835,15,12,12,19.696839250340854,17.876169705159874,1.82066954518098,9.243460445814794
vrptw,3,3,21,worst_removal,regret_3,14069269843573893331,15,12,12,19.696839250340854,17.473271165820687,2.223568084520167,11.28895888451589
vrptw,3,3,21,worst_removal,greedy_with_noise,17368478499061041342,15,12,13,19.696839250340854,18.17745452671656,1.5193847236242952,7.713850452417143
vrptw,3,3,21,worst_removal,best_position_first,17714893573631300543,15,12,12,19.696839250340854,18.103675989579305,1.5931632607615498,8.088420890849175
vrptw,3,3,21,worst_removal,sequential_insertion,11729342984411774640,15,12,12,19.696839250340854,17.938579710532355,1.758259539808499,8.926607550894605
vrptw,3,3,21,route_removal,greedy_insertion,2223859194841863399,15,12,11,19.696839250340854,20.483037572805888,-0.7861983224650331,-3.9914948407340427
vrptw,3,3,21,route_removal,regret_2,7943388304064420983,15,12,10,19.696839250340854,17.858655469005825,1.8381837813350295,9.33237946440173
vrptw,3,3,21,route_removal,regret_3,4249348212589945448,15,12,10,19.696839250340854,17.811828485196248,1.8850107651446066,9.570118033592555
vrptw,3,3,21,route_removal,greedy_with_noise,1889786068262091451,15,12,11,19.696839250340854,19.19411348450389,0.5027257658369635,2.5523169451071386
vrptw,3,3,21,route_removal,best_position_first,10783905465034611658,15,12,10,19.696839250340854,19.254904714830044,0.44193453551081063,2.243682501004129
vrptw,3,3,21,route_removal,sequential_insertion,13590374198812513684,15,12,10,19.696839250340854,17.858655469005825,1.8381837813350295,9.33237946440173
vrptw,3,3,21,cluster_removal,greedy_insertion,6302740687056136949,15,12,11,19.696839250340854,19.671569491552336,0.025269758788518004,0.12829347118767145
vrptw,3,3,21,cluster_removal,regret_2,17779559714061664610,15,12,11,19.696839250340854,19.106663085935818,0.5901761644050367,2.9962988320312545
vrptw,3,3,21,cluster_removal,regret_3,16108607150127699035,15,12,11,19.696839250340854,19.475832604833727,0.22100664550712779,1.1220411696425012
vrptw,3,3,21,cluster_removal,greedy_with_noise,13802543572700485951,15,12,12,19.696839250340854,19.771827220749728,-0.0749879704088734,-0.3807106787835298
vrptw,3,3,21,cluster_removal,best_position_first,16665089681694583518,15,12,12,19.696839250340854,19.83453000877513,-0.13769075843427458,-0.699050018555093
vrptw,3,3,21,cluster_removal,sequential_insertion,17467890902562203583,15,12,11,19.696839250340854,19.336222827126633,0.36061642321422127,1.8308339659520794
vrptw,3,3,21,time_oriented_removal,greedy_insertion,17071003522770205322,15,12,12,19.696839250340854,18.311440067496473,1.385399182844381,7.033611663457154
vrptw,3,3,21,time_oriented_removal,regret_2,15365041920243248925,15,12,12,19.696839250340854,17.498442272668903,2.198396977671951,11.1611662649575
vrptw,3,3,21,time_oriented_removal,regret_3,4685577346341642998,15,12,12,19.696839250340854,17.804936303561334,1.8919029467795205,9.605109341321254
vrptw,3,3,21,time_oriented_removal,greedy_with_noise,12910075716348996225,15,12,12,19.696839250340854,18.487303179870942,1.2095360704699125,6.140762256812252
vrptw,3,3,21,time_oriented_removal,best_position_first,16132352048473883467,15,12,12,19.696839250340854,18.333909037624593,1.362930212716261,6.919537675024055
vrptw,3,3,21,time_oriented_removal,sequential_insertion,12209112014658827843,15,12,12,19.696839250340854,18.592130575814583,1.1047086745262717,5.6085581066371075
vrptw,3,4,22,random_removal,greedy_insertion,11496298017683124733,15,13,12,20.928793151978706,19.440337853778896,1.4884552981998098,7.111997750616042
vrptw,3,4,22,random_removal,regret_2,17371938709644201128,15,13,12,20.928793151978706,18.810774429804425,2.1180187221742806,10.120118760761097
vrptw,3,4,22,random_removal,regret_3,3978788258854555021,15,13,12,20.928793151978706,19.09248513102707,1.8363080209516376,8.774075063081334
vrptw,3,4,22,random_removal,greedy_with_noise,16643401208637438237,15,13,12,20.928793151978706,18.980773850854465,1.9480193011242406,9.307843443137408
vrptw,3,4,22,random_removal,best_position_first,4022263468448941840,15,13,12,20.928793151978706,18.975552611756054,1.9532405402226516,9.332791078963782
vrptw,3,4,22,random_removal,sequential_insertion,2323964598540607362,15,13,12,20.928793151978706,19.21296352500145,1.715829626977257,8.19841648067048
vrptw,3,4,22,shaw_removal,greedy_insertion,14362211483138706453,15,13,13,20.928793151978706,19.834155103883592,1.0946380480951134,5.230297036939377
vrptw,3,4,22,shaw_removal,regret_2,8039150868099166665,15,13,13,20.928793151978706,19.070582524939667,1.858210627039039,8.878728044877041
vrptw,3,4,22,shaw_removal,regret_3,6664719720096627884,15,13,13,20.928793151978706,19.188523363620998,1.7402697883577076,8.315194171591182
vrptw,3,4,22,shaw_removal,greedy_with_noise,17980998037895868629,15,13,13,20.928793151978706,19.94923070681784,0.979562445160866,4.680453564845203
vrptw,3,4,22,shaw_removal,best_position_first,17096546573845517487,15,13,13,20.928793151978706,19.893849517336687,1.034943634642019,4.945070779411715
vrptw,3,4,22,shaw_removal,sequential_insertion,6450122664135205054,15,13,13,20.928793151978706,19.718105123089646,1.2106880288890594,5.784796190097541
vrptw,3,4,22,worst_removal,greedy_insertion,13345013727757184431,15,13,13,20.928793151978706,17.507173225431913,3.421619926546793,16.348863987044073
vrptw,3,4,22,worst_removal,regret_2,17830428193162525948,15,13,13,20.928793151978706,17.44434254500381,3.484450606974896,16.649075661801643
vrptw,3,4,22,worst_removal,regret_3,4024345211897418352,15,13,13,20.928793151978706,17.44434254500381,3.484450606974896,16.649075661801643
vrptw,3,4,22,worst_removal,greedy_with_noise,10192836121435712563,15,13,13,20.928793151978706,18.295910100263434,2.6328830517152717,12.580195296480086
vrptw,3,4,22,worst_removal,best_position_first,11568044257042258342,15,13,13,20.928793151978706,18.295910100263434,2.6328830517152717,12.580195296480086
vrptw,3,4,22,worst_removal,sequential_insertion,13365344008984774140,15,13,13,20.928793151978706,18.23307941983533,2.695713732143375,12.880406971237658
vrptw,3,4,22,route_removal,greedy_insertion,14663598985654124401,15,13,13,20.928793151978706,20.995139880853475,-0.06634672887476967,-0.317011728258669
vrptw,3,4,22,route_removal,regret_2,5074774168875191309,15,13,11,20.928793151978706,19.059043957250868,1.869749194727838,8.933860548719997
vrptw,3,4,22,route_removal,regret_3,8672885930768166605,15,13,11,20.928793151978706,18.872848841640533,2.055944310338173,9.823520617784856
vrptw,3,4,22,route_removal,greedy_with_noise,14332723054007241290,15,13,11,20.928793151978706,20.48521443209344,0.44357871988526654,2.1194663097108806
vrptw,3,4,22,route_removal,best_position_first,2213305353248206936,15,13,11,20.928793151978706,19.545039852794844,1.3837532991838621,6.611720461545274
vrptw,3,4,22,route_removal,sequential_insertion,14106840508706887524,15,13,12,20.928793151978706,21.002072581717844,-0.07327942973913792,-0.3501369104611259
vrptw,3,4,22,cluster_removal,greedy_insertion,4589127360465685880,15,13,12,20.928793151978706,19.80829296728062,1.1205001846980842,5.353869076737217
vrptw,3,4,22,cluster_removal,regret_2,5559203350570313317,15,13,13,20.928793151978706,18.91758954502772,2.0112036069509855,9.60974477766692
vrptw,3,4,22,cluster_removal,regret_3,5932639608601199886,15,13,12,20.928793151978706,19.2897447326774,1.6390484193013073,7.83154770272238
vrptw,3,4,22,cluster_removal,greedy_with_noise,17149874130894172347,15,13,13,20.928793151978706,20.018739725646178,0.910053426332528,4.348332078796847
vrptw,3,4,22,cluster_removal,best_position_first,8704726908501184950,15,13,12,20.928793151978706,19.49754747710754,1.4312456748711675,6.838644084624874
vrptw,3,4,22,cluster_removal,sequential_insertion,2913016715202333706,15,13,12,20.928793151978706,19.72980579888823,1.1989873530904767,5.728889116461638
vrptw,3,4,22,time_oriented_removal,greedy_insertion,12130786664350459539,15,13,13,20.928793151978706,19.42660486642227,1.5021882855564357,7.1776154250653095
vrptw,3,4,22,time_oriented_removal,regret_2,4532262368819229818,15,13,13,20.928793151978706,19.297426076958377,1.6313670750203286,7.794845422637719
vrptw,3,4,22,time_oriented_removal,regret_3,13487274766576299752,15,13,13,20.928793151978706,19.37799398642116,1.550799165557546,7.409883380738207
vrptw,3,4,22,time_oriented_removal,greedy_with_noise,11881709047458996160,15,13,13,20.928793151978706,20.103520694781356,0.8252724571973502,3.943239589614488
vrptw,3,4,22,time_oriented_removal,best_position_first,16054413181199645520,15,13,13,20.928793151978706,20.027493888563455,0.9012992634152504,4.306503757145869
vrptw,3,4,22,time_oriented_removal,sequential_insertion,5828621460794157694,15,13,13,20.928793151978706,19.603738377154293,1.3250547748244124,6.331252668045675
vrptw,3,5,23,random_removal,greedy_insertion,5769766515443812391,15,12,13,20.78217645055281,20.706557981016555,0.07561846953625562,0.3638621282817765
vrptw,3,5,23,random_removal,regret_2,11678161781042163545,15,12,12,20.78217645055281,19.65871724931539,1.12345920123742,5.40587846470496
vrptw,3,5,23,random_removal,regret_3,9540013385246126568,15,12,12,20.78217645055281,19.472394518260874,1.309781932291937,6.302429081036393
vrptw,3,5,23,random_removal,greedy_with_noise,6678933830546331973,15,12,12,20.78217645055281,19.970868345259586,0.8113081052932252,3.9038649644014747
vrptw,3,5,23,random_removal,best_position_first,15682709947655368776,15,12,13,20.78217645055281,20.519554953629097,0.26262149692371395,1.2636862050929616
vrptw,3,5,23,random_removal,sequential_insertion,5882778075289935789,15,12,13,20.78217645055281,20.520235249962038,0.26194120059077264,1.260412744613209
vrptw,3,5,23,shaw_removal,greedy_insertion,12202419837867592867,15,12,13,20.78217645055281,19.523079522907224,1.2590969276455866,6.058542187058056
vrptw,3,5,23,shaw_removal,regret_2,276206232859346434,15,12,12,20.78217645055281,19.111352579762688,1.670823870790123,8.039696298246369
vrptw,3,5,23,shaw_removal,regret_3,15780112942927050228,15,12,12,20.78217645055281,19.121335757263935,1.6608406932888755,7.991659089415039
vrptw,3,5,23,shaw_removal,greedy_with_noise,4375349204492532313,15,12,13,20.78217645055281,20.109193310738206,0.6729831398146047,3.2382707432777242
vrptw,3,5,23,shaw_removal,best_position_first,8744516006411721480,15,12,13,20.78217645055281,21.030109214703778,-0.247932764150967,-1.1930067321912856
vrptw,3,5,23,shaw_removal,sequential_insertion,4578109186931689524,15,12,12,20.78217645055281,19.10179175399312,1.6803846965596918,8.085701228443728
vrptw,3,5,23,worst_removal,greedy_insertion,3273655916120986049,15,12,12,20.78217645055281,20.253346948833965,0.528829501718846,2.5446300245650115
vrptw,3,5,23,worst_removal,regret_2,9378770836819535255,15,12,11,20.78217645055281,18.349751614439505,2.432424836113306,11.704379673133815
vrptw,3,5,23,worst_removal,regret_3,1803220536147690262,15,12,11,20.78217645055281,18.349751614439505,2.432424836113306,11.704379673133815
vrptw,3,5,23,worst_removal,greedy_with_noise,3404435204974826208,15,12,13,20.78217645055281,19.5176344988933,1.2645419516595098,6.084742638328781
vrptw,3,5,23,worst_removal,best_position_first,9052290360204027902,15,12,12,20.78217645055281,19.06178706139917,1.7203893891536417,8.278196430710599
vrptw,3,5,23,worst_removal,sequential_insertion,6526290991751299093,15,12,12,20.78217645055281,20.099446497719047,0.682729952833764,3.2851706098164866
vrptw,3,5,23,route_removal,greedy_insertion,15997397378113058897,15,12,12,20.78217645055281,18.222106873478296,2.5600695770745148,12.318582623748323
vrptw,3,5,23,route_removal,regret_2,3011076764241066291,15,12,12,20.78217645055281,18.222106873478296,2.5600695770745148,12.318582623748323
vrptw,3,5,23,route_removal,regret_3,17429839567849008541,15,12,12,20.78217645055281,18.222106873478296,2.5600695770745148,12.318582623748323
vrptw,3,5,23,route_removal,greedy_with_noise,10638385397955430427,15,12,12,20.78217645055281,19.093640947395773,1.6885355031570377,8.124921406449335
vrptw,3,5,23,route_removal,best_position_first,13366846401717290010,15,12,12,20.78217645055281,20.099774802352123,0.6824016482006883,3.2835908684748762
vrptw,3,5,23,route_removal,sequential_insertion,2693384847295125990,15,12,12,20.78217645055281,18.73426999435657,2.047906456196241,9.854148149828486
vrptw,3,5,23,cluster_removal,greedy_insertion,9304082403485152181,15,12,11,20.78217645055281,18.934418088222706,1.8477583623301044,8.891072437607725
vrptw,3,5,23,cluster_removal,regret_2,4114998448072093892,15,12,12,20.78217645055281,18.273383952632106,2.5087924979207052,12.071846776442758
vrptw,3,5,23,cluster_removal,regret_3,12198586911662525668,15,12,12,20.78217645055281,18.298499634087484,2.4836768164653265,11.950994749634416
vrptw,3,5,23,cluster_removal,greedy_with_noise,16281787408810264323,15,12,12,20.78217645055281,19.039334105761505,1.7428423447913062,8.386235911999227
vrptw,3,5,23,cluster_removal,best_position_first,2966860076105113833,15,12,11,20.78217645055281,20.031489132406552,0.7506873181462588,3.6121689175932787
vrptw,3,5,23,cluster_removal,sequential_insertion,7379138690553315089,15,12,12,20.78217645055281,20.496004570194167,0.28617188035864416,1.3770063065316334
vrptw,3,5,23,time_oriented_removal,greedy_insertion,15149837871116128748,15,12,12,20.78217645055281,19.588223915187797,1.193952535365014,5.745079386684038
vrptw,3,5,23,time_oriented_removal,regret_2,7381915374365836395,15,12,12,20.78217645055281,18.392864163639107,2.389312286913704,11.496930038095927
vrptw,3,5,23,time_oriented_removal,regret_3,5589398492817323106,15,12,12,20.78217645055281,18.473489980752518,2.3086864698002927,11.108973476831784
vrptw,3,5,23,time_oriented_removal,greedy_with_noise,18288724612626603517,15,12,12,20.78217645055281,18.60691561905371,2.175260831499102,10.466953914450283
vrptw,3,5,23,time_oriented_removal,best_position_first,7720412445522255785,15,12,13,20.78217645055281,20.043001458578416,0.7391749919743944,3.556773727396257
vrptw,3,5,23,time_oriented_removal,sequential_insertion,14914027161489756534,15,12,12,20.78217645055281,18.90211202090586,1.88006442964695,9.046523274981336
vrptw,4,0,24,random_removal,greedy_insertion,10313381397364303451,15,15,15,25.46799640269917,24.77544222521025,0.6925541774889226,2.719311588309804
vrptw,4,0,24,random_removal,regret_2,7908179974936972830,15,15,15,25.46799640269917,24.557357345267857,0.9106390574313146,3.5756211169199097
vrptw,4,0,24,random_removal,regret_3,14664574579926666629,15,15,14,25.46799640269917,24.332592070333053,1.135404332366118,4.458161193417573
vrptw,4,0,24,random_removal,greedy_with_noise,313513459376446202,15,15,15,25.46799640269917,24.64459613224615,0.8234002704530212,3.233078320859802
vrptw,4,0,24,random_removal,best_position_first,1883440516680784628,15,15,15,25.46799640269917,24.790195774514086,0.6778006281850857,2.6613818278741803
vrptw,4,0,24,random_removal,sequential_insertion,9001227614831891779,15,15,15,25.46799640269917,24.716963677181027,0.7510327255181437,2.9489274053711862
vrptw,4,0,24,shaw_removal,greedy_insertion,11254714974968110891,15,15,15,25.46799640269917,24.905272975537574,0.5627234271615968,2.2095315951197394
vrptw,4,0,24,shaw_removal,regret_2,18443672891795138185,15,15,14,25.46799640269917,23.87135532762735,1.5966410750718225,6.269205672192595
vrptw,4,0,24,shaw_removal,regret_3,8897404648974472184,15,15,14,25.46799640269917,23.681833795973255,1.7861626067259166,7.013361312304151
vrptw,4,0,24,shaw_removal,greedy_with_noise,4235337351094019599,15,15,14,25.46799640269917,24.78976974637393,0.6782266563252399,2.6630546258965215
vrptw,4,0,24,shaw_removal,best_position_first,6856122354959243012,15,15,14,25.46799640269917,24.588778184314886,0.8792182183842847,3.4522473008167327
vrptw,4,0,24,shaw_removal,sequential_insertion,3973630134303953410,15,15,14,25.46799640269917,24.22735882899862,1.2406375737005497,4.871359152418694
vrptw,4,0,24,worst_removal,greedy_insertion,16286445673732917759,15,15,14,25.46799640269917,23.187598471526304,2.2803979311728675,8.953974608427322
vrptw,4,0,24,worst_removal,regret_2,7580636840741831741,15,15,13,25.46799640269917,22.060369024202906,3.407627378496265,13.380037143931414
vrptw,4,0,24,worst_removal,regret_3,17219358772688815073,15,15,12,25.46799640269917,21.690326501241724,3.777669901457447,14.833007833537618
vrptw,4,0,24,worst_removal,greedy_with_noise,7786978229530599633,15,15,13,25.46799640269917,22.732043543008846,2.7359528596903253,10.74270946339682
vrptw,4,0,24,worst_removal,best_position_first,10031549418217069330,15,15,14,25.46799640269917,22.8449894432808,2.6230069594183725,10.29922777568941
vrptw,4,0,24,worst_removal,sequential_insertion,9369211516829713870,15,15,14,25.46799640269917,22.43220711394395,3.035789288755222,11.920016167559535
vrptw,4,0,24,route_removal,greedy_insertion,16313125159830526898,15,15,14,25.46799640269917,24.01944459638533,1.4485518063138407,5.6877336693840554
vrptw,4,0,24,route_removal,regret_2,1979001148835977990,15,15,14,25.46799640269917,23.271578939896898,2.1964174628022732,8.624225589137788
vrptw,4,0,24,route_removal,regret_3,4724980727257676128,15,15,14,25.46799640269917,23.273419436277422,2.1945769664217494,8.61699888645014
vrptw,4,0,24,route_removal,greedy_with_noise,6292781012659526174,15,15,14,25.46799640269917,24.9243837798053,0.5436126228938711,2.1344930881027513
vrptw,4,0,24,route_removal,best_position_first,14460892254474110696,15,15,14,25.46799640269917,24.825492269099893,0.642504133599278,2.5227902636706183
vrptw,4,0,24,route_removal,sequential_insertion,6938169306640627914,15,15,14,25.46799640269917,24.01378589019879,1.4542105125003815,5.709952559700613
vrptw,4,0,24,cluster_removal,greedy_insertion,1837030614793824008,15,15,15,25.46799640269917,24.14874417984633,1.3192522228528425,5.1800393010618775
vrptw,4,0,24,cluster_removal,regret_2,11915683476723741696,15,15,15,25.46799640269917,23.32279261019006,2.145203792509111,8.423135289440186
vrptw,4,0,24,cluster_removal,regret_3,15792127241500874618,15,15,15,25.46799640269917,23.286288587274043,2.1817078154251277,8.566468209465837
vrptw,4,0,24,cluster_removal,greedy_with_noise,13170324276732498294,15,15,15,25.46799640269917,25.162825416361486,0.3051709863376857,1.198252824887877
vrptw,4,0,24,cluster_removal,best_position_first,3012779210252035768,15,15,15,25.46799640269917,25.059481545455736,0.4085148572434356,1.6040321774198933
vrptw,4,0,24,cluster_removal,sequential_insertion,8491370070417957534,15,15,15,25.46799640269917,24.768619258173562,0.6993771445256094,2.746101944837276
vrptw,4,0,24,time_oriented_removal,greedy_insertion,9125952217612671655,15,15,15,25.46799640269917,26.09464615777853,-0.6266497550793595,-2.4605381011163696
vrptw,4,0,24,time_oriented_removal,regret_2,14476580133244655295,15,15,15,25.46799640269917,24.76478438829608,0.7032120144030927,2.761159548179315
vrptw,4,0,24,time_oriented_removal,regret_3,9111893369682995833,15,15,14,25.46799640269917,24.52859417090597,0.9394022317932027,3.6885596218069283
vrptw,4,0,24,time_oriented_removal,greedy_with_noise,8704972713588154692,15,15,15,25.46799640269917,24.403007128261567,1.064989274437604,4.18167671142255
vrptw,4,0,24,time_oriented_removal,best_position_first,7414046011920312191,15,15,15,25.46799640269917,24.7370130325448,0.7309833701543695,2.870203680713956
vrptw,4,0,24,time_oriented_removal,sequential_insertion,625494540549792240,15,15,15,25.46799640269917,26.491505794437654,-1.0235093917384823,-4.018806095127325
vrptw,4,1,25,random_removal,greedy_insertion,8222393737160254535,15,15,15,26.461856084231986,25.755219214983818,0.7066368692481682,2.6703979758594367
vrptw,4,1,25,random_removal,regret_2,3015000394404041756,15,15,15,26.461856084231986,25.45453672620434,1.0073193580276474,3.806684439750566
vrptw,4,1,25,random_removal,regret_3,3642310792684523160,15,15,15,26.461856084231986,25.45453672620434,1.0073193580276474,3.806684439750566
vrptw,4,1,25,random_removal,greedy_with_noise,13993762745708432899,15,15,15,26.461856084231986,26.15927251386609,0.302583570365897,1.1434706976061275
vrptw,4,1,25,random_removal,best_position_first,8809994406983119102,15,15,15,26.461856084231986,26.37190923129045,0.08994685294153726,0.3399113526096702
vrptw,4,1,25,random_removal,sequential_insertion,10927353452233699269,15,15,16,26.461856084231986,26.66194107519109,-0.20008499095910537,-0.7561260643327715
vrptw,4,1,25,shaw_removal,greedy_insertion,17543081874602246094,15,15,14,26.461856084231986,25.27172527146508,1.1901308127669061,4.497533389111272
vrptw,4,1,25,shaw_removal,regret_2,6709324618489493175,15,15,13,26.461856084231986,25.048850222264686,1.4130058619672994,5.339783639777548
vrptw,4,1,25,shaw_removal,regret_3,14457064602896699497,15,15,13,26.461856084231986,24.54408760596811,1.917768478263877,7.247293886563882
vrptw,4,1,25,shaw_removal,greedy_with_noise,3976995048615358333,15,15,14,26.461856084231986,25.34857320300162,1.113282881230365,4.207123180198024
vrptw,4,1,25,shaw_removal,best_position_first,41123317546365341,15,15,14,26.461856084231986,25.34857320300162,1.113282881230365,4.207123180198024
vrptw,4,1,25,shaw_removal,sequential_insertion,11872336605592137023,15,15,13,26.461856084231986,25.175578664857237,1.2862774193747484,4.860873762144038
vrptw,4,1,25,worst_removal,greedy_insertion,16377227302486088958,15,15,15,26.461856084231986,22.24283441485465,4.219021669377337,15.943785862743603
vrptw,4,1,25,worst_removal,regret_2,1073930985146397412,15,15,15,26.461856084231986,22.04405673563456,4.417799348597427,16.69497156410692
vrptw,4,1,25,worst_removal,regret_3,9720398660694701817,15,15,15,26.461856084231986,22.04405673563456,4.417799348597427,16.69497156410692
vrptw,4,1,25,worst_removal,greedy_with_noise,1180959595750186725,15,15,15,26.461856084231986,22.440398464769068,4.021457619462918,15.19718649614761
vrptw,4,1,25,worst_removal,best_position_first,1059011024663900848,15,15,15,26.461856084231986,22.546426479548778,3.915429604683208,14.796504040456645
vrptw,4,1,25,worst_removal,sequential_insertion,1821368716850858863,15,15,15,26.461856084231986,22.15282764094977,4.309028443282216,16.28392365813624
vrptw,4,1,25,route_removal,greedy_insertion,8826475707658725599,15,15,12,26.461856084231986,22.453966985447458,4.007889098784528,15.145910725335465
vrptw,4,1,25,route_removal,regret_2,1059997998197505858,15,15,12,26.461856084231986,22.257811466070454,4.204044618161532,15.887187220652395
vrptw,4,1,25,route_removal,regret_3,16538548058096198456,15,15,12,26.461856084231986,22.483069017786537,3.9787870664454488,15.035933434829301
vrptw,4,1,25,route_removal,greedy_with_noise,2667844172074100598,15,15,13,26.461856084231986,24.034183469934547,2.427672614297439,9.174234061925963
vrptw,4,1,25,route_removal,best_position_first,1937353447838025293,15,15,13,26.461856084231986,24.034183469934547,2.427672614297439,9.174234061925963
vrptw,4,1,25,route_removal,sequential_insertion,948879118754632474,15,15,13,26.461856084231986,23.307862024710534,3.1539940595214517,11.919020530841918
vrptw,4,1,25,cluster_removal,greedy_insertion,3327064336564564072,15,15,14,26.461856084231986,24.621924658950803,1.8399314252811827,6.953145763564014
vrptw,4,1,25,cluster_removal,regret_2,15815736550400104190,15,15,14,26.461856084231986,24.40642844637567,2.055427637856315,7.767511210527282
vrptw,4,1,25,cluster_removal,regret_3,16517535404324750624,15,15,14,26.461856084231986,24.46736714365477,1.9944889405772166,7.537222386171493
vrptw,4,1,25,cluster_removal,greedy_with_noise,14370922380296517254,15,15,15,26.461856084231986,24.561057329560978,1.9007987546710083,7.183164886924356
vrptw,4,1,25,cluster_removal,best_position_first,8969028924431442137,15,15,14,26.461856084231986,24.714370909811755,1.7474851744202304,6.603789125213772
vrptw,4,1,25,cluster_removal,sequential_insertion,15232351694975202203,15,15,14,26.461856084231986,24.63582540607048,1.826030678161505,6.900614500921554
vrptw,4,1,25,time_oriented_removal,greedy_insertion,10369125713332290897,15,15,15,26.461856084231986,26.900081115335183,-0.43822503110319744,-1.6560630883497462
vrptw,4,1,25,time_oriented_removal,regret_2,5269573193467555132,15,15,15,26.461856084231986,25.675099913268713,0.7867561709632724,2.9731707725221983
vrptw,4,1,25,time_oriented_removal,regret_3,12293893856191168479,15,15,15,26.461856084231986,25.668050607753464,0.7938054764785214,2.999810270117567
vrptw,4,1,25,time_oriented_removal,greedy_with_noise,3851919359595611371,15,15,16,26.461856084231986,28.40870732977083,-1.946851245538845,-7.357198373922564
vrptw,4,1,25,time_oriented_removal,best_position_first,12759702155858007431,15,15,15,26.461856084231986,26.881368974174556,-0.4195128899425704,-1.5853494501942687
vrptw,4,1,25,time_oriented_removal,sequential_insertion,12832756867432186265,15,15,15,26.461856084231986,27.976769245009717,-1.5149131607777306,-5.724893809245803
vrptw,4,2,26,random_removal,greedy_insertion,1763285796197366980,15,12,13,23.13483915479842,21.695944313338632,1.4388948414597884,6.219601665833694
vrptw,4,2,26,random_removal,regret_2,11012902515026229018,15,12,13,23.13483915479842,22.11898259107063,1.015856563727791,4.391024968579006
vrptw,4,2,26,random_removal,regret_3,16603789814542122868,15,12,13,23.13483915479842,22.229349118461975,0.9054900363364453,3.9139672866436883
vrptw,4,2,26,random_removal,greedy_with_noise,17114635965014354786,15,12,13,23.13483915479842,23.14033236198714,-0.005493207188720817,-0.023744306809159142
vrptw,4,2,26,random_removal,best_position_first,8802575243382853718,15,12,13,23.13483915479842,21.99148111464954,1.143358040148879,4.9421482142085
vrptw,4,2,26,random_removal,sequential_insertion,2905356192676900283,15,12,13,23.13483915479842,22.220532728340523,0.9143064264578982,3.952076002517878
vrptw,4,2,26,shaw_removal,greedy_insertion,10287848595526983557,15,12,12,23.13483915479842,22.675872369583367,0.4589667852150541,1.9838771393396928
vrptw,4,2,26,shaw_removal,regret_2,1479924641849800009,15,12,12,23.13483915479842,22.007962714215946,1.1268764405824747,4.870906743904239
vrptw,4,2,26,shaw_removal,regret_3,13385645450558882089,15,12,12,23.13483915479842,22.007962714215946,1.1268764405824747,4.870906743904239
vrptw,4,2,26,shaw_removal,greedy_with_noise,8111497100390024344,15,12,12,23.13483915479842,22.78038211871982,0.3544570360785997,1.5321352947685456
vrptw,4,2,26,shaw_removal,best_position_first,11936173127348862272,15,12,12,23.13483915479842,23.04014224378763,0.09469691101078936,0.4093259969397634
vrptw,4,2,26,shaw_removal,sequential_insertion,10612439513528434328,15,12,12,23.13483915479842,22.6951495905693,0.43968956422911987,1.900551636806705
vrptw,4,2,26,worst_removal,greedy_insertion,13612651648293007025,15,12,13,23.13483915479842,21.234211477193035,1.9006276776053852,8.21543501940092
vrptw,4,2,26,worst_removal,regret_2,5549957836560329041,15,12,12,23.13483915479842,21.33085014109009,1.8039890137083319,7.797715824335717
vrptw,4,2,26,worst_removal,regret_3,18187866897513838860,15,12,12,23.13483915479842,21.356336459269244,1.778502695529177,7.68755159103968
vrptw,4,2,26,worst_removal,greedy_with_noise,10859747513754864187,15,12,13,23.13483915479842,20.905454612822133,2.2293845419762874,9.636481702159958
vrptw,4,2,26,worst_removal,best_position_first,4458906189991573418,15,12,13,23.13483915479842,21.48164091662072,1.6531982381777013,7.145924927836854
vrptw,4,2,26,worst_removal,sequential_insertion,540702482704830537,15,12,13,23.13483915479842,21.004562605719013,2.130276549079408,9.208088869023173
vrptw,4,2,26,route_removal,greedy_insertion,14322103707843343271,15,12,12,23.13483915479842,22.184591739615207,0.9502474151832132,4.107430394587902
vrptw,4,2,26,route_removal,regret_2,16662622792804202669,15,12,12,23.13483915479842,22.184591739615207,0.9502474151832132,4.107430394587902
vrptw,4,2,26,route_removal,regret_3,9907172467547409534,15,12,12,23.13483915479842,22.15476612175981,0.9800730330386109,4.23635118654081
vrptw,4,2,26,route_removal,greedy_with_noise,8295024041686092130,15,12,12,23.13483915479842,22.986421934776455,0.14841722002196533,0.6415312379259916
vrptw,4,2,26,route_removal,best_position_first,12849776571441341248,15,12,12,23.13483915479842,22.986421934776455,0.14841722002196533,0.6415312379259916
vrptw,4,2,26,route_removal,sequential_insertion,17706389010133977349,15,12,12,23.13483915479842,22.62461068492086,0.5102284698775605,2.2054550129506025
vrptw,4,2,26,cluster_removal,greedy_insertion,7720957331017667846,15,12,13,23.13483915479842,22.058011105967353,1.076828048831068,4.654573310952637
vrptw,4,2,26,cluster_removal,regret_2,15104547195898072030,15,12,13,23.13483915479842,21.67288949523571,1.461949659562709,6.319255776020748
vrptw,4,2,26,cluster_removal,regret_3,7127924017646592953,15,12,13,23.13483915479842,21.829785585266077,1.305053569532344,5.641074747916117
vrptw,4,2,26,cluster_removal,greedy_with_noise,13153512878569940970,15,12,13,23.13483915479842,22.000510763701893,1.1343283910965276,4.903117689760361
vrptw,4,2,26,cluster_removal,best_position_first,17150298835445709610,15,12,13,23.13483915479842,22.16854821425674,0.9662909405416791,4.176778295609026
vrptw,4,2,26,cluster_removal,sequential_insertion,8802096964710488425,15,12,13,23.13483915479842,22.124330303432536,1.0105088513658842,4.367909561006364
vrptw,4,2,26,time_oriented_removal,greedy_insertion,10737042558046568157,15,12,12,23.13483915479842,22.858271551277085,0.276567603521336,1.195459374801717
vrptw,4,2,26,time_oriented_removal,regret_2,6140360831271750742,15,12,12,23.13483915479842,21.61197832337172,1.5228608314267014,6.582543415309819
vrptw,4,2,26,time_oriented_removal,regret_3,3381666026089183840,15,12,12,23.13483915479842,21.337981623253715,1.7968575315447062,7.766890098183449
vrptw,4,2,26,time_oriented_removal,greedy_with_noise,9823517931317486070,15,12,14,23.13483915479842,24.013270726800172,-0.8784315720017517,-3.797007474847973
vrptw,4,2,26,time_oriented_removal,best_position_first,13925017315494514481,15,12,15,23.13483915479842,23.482993389316626,-0.34815423451820493,-1.5048915282646083
vrptw,4,2,26,time_oriented_removal,sequential_insertion,8837127105520541738,15,12,12,23.13483915479842,22.50496766839463,0.6298714864037898,2.722610181939162
vrptw,4,3,27,random_removal,greedy_insertion,14321942925140182515,15,13,13,24.788747631522806,23.941560647548755,0.8471869839740513,3.4176272096002114
vrptw,4,3,27,random_removal,regret_2,4217493292199275103,15,13,14,24.788747631522806,23.99140580529608,0.7973418262267273,3.2165474354693955
vrptw,4,3,27,random_removal,regret_3,11871730493632303704,15,13,13,24.788747631522806,23.748456629771276,1.0402910017515303,4.196625893389774
vrptw,4,3,27,random_removal,greedy_with_noise,14290880001940421716,15,13,13,24.788747631522806,24.28372756930376,0.5050200622190459,2.0372955896199985
vrptw,4,3,27,random_removal,best_position_first,2974880706871296291,15,13,13,24.788747631522806,23.947041202015775,0.8417064295070311,3.3955181682380293
vrptw,4,3,27,random_removal,sequential_insertion,18203234679506248365,15,13,14,24.788747631522806,23.953807764626802,0.8349398668960042,3.3682212563019776
vrptw,4,3,27,shaw_removal,greedy_insertion,2495458325621587318,15,13,13,24.788747631522806,23.273579776858515,1.5151678546642913,6.112321111121871
vrptw,4,3,27,shaw_removal,regret_2,16675135297217132372,15,13,13,24.788747631522806,22.8057865886083,1.982961042914507,7.999440199200944
vrptw,4,3,27,shaw_removal,regret_3,4460117288751512230,15,13,13,24.788747631522806,23.310102823446535,1.4786448080762717,5.964983911474177
vrptw,4,3,27,shaw_removal,greedy_with_noise,15387281806601248654,15,13,13,24.788747631522806,24.730385526249805,0.058362105273001674,0.23543789359808176
vrptw,4,3,27,shaw_removal,best_position_first,14008860201839191959,15,13,13,24.788747631522806,24.073651408449543,0.7150962230732638,2.884761399417799
vrptw,4,3,27,shaw_removal,sequential_insertion,3272122673067731755,15,13,14,24.788747631522806,26.70006848835382,-1.911320856831015,-7.710437353440432
vrptw,4,3,27,worst_removal,greedy_insertion,23641178036247948,15,13,13,24.788747631522806,23.901753537756495,0.8869940937663117,3.5782126106215975
vrptw,4,3,27,worst_removal,regret_2,4654744515513254010,15,13,13,24.788747631522806,22.83585115911876,1.9528964724040456,7.878157063169378
vrptw,4,3,27,worst_removal,regret_3,1738526195397020380,15,13,13,24.788747631522806,23.272373695410447,1.516373936112359,6.117186550336452
vrptw,4,3,27,worst_removal,greedy_with_noise,16901747022666551515,15,13,13,24.788747631522806,23.276022106481598,1.5127255250412084,6.102468537448575
vrptw,4,3,27,worst_removal,best_position_first,1759787820730953950,15,13,13,24.788747631522806,22.730266210325347,2.0584814211974596,8.3040960834172
vrptw,4,3,27,worst_removal,sequential_insertion,15383667712778808607,15,13,13,24.788747631522806,24.32622455998684,0.4625230715359656,1.865858971220452
vrptw,4,3,27,route_removal,greedy_insertion,6337207979318438446,15,13,13,24.788747631522806,24.50481317681038,0.2839344547124263,1.1454166984674885
vrptw,4,3,27,route_removal,regret_2,4707626826357028855,15,13,12,24.788747631522806,22.72772853065677,2.0610191008660372,8.31433330760577
vrptw,4,3,27,route_removal,regret_3,1477069614720880254,15,13,12,24.788747631522806,22.72772853065677,2.0610191008660372,8.31433330760577
vrptw,4,3,27,route_removal,greedy_with_noise,14171956975554423354,15,13,13,24.788747631522806,25.888157522060805,-1.0994098905379985,-4.435116718603102
vrptw,4,3,27,route_removal,best_position_first,12354631677044029793,15,13,13,24.788747631522806,25.888157522060805,-1.0994098905379985,-4.435116718603102
vrptw,4,3,27,route_removal,sequential_insertion,18196940245063530422,15,13,13,24.788747631522806,24.402127350293135,0.3866202812296713,1.5596604030855619
vrptw,4,3,27,cluster_removal,greedy_insertion,13308735587948913363,15,13,13,24.788747631522806,23.611697284082567,1.1770503474402396,4.7483251874468815
vrptw,4,3,27,cluster_removal,regret_2,7109128925239038856,15,13,13,24.788747631522806,23.65815990478521,1.1305877267375948,4.560890866870071
vrptw,4,3,27,cluster_removal,regret_3,10623404872483992738,15,13,13,24.788747631522806,23.499430931112006,1.2893167004108008,5.201217582977976
vrptw,4,3,27,cluster_removal,greedy_with_noise,4589032454739558432,15,13,13,24.788747631522806,25.077823495921113,-0.28907586439830624,-1.166157599792176
vrptw,4,3,27,cluster_removal,best_position_first,3556801463104082388,15,13,14,24.788747631522806,25.88079952478021,-1.092051893257402,-4.405433906909785
vrptw,4,3,27,cluster_removal,sequential_insertion,8409696134143075414,15,13,13,24.788747631522806,23.97593243602505,0.8128151954977554,3.2789683754097063
vrptw,4,3,27,time_oriented_removal,greedy_insertion,7703238166064699009,15,13,13,24.788747631522806,24.373710637328312,0.41503699419449447,1.6742959360589456
vrptw,4,3,27,time_oriented_removal,regret_2,2776275933270440102,15,13,13,24.788747631522806,24.5538378639404,0.23490976758240478,0.9476467753606073
vrptw,4,3,27,time_oriented_removal,regret_3,477847572656144072,15,13,13,24.788747631522806,23.67344241423666,1.1153052172861457,4.499239872319564
vrptw,4,3,27,time_oriented_removal,greedy_with_noise,11249631987562662995,15,13,14,24.788747631522806,25.55195875416269,-0.7632111226398841,-3.078861159041938
vrptw,4,3,27,time_oriented_removal,best_position_first,11039346737711069859,15,13,13,24.788747631522806,25.113388158297205,-0.3246405267743988,-1.309628592779601
vrptw,4,3,27,time_oriented_removal,sequential_insertion,2082608238944526060,15,13,13,24.788747631522806,25.116216694863873,-0.3274690633410664,-1.3210391594153703
vrptw,4,4,28,random_removal,greedy_insertion,15375040695978271283,15,13,13,24.033834246702835,22.91172808345056,1.1221061632522762,4.668860372981128
vrptw,4,4,28,random_removal,regret_2,10165104472168689085,15,13,13,24.033834246702835,21.946732809517002,2.087101437185833,8.684013610821001
vrptw,4,4,28,random_removal,regret_3,13454469086275293364,15,13,13,24.033834246702835,22.071114412848104,1.962719833854731,8.166486519411665
vrptw,4,4,28,random_removal,greedy_with_noise,8035377395970341838,15,13,13,24.033834246702835,23.154041817384297,0.8797924293185382,3.660641162319889
vrptw,4,4,28,random_removal,best_position_first,7682348311069078875,15,13,13,24.033834246702835,22.909294662267417,1.1245395844354178,4.678985354114655
vrptw,4,4,28,random_removal,sequential_insertion,8088369930078328659,15,13,13,24.033834246702835,21.946732809517002,2.087101437185833,8.684013610821001
vrptw,4,4,28,shaw_removal,greedy_insertion,11870643608739855069,15,13,14,24.033834246702835,25.22527394027969,-1.1914396935768536,-4.957343390767145
vrptw,4,4,28,shaw_removal,regret_2,6806124371424229042,15,13,13,24.033834246702835,23.116122353483508,0.9177118932193267,3.8184165031646007
vrptw,4,4,28,shaw_removal,regret_3,11091003071597540259,15,13,13,24.033834246702835,23.116122353483508,0.9177118932193267,3.8184165031646007
vrptw,4,4,28,shaw_removal,greedy_with_noise,15544362466188751389,15,13,14,24.033834246702835,24.025474817001854,0.008359429700981025,0.03478192291405955
vrptw,4,4,28,shaw_removal,best_position_first,7034803552244167112,15,13,14,24.033834246702835,24.42312803804759,-0.3892937913447554,-1.6197739709308432
vrptw,4,4,28,shaw_removal,sequential_insertion,3810407550807067239,15,13,14,24.033834246702835,24.794490416411616,-0.7606561697087812,-3.164938901969562
vrptw,4,4,28,worst_removal,greedy_insertion,14438094649177033495,15,13,13,24.033834246702835,20.82202473069424,3.2118095160085964,13.363700036540028
vrptw,4,4,28,worst_removal,regret_2,5864200455537393577,15,13,13,24.033834246702835,20.820261646688124,3.213572600014711,13.371035878120763
vrptw,4,4,28,worst_removal,regret_3,14777149894386533219,15,13,13,24.033834246702835,20.60001091170151,3.4338233350013248,14.287455342138783
vrptw,4,4,28,worst_removal,greedy_with_noise,14142653920759273170,15,13,13,24.033834246702835,22.00546226377046,2.0283719829323736,8.439652042664157
vrptw,4,4,28,worst_removal,best_position_first,10079508833357337980,15,13,13,24.033834246702835,20.820995419328217,3.2128388273746182,13.367982796233948
vrptw,4,4,28,worst_removal,sequential_insertion,1216161819019965536,15,13,14,24.033834246702835,22.070543281115953,1.9632909655868822,8.168862884856681
vrptw,4,4,28,route_removal,greedy_insertion,1306088809849692044,15,13,13,24.033834246702835,22.15223286029552,1.881601386407315,7.8289688074446495
vrptw,4,4,28,route_removal,regret_2,14300863762195159599,15,13,13,24.033834246702835,21.464224397619283,2.5696098490835517,10.691635062083664
vrptw,4,4,28,route_removal,regret_3,17236693207688310252,15,13,13,24.033834246702835,21.538599183464573,2.495235063238262,10.38217638361461
vrptw,4,4,28,route_removal,greedy_with_noise,2233003570766951564,15,13,14,24.033834246702835,22.597851186356905,1.4359830603459294,5.974839659813872
vrptw,4,4,28,route_removal,best_position_first,3712574555155370540,15,13,13,24.033834246702835,21.686945150890708,2.346889095812127,9.764938343677283
vrptw,4,4,28,route_removal,sequential_insertion,17493843977015091855,15,13,14,24.033834246702835,22.330486967679498,1.7033472790233368,7.087288950813233
vrptw,4,4,28,cluster_removal,greedy_insertion,10197011469853367175,15,13,14,24.033834246702835,23.910983872978775,0.12285037372405938,0.5111559498289917
vrptw,4,4,28,cluster_removal,regret_2,11565743636702616501,15,13,13,24.033834246702835,21.74079313968494,2.2930411070178955,9.540887581566285
vrptw,4,4,28,cluster_removal,regret_3,5153865932765428451,15,13,13,24.033834246702835,21.74079313968494,2.2930411070178955,9.540887581566285
vrptw,4,4,28,cluster_removal,greedy_with_noise,16552579953121508012,15,13,14,24.033834246702835,23.70649005053523,0.3273441961676049,1.362014037408587
vrptw,4,4,28,cluster_removal,best_position_first,17035424711727118925,15,13,14,24.033834246702835,23.101722993215013,0.9321112534878218,3.878329374829972
vrptw,4,4,28,cluster_removal,sequential_insertion,17789819858574242207,15,13,14,24.033834246702835,23.621536656679563,0.4122975900232717,1.7154881979758771
vrptw,4,4,28,time_oriented_removal,greedy_insertion,510279921382374883,15,13,13,24.033834246702835,23.407018241854814,0.6268160048480205,2.6080566189059593
vrptw,4,4,28,time_oriented_removal,regret_2,11582669871458016977,15,13,12,24.033834246702835,22.34665189763046,1.6871823490723763,7.020029895162642
vrptw,4,4,28,time_oriented_removal,regret_3,13249817712486192679,15,13,13,24.033834246702835,23.421607855952367,0.6122263907504681,2.5473521389308016
vrptw,4,4,28,time_oriented_removal,greedy_with_noise,16541455881375902408,15,13,13,24.033834246702835,23.275330369810312,0.7585038768925223,3.155983640007754
vrptw,4,4,28,time_oriented_removal,best_position_first,2327622042651248453,15,13,13,24.033834246702835,23.275330369810312,0.7585038768925223,3.155983640007754
vrptw,4,4,28,time_oriented_removal,sequential_insertion,5193018097284646436,15,13,13,24.033834246702835,22.946999113236092,1.0868351334667423,4.522104639278869
vrptw,4,5,29,random_removal,greedy_insertion,3517913144061474666,15,14,14,26.588727991701916,25.290013328555467,1.2987146631464483,4.884455787248508
vrptw,4,5,29,random_removal,regret_2,296775357467997309,15,14,14,26.588727991701916,23.10465059330634,3.484077398395577,13.103588105015493
vrptw,4,5,29,random_removal,regret_3,10691181979188228412,15,14,14,26.588727991701916,23.14124696570167,3.447481026000247,12.965949431940379
vrptw,4,5,29,random_removal,greedy_with_noise,4220598828058858462,15,14,14,26.588727991701916,23.86973023087596,2.718997760825957,10.226129515013014
vrptw,4,5,29,random_removal,best_position_first,3292711822026529278,15,14,14,26.588727991701916,23.780280802850694,2.808447188851222,10.562548120871789
vrptw,4,5,29,random_removal,sequential_insertion,12460622990517945887,15,14,14,26.588727991701916,25.630581748933093,0.958146242768823,3.603580596513873
vrptw,4,5,29,shaw_removal,greedy_insertion,799416046787072246,15,14,14,26.588727991701916,25.24599068257444,1.3427373091274752,5.050024617749786
vrptw,4,5,29,shaw_removal,regret_2,8342399788071342131,15,14,14,26.588727991701916,23.67673566218686,2.911992329515055,10.951980592767956
vrptw,4,5,29,shaw_removal,regret_3,6935962791628818888,15,14,13,26.588727991701916,23.99165844902477,2.597069542677147,9.767558431105344
vrptw,4,5,29,shaw_removal,greedy_with_noise,18170390898388292280,15,14,14,26.588727991701916,24.006394224813267,2.582333766888649,9.712137292519484
vrptw,4,5,29,shaw_removal,best_position_first,8038924162084159290,15,14,14,26.588727991701916,25.785180989174133,0.8035470025277824,3.0221340516122535
vrptw,4,5,29,shaw_removal,sequential_insertion,3239306053364383971,15,14,14,26.588727991701916,23.943183383946423,2.645544607755493,9.949872775339768
vrptw,4,5,29,worst_removal,greedy_insertion,15363140843347567462,15,14,13,26.588727991701916,23.37449862343653,3.2142293682653857,12.08869175414678
vrptw,4,5,29,worst_removal,regret_2,217665137992204914,15,14,13,26.588727991701916,21.74850254575143,4.840225445950487,18.204050406100944
vrptw,4,5,29,worst_removal,regret_3,3195317019979801496,15,14,13,26.588727991701916,22.47847493157611,4.110253060125807,15.458629917943338
vrptw,4,5,29,worst_removal,greedy_with_noise,17763343136776677421,15,14,14,26.588727991701916,24.482606677841407,2.106121313860509,7.921105945789543
vrptw,4,5,29,worst_removal,best_position_first,955569094413523225,15,14,14,26.588727991701916,24.140759119783425,2.4479688719184907,9.206791963430812
vrptw,4,5,29,worst_removal,sequential_insertion,11138332576479731756,15,14,14,26.588727991701916,23.173837543772365,3.414890447929551,12.84337652028824
vrptw,4,5,29,route_removal,greedy_insertion,17042428825213273919,15,14,13,26.588727991701916,24.00835352589463,2.580374465807285,9.704768376330733
vrptw,4,5,29,route_removal,regret_2,15872298611976693356,15,14,13,26.588727991701916,23.881352013191155,2.707375978510761,10.18242008175685
vrptw,4,5,29,route_removal,regret_3,15275144471205021943,15,14,13,26.588727991701916,23.881352013191155,2.707375978510761,10.18242008175685
vrptw,4,5,29,route_removal,greedy_with_noise,15991428725338699807,15,14,13,26.588727991701916,24.682538483074794,1.906189508627122,7.169163975132715
vrptw,4,5,29,route_removal,best_position_first,10168963449271166505,15,14,13,26.588727991701916,24.503131125202426,2.0855968664994897,7.843913658262946
vrptw,4,5,29,route_removal,sequential_insertion,8351071306364155526,15,14,13,26.588727991701916,24.409715405027317,2.179012586674599,8.195249458171325
vrptw,4,5,29,cluster_removal,greedy_insertion,18137704598714414122,15,14,14,26.588727991701916,26.142784319451735,0.4459436722501806,1.6771906967093548
vrptw,4,5,29,cluster_removal,regret_2,15747100808177197727,15,14,14,26.588727991701916,25.562477950672115,1.026250041029801,3.859718454188872
vrptw,4,5,29,cluster_removal,regret_3,11196402567376246304,15,14,14,26.588727991701916,25.02970549144848,1.5590225002534375,5.863471546062652
vrptw,4,5,29,cluster_removal,greedy_with_noise,6587642215803909185,15,14,15,26.588727991701916,26.15564632769273,0.4330816640091868,1.6288167833540115
vrptw,4,5,29,cluster_removal,best_position_first,13973070833848019808,15,14,14,26.588727991701916,26.13862348732889,0.4501045043730265,1.692839554090364
vrptw,4,5,29,cluster_removal,sequential_insertion,10863477814621439142,15,14,14,26.588727991701916,25.321817505304587,1.2669104863973288,4.7648405248747485
vrptw,4,5,29,time_oriented_removal,greedy_insertion,15082640382067589642,15,14,12,26.588727991701916,23.697262102222872,2.8914658894790435,10.874780810806149
vrptw,4,5,29,time_oriented_removal,regret_2,6319196031231410318,15,14,12,26.588727991701916,23.579278899533954,3.009449092167962,11.318514722130303
vrptw,4,5,29,time_oriented_removal,regret_3,787380257902566254,15,14,12,26.588727991701916,23.579278899533954,3.009449092167962,11.318514722130303
vrptw,4,5,29,time_oriented_removal,greedy_with_noise,17549750809741937220,15,14,14,26.588727991701916,24.89431553668682,1.6944124550150974,6.3726721170862595
vrptw,4,5,29,time_oriented_removal,best_position_first,15098696811768853798,15,14,14,26.588727991701916,25.56539212613647,1.0233358655654463,3.848758262842884
vrptw,4,5,29,time_oriented_removal,sequential_insertion,9170389398024174680,15,14,14,26.588727991701916,25.582660645637063,1.006067346064853,3.7838114947764216
vrptw,5,0,30,random_removal,greedy_insertion,7952259434962369907,15,13,15,21.19270237373457,22.670455002641024,-1.4777526289064546,-6.972931544293876
vrptw,5,0,30,random_removal,regret_2,11582576515987317664,15,13,13,21.19270237373457,20.260370134281434,0.9323322394531353,4.39930794577964
vrptw,5,0,30,random_removal,regret_3,4640077359530263428,15,13,13,21.19270237373457,20.260370134281434,0.9323322394531353,4.39930794577964
vrptw,5,0,30,random_removal,greedy_with_noise,8827306699524647617,15,13,13,21.19270237373457,20.46557219728319,0.7271301764513787,3.4310403818653925
vrptw,5,0,30,random_removal,best_position_first,13166536976829334692,15,13,14,21.19270237373457,21.53828951579696,-0.34558714206239216,-1.63068935696799
vrptw,5,0,30,random_removal,sequential_insertion,10759663120429184798,15,13,14,21.19270237373457,21.54851488283259,-0.3558125090980191,-1.6789388291462046
vrptw,5,0,30,shaw_removal,greedy_insertion,12800816182427310792,15,13,13,21.19270237373457,20.91946147830222,0.2732408954323482,1.2893159664762366
vrptw,5,0,30,shaw_removal,regret_2,17849476464436184330,15,13,13,21.19270237373457,21.001872758080513,0.19082961565405654,0.9004496561541085
vrptw,5,0,30,shaw_removal,regret_3,6697777738875936955,15,13,13,21.19270237373457,20.477077804363372,0.7156245693711973,3.376749962091268
vrptw,5,0,30,shaw_removal,greedy_with_noise,15006797849224132770,15,13,12,21.19270237373457,21.289156802759354,-0.09645442902478507,-0.45513039028154817
vrptw,5,0,30,shaw_removal,best_position_first,1083821464953291369,15,13,12,21.19270237373457,21.211209633494615,-0.01850725976004597,-0.08732845596408301
vrptw,5,0,30,shaw_removal,sequential_insertion,11381444243493564102,15,13,13,21.19270237373457,20.269043159338707,0.9236592143958617,4.35838336285329
vrptw,5,0,30,worst_removal,greedy_insertion,8456040700419833717,15,13,13,21.19270237373457,19.752106750598443,1.4405956231361259,6.7976022959749836
vrptw,5,0,30,worst_removal,regret_2,8516815235855566060,15,13,12,21.19270237373457,18.38046818185157,2.8122341918830003,13.269823462289436
vrptw,5,0,30,worst_removal,regret_3,17652655778199392785,15,13,12,21.19270237373457,18.38046818185157,2.8122341918830003,13.269823462289436
vrptw,5,0,30,worst_removal,greedy_with_noise,11744044819410024344,15,13,13,21.19270237373457,19.127846642037465,2.0648557316971043,9.743239419321098
vrptw,5,0,30,worst_removal,best_position_first,7667314618102885411,15,13,13,21.19270237373457,19.124703402483114,2.0679989712514555,9.758071126476324
vrptw,5,0,30,worst_removal,sequential_insertion,16355470481647838722,15,13,13,21.19270237373457,19.225479368814533,1.9672230049200365,9.282549106895107
vrptw,5,0,30,route_removal,greedy_insertion,6582185236619968789,15,13,12,21.19270237373457,18.427273223919915,2.765429149814654,13.048968937732178
vrptw,5,0,30,route_removal,regret_2,8191702972672943116,15,13,12,21.19270237373457,18.0299376513393,3.16276472239527,14.923838718723669
vrptw,5,0,30,route_removal,regret_3,12832916664179531113,15,13,12,21.19270237373457,18.2578257582869,2.9348766154476706,13.848524665193457
vrptw,5,0,30,route_removal,greedy_with_noise,17729646859121988403,15,13,12,21.19270237373457,19.187909447413116,2.0047929263214535,9.4598267411433
vrptw,5,0,30,route_removal,best_position_first,3272036105332504743,15,13,12,21.19270237373457,19.187909447413116,2.0047929263214535,9.4598267411433
vrptw,5,0,30,route_removal,sequential_insertion,16946133389532126318,15,13,12,21.19270237373457,18.617257505957266,2.5754448677773034,12.152508077352193
vrptw,5,0,30,cluster_removal,greedy_insertion,1372928933417991182,15,13,13,21.19270237373457,20.867325951250617,0.32537642248395215,1.5353229462950009
vrptw,5,0,30,cluster_removal,regret_2,10058673390697041070,15,13,13,21.19270237373457,19.97774490991261,1.2149574638219605,5.732904857512332
vrptw,5,0,30,cluster_removal,regret_3,10815253704918372671,15,13,13,21.19270237373457,20.444538011182686,0.7481643625518828,3.530292406121502
vrptw,5,0,30,cluster_removal,greedy_with_noise,17420225797782926846,15,13,13,21.19270237373457,21.238912095381632,-0.04620972164706316,-0.21804544239876522
vrptw,5,0,30,cluster_removal,best_position_first,5621549104743945307,15,13,13,21.19270237373457,21.238912095381632,-0.04620972164706316,-0.21804544239876522
vrptw,5,0,30,cluster_removal,sequential_insertion,6431180535669678045,15,13,13,21.19270237373457,20.60041005918864,0.5922923145459293,2.79479371767139
vrptw,5,0,30,time_oriented_removal,greedy_insertion,15686370106229320045,15,13,13,21.19270237373457,20.348940552139165,0.8437618215954039,3.9813790932162116
vrptw,5,0,30,time_oriented_removal,regret_2,6151322843050248244,15,13,13,21.19270237373457,19.082516574189555,2.1101857995450146,9.957134122547291
vrptw,5,0,30,time_oriented_removal,regret_3,7483837519354952902,15,13,13,21.19270237373457,19.111787412472424,2.0809149612621454,9.819016586771644
vrptw,5,0,30,time_oriented_removal,greedy_with_noise,1347053427689430060,15,13,13,21.19270237373457,19.952309801686603,1.2403925720479663,5.852923096703617
vrptw,5,0,30,time_oriented_removal,best_position_first,6579760060807789864,15,13,13,21.19270237373457,19.560157494632623,1.6325448791019461,7.703335092957565
vrptw,5,0,30,time_oriented_removal,sequential_insertion,17883491551880058702,15,13,13,21.19270237373457,19.111787412472424,2.0809149612621454,9.819016586771644
vrptw,5,1,31,random_removal,greedy_insertion,15205829235360967091,15,12,13,20.549407517737592,21.061328296073796,-0.5119207783362043,-2.4911705016036625
vrptw,5,1,31,random_removal,regret_2,10372237890062850478,15,12,12,20.549407517737592,20.068859085311434,0.48054843242615775,2.338502616249951
vrptw,5,1,31,random_removal,regret_3,7464793576855656887,15,12,12,20.549407517737592,20.099589898526474,0.4498176192111174,2.1889566345056384
vrptw,5,1,31,random_removal,greedy_with_noise,15621751540570250695,15,12,12,20.549407517737592,20.020235675200315,0.5291718425372771,2.5751197063979236
vrptw,5,1,31,random_removal,best_position_first,6934466017445731110,15,12,13,20.549407517737592,21.08122648375845,-0.5318189660208574,-2.5880014572770933
vrptw,5,1,31,random_removal,sequential_insertion,6912487749315862947,15,12,13,20.549407517737592,20.66704080557642,-0.11763328783882798,-0.5724412625390327
vrptw,5,1,31,shaw_removal,greedy_insertion,6936088807570641771,15,12,12,20.549407517737592,19.36905974796357,1.1803477697740234,5.7439503730469355
vrptw,5,1,31,shaw_removal,regret_2,11777243974382317863,15,12,12,20.549407517737592,18.494076777127702,2.0553307406098895,10.001897810609837
vrptw,5,1,31,shaw_removal,regret_3,11329893376274695352,15,12,13,20.549407517737592,18.93307275744047,1.6163347602971214,7.865602737704009
vrptw,5,1,31,shaw_removal,greedy_with_noise,4758641110636087431,15,12,13,20.549407517737592,19.19284318409361,1.3565643336439805,6.601476623951506
vrptw,5,1,31,shaw_removal,best_position_first,2042469832843840707,15,12,13,20.549407517737592,19.17668081919631,1.3727266985412818,6.680127869167946
vrptw,5,1,31,shaw_removal,sequential_insertion,2915734033408157595,15,12,12,20.549407517737592,21.021796829199182,-0.47238931146159047,-2.298797719855617
vrptw,5,1,31,worst_removal,greedy_insertion,12450853457977669738,15,12,13,20.549407517737592,21.751614462530238,-1.2022069447926462,-5.850324121291281
vrptw,5,1,31,worst_removal,regret_2,6184612842848011269,15,12,12,20.549407517737592,20.302441913789284,0.2469656039483077,1.201813744435867
vrptw,5,1,31,worst_removal,regret_3,17819985281573380178,15,12,12,20.549407517737592,21.57972030715029,-1.0303127894126973,-5.0138320947860135
vrptw,5,1,31,worst_removal,greedy_with_noise,12586982156008383795,15,12,13,20.549407517737592,22.54204062274243,-1.9926331050048383,-9.696791030519304
vrptw,5,1,31,worst_removal,best_position_first,5599725084422313440,15,12,13,20.549407517737592,22.357876552965134,-1.8084690352275423,-8.80058966987992
vrptw,5,1,31,worst_removal,sequential_insertion,6971458107308214660,15,12,12,20.549407517737592,22.14764861060081,-1.5982410928632191,-7.777553155650198
vrptw,5,1,31,route_removal,greedy_insertion,8603025069672162851,15,12,12,20.549407517737592,20.3129808842036,0.2364266335339913,1.1505277382324302
vrptw,5,1,31,route_removal,regret_2,1109483184294514280,15,12,12,20.549407517737592,20.25124815426571,0.298159363471882,1.4509389782382793
vrptw,5,1,31,route_removal,regret_3,13369328250261266912,15,12,12,20.549407517737592,20.25124815426571,0.298159363471882,1.4509389782382793
vrptw,5,1,31,route_removal,greedy_with_noise,12746630840869663937,15,12,12,20.549407517737592,21.396343024194824,-0.8469355064572319,-4.121459490869429
vrptw,5,1,31,route_removal,best_position_first,9634062438752127752,15,12,12,20.549407517737592,21.396343024194824,-0.8469355064572319,-4.121459490869429
vrptw,5,1,31,route_removal,sequential_insertion,573992957925228850,15,12,12,20.549407517737592,21.56564319700885,-1.016235679271258,-4.945328367224581
vrptw,5,1,31,cluster_removal,greedy_insertion,9116655698158095359,15,12,12,20.549407517737592,19.117987461136124,1.4314200566014676,6.965748551951736
vrptw,5,1,31,cluster_removal,regret_2,1275231376177452282,15,12,12,20.549407517737592,18.71074987664554,1.8386576410920519,8.947497096960005
vrptw,5,1,31,cluster_removal,regret_3,16823347478219969347,15,12,12,20.549407517737592,18.919162693466053,1.6302448242715393,7.933293565103345
vrptw,5,1,31,cluster_removal,greedy_with_noise,4315796536214613119,15,12,12,20.549407517737592,19.057009112475335,1.4923984052622572,7.262488730996583
vrptw,5,1,31,cluster_removal,best_position_first,15017494465293923143,15,12,12,20.549407517737592,18.823895894409088,1.7255116233285044,8.396892328107747
vrptw,5,1,31,cluster_removal,sequential_insertion,18254740825883103467,15,12,12,20.549407517737592,19.2558794285231,1.2935280892144903,6.294722064847652
vrptw,5,1,31,time_oriented_removal,greedy_insertion,5989195965922789249,15,12,12,20.549407517737592,17.58532614461379,2.9640813731238005,14.4241695073948
vrptw,5,1,31,time_oriented_removal,regret_2,10901245618130216128,15,12,12,20.549407517737592,17.43995339945151,3.109454118286081,15.131599855626492
vrptw,5,1,31,time_oriented_removal,regret_3,12355828947463353367,15,12,12,20.549407517737592,17.43995339945151,3.109454118286081,15.131599855626492
vrptw,5,1,31,time_oriented_removal,greedy_with_noise,2254514857849811991,15,12,12,20.549407517737592,17.43995339945151,3.109454118286081,15.131599855626492
vrptw,5,1,31,time_oriented_removal,best_position_first,14480283705976873683,15,12,12,20.549407517737592,17.564443564322534,2.9849639534150576,14.525790832842905
vrptw,5,1,31,time_oriented_removal,sequential_insertion,12594790923456913760,15,12,12,20.549407517737592,17.56211672748255,2.9872907902550416,14.537113966310258
vrptw,5,2,32,random_removal,greedy_insertion,13410236842692998586,15,13,14,21.316712232680725,21.215979105833288,0.1007331268474374,0.4725547061286641
vrptw,5,2,32,random_removal,regret_2,5687237159752373704,15,13,13,21.316712232680725,19.977715609072604,1.3389966236081214,6.281440632084442
vrptw,5,2,32,random_removal,regret_3,13804244570765450476,15,13,13,21.316712232680725,20.2804466885127,1.0362655441680246,4.861282231784892
vrptw,5,2,32,random_removal,greedy_with_noise,5645586302071266623,15,13,14,21.316712232680725,21.679073173716194,-0.3623609410354689,-1.699891320388198
vrptw,5,2,32,random_removal,best_position_first,15876301647145718773,15,13,13,21.316712232680725,20.44080967695551,0.8759025557252151,4.108994605567578
vrptw,5,2,32,random_removal,sequential_insertion,10840334678128182981,15,13,14,21.316712232680725,21.62908446886065,-0.31237223617992527,-1.4653865604144447
vrptw,5,2,32,shaw_removal,greedy_insertion,16663734894248268084,15,13,14,21.316712232680725,22.309634158572123,-0.9929219258913982,-4.657950602575317
vrptw,5,2,32,shaw_removal,regret_2,18269826390014627551,15,13,13,21.316712232680725,20.93499990474169,0.3817123279390344,1.790671674752122
vrptw,5,2,32,shaw_removal,regret_3,11992416329925416249,15,13,13,21.316712232680725,21.040653790379153,0.27605844230157217,1.2950329266928229
vrptw,5,2,32,shaw_removal,greedy_with_noise,4807178622078426458,15,13,14,21.316712232680725,22.115119694687696,-0.7984074620069705,-3.7454531134633853
vrptw,5,2,32,shaw_removal,best_position_first,14708773648217778046,15,13,14,21.316712232680725,22.038856861822143,-0.7221446291414182,-3.3876923479517433
vrptw,5,2,32,shaw_removal,sequential_insertion,10592892754656535721,15,13,13,21.316712232680725,20.913454123036214,0.40325810964451136,1.8917462751421628
vrptw,5,2,32,worst_removal,greedy_insertion,9621367877568342761,15,13,13,21.316712232680725,19.74882779085746,1.5678844418232636,7.355188852338752
vrptw,5,2,32,worst_removal,regret_2,1477047959536507152,15,13,13,21.316712232680725,19.677250754078294,1.6394614786024313,7.690967822368813
vrptw,5,2,32,worst_removal,regret_3,3552231656249243454,15,13,13,21.316712232680725,19.723904834406056,1.5928073982746689,7.472106302738048
vrptw,5,2,32,worst_removal,greedy_with_noise,15716187793305593443,15,13,14,21.316712232680725,21.253534444214424,0.06317778846630162,0.296376794773462
vrptw,5,2,32,worst_removal,best_position_first,5740575349944367194,15,13,14,21.316712232680725,20.691692698817686,0.6250195338630391,2.9320634769597325
vrptw,5,2,32,worst_removal,sequential_insertion,7767577617114694366,15,13,13,21.316712232680725,20.10185787141785,1.2148543612628764,5.699070044208689
vrptw,5,2,32,route_removal,greedy_insertion,1724418648663959591,15,13,12,21.316712232680725,20.406901871576867,0.9098103611038582,4.26806137444134
vrptw,5,2,32,route_removal,regret_2,6395529887764420589,15,13,12,21.316712232680725,20.509845108452186,0.806867124228539,3.785138699726538
vrptw,5,2,32,route_removal,regret_3,822247725183147222,15,13,12,21.316712232680725,20.011882048891223,1.3048301837895018,6.121160568978654
vrptw,5,2,32,route_removal,greedy_with_noise,7806137748572980345,15,13,12,21.316712232680725,21.129917056549687,0.1867951761310387,0.8762851141962801
vrptw,5,2,32,route_removal,best_position_first,13854071381018174961,15,13,12,21.316712232680725,21.129917056549687,0.1867951761310387,0.8762851141962801
vrptw,5,2,32,route_removal,sequential_insertion,5409681354596116756,15,13,12,21.316712232680725,20.001682025648716,1.3150302070320095,6.169010458451149
vrptw,5,2,32,cluster_removal,greedy_insertion,11087610342011001714,15,13,13,21.316712232680725,20.298864474712282,1.0178477579684433,4.7748815429800535
vrptw,5,2,32,cluster_removal,regret_2,9589542587165067263,15,13,12,21.316712232680725,20.41758318576626,0.8991290469144637,4.217953674563406
vrptw,5,2,32,cluster_removal,regret_3,7139885770046674517,15,13,13,21.316712232680725,19.376519287691035,1.9401929449896897,9.101745728007593
vrptw,5,2,32,cluster_removal,greedy_with_noise,3708792018675079020,15,13,12,21.316712232680725,20.471659933382416,0.8450522992983096,3.9642712725781277
vrptw,5,2,32,cluster_removal,best_position_first,11033118633542707402,15,13,13,21.316712232680725,20.9676657944437,0.34904643823702486,1.6374309247459866
vrptw,5,2,32,cluster_removal,sequential_insertion,4274596773946045193,15,13,13,21.316712232680725,20.65183545648687,0.6648767761938537,3.119039976411225
vrptw,5,2,32,time_oriented_removal,greedy_insertion,13548986121479890438,15,13,12,21.316712232680725,19.577016801073338,1.7396954316073874,8.161180826657942
vrptw,5,2,32,time_oriented_removal,regret_2,18319634422640183449,15,13,12,21.316712232680725,19.1920188033814,2.124693429299324,9.9672660873188
vrptw,5,2,32,time_oriented_removal,regret_3,844209975301444317,15,13,12,21.316712232680725,19.1920188033814,2.124693429299324,9.9672660873188
vrptw,5,2,32,time_oriented_removal,greedy_with_noise,6842587963053358258,15,13,13,21.316712232680725,21.246908797407535,0.06980343527319022,0.3274587305549602
vrptw,5,2,32,time_oriented_removal,best_position_first,12946546466342441846,15,13,12,21.316712232680725,20.142140101067405,1.1745721316133206,5.51009986339535
vrptw,5,2,32,time_oriented_removal,sequential_insertion,11584041538569038515,15,13,12,21.316712232680725,21.706943449388394,-0.3902312167076687,-1.8306351019244134
vrptw,5,3,33,random_removal,greedy_insertion,835057428840531418,15,13,13,20.01951470265202,19.043997282024016,0.9755174206280053,4.872832509265455
vrptw,5,3,33,random_removal,regret_2,15537134683190609881,15,13,13,20.01951470265202,18.982908672720555,1.036606029931466,5.177977814787614
vrptw,5,3,33,random_removal,regret_3,7605124816222706006,15,13,13,20.01951470265202,19.06792058185622,0.9515941207958001,4.75333261035414
vrptw,5,3,33,random_removal,greedy_with_noise,8333572808640352868,15,13,13,20.01951470265202,19.18387589604275,0.8356388066092713,4.174121196347345
vrptw,5,3,33,random_removal,best_position_first,1853695518899729254,15,13,13,20.01951470265202,19.06792058185622,0.9515941207958001,4.75333261035414
vrptw,5,3,33,random_removal,sequential_insertion,8432915993152787294,15,13,13,20.01951470265202,19.10463748073156,0.9148772219204595,4.569927071205497
vrptw,5,3,33,shaw_removal,greedy_insertion,17266824084759698230,15,13,12,20.01951470265202,19.54704601802101,0.47246868463101066,2.3600406485798673
vrptw,5,3,33,shaw_removal,regret_2,12328414924546046783,15,13,12,20.01951470265202,17.72670622778258,2.2928084748694424,11.45286740924699
vrptw,5,3,33,shaw_removal,regret_3,3118580471928699998,15,13,12,20.01951470265202,17.72670622778258,2.2928084748694424,11.45286740924699
vrptw,5,3,33,shaw_removal,greedy_with_noise,11753264291862407676,15,13,13,20.01951470265202,20.270947209915157,-0.2514325072631358,-1.2559370743878626
vrptw,5,3,33,shaw_removal,best_position_first,11039124370471394374,15,13,12,20.01951470265202,20.21717324583452,-0.19765854318249865,-0.98732934398412
vrptw,5,3,33,shaw_removal,sequential_insertion,1047490982725502591,15,13,14,20.01951470265202,20.922746907150408,-0.9032322044983871,-4.511758740978543
vrptw,5,3,33,worst_removal,greedy_insertion,15189317493302983395,15,13,13,20.01951470265202,19.55905850939487,0.46045619325715137,2.300036739632624
vrptw,5,3,33,worst_removal,regret_2,17830433537120017774,15,13,13,20.01951470265202,18.619989437051668,1.399525265600353,6.990805153808026
vrptw,5,3,33,worst_removal,regret_3,590027347753852597,15,13,13,20.01951470265202,18.619989437051668,1.399525265600353,6.990805153808026
vrptw,5,3,33,worst_removal,greedy_with_noise,2872721891099453599,15,13,13,20.01951470265202,18.78524563690442,1.2342690657476005,6.165329600043175
vrptw,5,3,33,worst_removal,best_position_first,9130405473893871092,15,13,14,20.01951470265202,21.00977739341233,-0.9902626907603107,-4.946486992659861
vrptw,5,3,33,worst_removal,sequential_insertion,11259110490489643842,15,13,14,20.01951470265202,20.411098510983432,-0.3915838083314114,-1.9560104934988138
vrptw,5,3,33,route_removal,greedy_insertion,15585700722139002269,15,13,12,20.01951470265202,18.959888048815067,1.059626653836954,5.292968733635603
vrptw,5,3,33,route_removal,regret_2,2657332366715693954,15,13,12,20.01951470265202,18.58741439871615,1.4321003039358722,7.153521577354516
vrptw,5,3,33,route_removal,regret_3,17929164931298620054,15,13,12,20.01951470265202,18.669350209158633,1.3501644934933879,6.744241873727984
vrptw,5,3,33,route_removal,greedy_with_noise,132755546375515264,15,13,12,20.01951470265202,19.136878563783846,0.8826361388681754,4.408878796403846
vrptw,5,3,33,route_removal,best_position_first,8755143220583829100,15,13,12,20.01951470265202,19.613405812024507,0.40610889062751454,2.0285651108901086
vrptw,5,3,33,route_removal,sequential_insertion,1040110902974224557,15,13,13,20.01951470265202,19.44286549867569,0.5766492039763307,2.8804354777887844
vrptw,5,3,33,cluster_removal,greedy_insertion,11735211091125875264,15,13,12,20.01951470265202,17.96512538192692,2.0543893207251003,10.261933674410956
vrptw,5,3,33,cluster_removal,regret_2,5960895547534245534,15,13,12,20.01951470265202,18.215357453054782,1.8041572495972389,9.011992929869768
vrptw,5,3,33,cluster_removal,regret_3,8039387532018888629,15,13,13,20.01951470265202,19.692386742569038,0.32712796008298284,1.634045404905083
vrptw,5,3,33,cluster_removal,greedy_with_noise,3573958489273009225,15,13,12,20.01951470265202,18.845255740759974,1.174258961892047,5.8655715652112725
vrptw,5,3,33,cluster_removal,best_position_first,16663947841177955795,15,13,13,20.01951470265202,20.00522867694961,0.01428602570241111,0.07136049956554948
vrptw,5,3,33,cluster_removal,sequential_insertion,3711962011461030445,15,13,13,20.01951470265202,20.759420874764846,-0.7399061721128248,-3.695924617067806
vrptw,5,3,33,time_oriented_removal,greedy_insertion,13610326819243486517,15,13,12,20.01951470265202,20.510902740848795,-0.49138803819677435,-2.4545452049928027
vrptw,5,3,33,time_oriented_removal,regret_2,10121960639423232010,15,13,12,20.01951470265202,18.625569778231956,1.3939449244200652,6.962930646043118
vrptw,5,3,33,time_oriented_removal,regret_3,17951302976531459947,15,13,12,20.01951470265202,18.625839001690284,1.3936757009617367,6.961585840925075
vrptw,5,3,33,time_oriented_removal,greedy_with_noise,7131014158725066388,15,13,13,20.01951470265202,19.41003396219833,0.6094807404536908,3.044433141893054
vrptw,5,3,33,time_oriented_removal,best_position_first,657709425267139954,15,13,13,20.01951470265202,19.769084859117907,0.2504298435341141,1.2509286426455644
vrptw,5,3,33,time_oriented_removal,sequential_insertion,10021876144557194311,15,13,13,20.01951470265202,20.115984486797327,-0.09646978414530594,-0.48187873471541454
vrptw,5,4,34,random_removal,greedy_insertion,10384824802235994462,15,12,13,21.09723197368794,20.3876515149412,0.7095804587467391,3.3633817916573805
vrptw,5,4,34,random_removal,regret_2,3933705716115290989,15,12,13,21.09723197368794,19.102978745044403,1.9942532286435366,9.452677162249202
vrptw,5,4,34,random_removal,regret_3,9091433545039641541,15,12,12,21.09723197368794,19.42066598019033,1.6765659934976114,7.946852912214228
vrptw,5,4,34,random_removal,greedy_with_noise,8248700107972607347,15,12,13,21.09723197368794,19.14189523399742,1.9553367396905195,9.268214627061871
vrptw,5,4,34,random_removal,best_position_first,599205955555537564,15,12,13,21.09723197368794,21.012156761870273,0.0850752118176672,0.4032529571830625
vrptw,5,4,34,random_removal,sequential_insertion,8291546063521245141,15,12,12,21.09723197368794,19.719086835178118,1.3781451385098222,6.532350500902764
vrptw,5,4,34,shaw_removal,greedy_insertion,12572423759156068406,15,12,12,21.09723197368794,19.212177192469863,1.8850547812180771,8.935081073996251
vrptw,5,4,34,shaw_removal,regret_2,11548008165321696371,15,12,12,21.09723197368794,19.072012944863623,2.025219028824317,9.59945376412475
vrptw,5,4,34,shaw_removal,regret_3,4722545989755067886,15,12,12,21.09723197368794,19.43572746565201,1.6615045080359288,7.875462099047521
vrptw,5,4,34,shaw_removal,greedy_with_noise,157271921465553686,15,12,13,21.09723197368794,21.292464879299356,-0.19523290561141593,-0.9253958332301917
vrptw,5,4,34,shaw_removal,best_position_first,14446005390978919186,15,12,13,21.09723197368794,21.576507734179415,-0.47927576049147547,-2.271747123457802
vrptw,5,4,34,shaw_removal,sequential_insertion,10322518641461915882,15,12,12,21.09723197368794,19.280261615838175,1.8169703578497653,8.612363745707759
vrptw,5,4,34,worst_removal,greedy_insertion,1412887015652993204,15,12,12,21.09723197368794,18.707774636292445,2.389457337395495,11.325928161455398
vrptw,5,4,34,worst_removal,regret_2,11056897840739631877,15,12,12,21.09723197368794,18.59017705064376,2.50705492304418,11.883335814721715
vrptw,5,4,34,worst_removal,regret_3,15747222641904524056,15,12,12,21.09723197368794,18.534486799096527,2.562745174591413,12.14730528529818
vrptw,5,4,34,worst_removal,greedy_with_noise,598909891937341721,15,12,12,21.09723197368794,19.702859437009057,1.3943725366788833,6.6092676916949005
vrptw,5,4,34,worst_removal,best_position_first,15241117098878929884,15,12,12,21.09723197368794,19.702859437009057,1.3943725366788833,6.6092676916949005
vrptw,5,4,34,worst_removal,sequential_insertion,4690768424187843859,15,12,13,21.09723197368794,18.771539937946752,2.325692035741188,11.02368329002471
vrptw,5,4,34,route_removal,greedy_insertion,13946477804956678319,15,12,12,21.09723197368794,20.764259180019174,0.3329727936687661,1.5782771601698429
vrptw,5,4,34,route_removal,regret_2,8156746912115287284,15,12,11,21.09723197368794,19.79191376776465,1.3053182059232888,6.187153876637733
vrptw,5,4,34,route_removal,regret_3,4923261580090372351,15,12,11,21.09723197368794,19.73082515846119,1.3664068152267497,6.476711337918197
vrptw,5,4,34,route_removal,greedy_with_noise,6482671035465462146,15,12,12,21.09723197368794,21.085374986111674,0.011856987576265965,0.05620162678712435
vrptw,5,4,34,route_removal,best_position_first,13511233705077734493,15,12,12,21.09723197368794,21.0358497672004,0.06138220648754,0.2909490996927687
vrptw,5,4,34,route_removal,sequential_insertion,581506425842374593,15,12,11,21.09723197368794,19.964609584650887,1.1326223890370528,5.368582904381189
vrptw,5,4,34,cluster_removal,greedy_insertion,3024107455912715678,15,12,14,21.09723197368794,21.41381638830793,-0.31658441461998876,-1.5005969267192338
vrptw,5,4,34,cluster_removal,regret_2,11642328854158771428,15,12,13,21.09723197368794,20.592488363011423,0.5047436106765169,2.3924636715661247
vrptw,5,4,34,cluster_removal,regret_3,17039136721393014685,15,12,13,21.09723197368794,20.73477797608956,0.3624539975983794,1.7180168377084966
vrptw,5,4,34,cluster_removal,greedy_with_noise,10216576566626052079,15,12,13,21.09723197368794,21.496098839481167,-0.3988668657932273,-1.8906123148794416
vrptw,5,4,34,cluster_removal,best_position_first,11178267804741175043,15,12,13,21.09723197368794,21.390195667580745,-0.29296369389280486,-1.388635695233306
vrptw,5,4,34,cluster_removal,sequential_insertion,2483069407283999400,15,12,13,21.09723197368794,21.184400921377033,-0.08716894768909356,-0.41317717792461583
vrptw,5,4,34,time_oriented_removal,greedy_insertion,11761452843337951776,15,12,12,21.09723197368794,20.44015258765631,0.6570793860316293,3.1145288957865467
vrptw,5,4,34,time_oriented_removal,regret_2,10002605208641405168,15,12,12,21.09723197368794,18.97022699511479,2.127004978573151,10.081914922421626
vrptw,5,4,34,time_oriented_removal,regret_3,10449623074590322303,15,12,12,21.09723197368794,18.97022699511479,2.127004978573151,10.081914922421626
vrptw,5,4,34,time_oriented_removal,greedy_with_noise,14698495860396780870,15,12,12,21.09723197368794,19.84045709992925,1.2567748737586903,5.957060505975929
vrptw,5,4,34,time_oriented_removal,best_position_first,5676757174480157548,15,12,12,21.09723197368794,19.335875400278265,1.7613565734096746,8.348756726031189
vrptw,5,4,34,time_oriented_removal,sequential_insertion,17290977876447898234,15,12,12,21.09723197368794,19.365264229873212,1.731967743814728,8.209454898987719
vrptw,5,5,35,random_removal,greedy_insertion,17045504549340619960,15,13,12,20.463944978429833,19.355782783593924,1.1081621948359093,5.4151933852635725
vrptw,5,5,35,random_removal,regret_2,1897582667423703660,15,13,12,20.463944978429833,19.1915817249905,1.2723632534393339,6.217585391186682
vrptw,5,5,35,random_removal,regret_3,16959923114342514191,15,13,12,20.463944978429833,19.173387069805777,1.2905579086240557,6.306496181378407
vrptw,5,5,35,random_removal,greedy_with_noise,4221860197106286572,15,13,12,20.463944978429833,19.33826322813808,1.1256817502917542,5.500805203875827
vrptw,5,5,35,random_removal,best_position_first,2693312966693241207,15,13,12,20.463944978429833,19.270242947408192,1.1937020310216404,5.833196054230357
vrptw,5,5,35,random_removal,sequential_insertion,5377170510952756271,15,13,12,20.463944978429833,19.709296703651404,0.7546482747784289,3.6876969498005945
vrptw,5,5,35,shaw_removal,greedy_insertion,16746451092374336172,15,13,13,20.463944978429833,20.2384290400527,0.22551593837713213,1.1020159534969372
vrptw,5,5,35,shaw_removal,regret_2,16974701049021671669,15,13,12,20.463944978429833,18.832586054526644,1.6313589239031892,7.971869185646926
vrptw,5,5,35,shaw_removal,regret_3,11730227693096753366,15,13,12,20.463944978429833,18.832586054526644,1.6313589239031892,7.971869185646926
vrptw,5,5,35,shaw_removal,greedy_with_noise,2750097813139716008,15,13,12,20.463944978429833,19.224399879069278,1.239545099360555,6.057214777830503
vrptw,5,5,35,shaw_removal,best_position_first,4534344633532917702,15,13,12,20.463944978429833,20.077559384062873,0.38638559436695985,1.8881285830969168
vrptw,5,5,35,shaw_removal,sequential_insertion,11880460208637758416,15,13,12,20.463944978429833,18.931733466331593,1.5322115120982396,7.487371148198836
vrptw,5,5,35,worst_removal,greedy_insertion,12308561707734612946,15,13,14,20.463944978429833,18.74990275246492,1.7140422259649135,8.375912991222426
vrptw,5,5,35,worst_removal,regret_2,15484965890828522027,15,13,13,20.463944978429833,18.42979775249152,2.0341472259383124,9.940151950576587
vrptw,5,5,35,worst_removal,regret_3,1215342560820472340,15,13,13,20.463944978429833,18.26664669347658,2.197298284953252,10.737412983026147
vrptw,5,5,35,worst_removal,greedy_with_noise,10959633164709196774,15,13,13,20.463944978429833,20.277078624492518,0.1868663539373152,0.9131492199294077
vrptw,5,5,35,worst_removal,best_position_first,10641404134167089070,15,13,14,20.463944978429833,18.422564732588704,2.041380245841129,9.975497138957616
vrptw,5,5,35,worst_removal,sequential_insertion,3192507315297614857,15,13,13,20.463944978429833,18.580150195063027,1.883794783366806,9.205433191657002
vrptw,5,5,35,route_removal,greedy_insertion,248847096345956275,15,13,12,20.463944978429833,20.730716242094864,-0.26677126366503146,-1.303616013169619
vrptw,5,5,35,route_removal,regret_2,212446704952754357,15,13,12,20.463944978429833,19.31526450759299,1.1486804708368439,5.6131917479626665
vrptw,5,5,35,route_removal,regret_3,12222714359168507993,15,13,12,20.463944978429833,19.31526450759299,1.1486804708368439,5.6131917479626665
vrptw,5,5,35,route_removal,greedy_with_noise,7974631866830467230,15,13,12,20.463944978429833,21.09669003849284,-0.6327450600630087,-3.0919994201018333
vrptw,5,5,35,route_removal,best_position_first,3000222594535479658,15,13,12,20.463944978429833,21.082795586581614,-0.6188506081517815,-3.0241021895049336
vrptw,5,5,35,route_removal,sequential_insertion,1842715399528300429,15,13,12,20.463944978429833,19.745334986228272,0.7186099922015607,3.5115907170343585
vrptw,5,5,35,cluster_removal,greedy_insertion,7323609676004650278,15,13,12,20.463944978429833,19.42335432033819,1.0405906580916415,5.084995386708103
vrptw,5,5,35,cluster_removal,regret_2,12405544295744062315,15,13,12,20.463944978429833,19.14725979471242,1.3166851837174143,6.43417085564526
vrptw,5,5,35,cluster_removal,regret_3,1714431313041043156,15,13,12,20.463944978429833,18.95833487260058,1.505610105829252,7.357379563990476
vrptw,5,5,35,cluster_removal,greedy_with_noise,4355709440177896316,15,13,13,20.463944978429833,21.309918063733576,-0.8459730853037435,-4.133968724971883
vrptw,5,5,35,cluster_removal,best_position_first,582870148814381510,15,13,12,20.463944978429833,20.380973473139317,0.08297150529051578,0.405452151957858
vrptw,5,5,35,cluster_removal,sequential_insertion,15072832408963593437,15,13,12,20.463944978429833,19.999294377623453,0.46465060080637954,2.270581753890307
vrptw,5,5,35,time_oriented_removal,greedy_insertion,1410077119525220473,15,13,13,20.463944978429833,19.2306342792244,1.2333106992054326,6.0267494879673125
vrptw,5,5,35,time_oriented_removal,regret_2,2773821970412187921,15,13,13,20.463944978429833,18.277425651360822,2.1865193270690106,10.684740060500197
vrptw,5,5,35,time_oriented_removal,regret_3,7280236190795197618,15,13,13,20.463944978429833,18.277425651360822,2.1865193270690106,10.684740060500197
vrptw,5,5,35,time_oriented_removal,greedy_with_noise,4678532757791833301,15,13,13,20.463944978429833,19.36961883664425,1.094326141785583,5.347581529070105
vrptw,5,5,35,time_oriented_removal,best_position_first,6298966640882769267,15,13,13,20.463944978429833,18.277425651360822,2.1865193270690106,10.684740060500197
vrptw,5,5,35,time_oriented_removal,sequential_insertion,1185997196048236063,15,13,13,20.463944978429833,18.277425651360822,2.1865193270690106,10.684740060500197
vrptw,6,0,36,random_removal,greedy_insertion,1756543955162432366,15,12,12,23.13590932050681,22.153621254067584,0.9822880664392244,4.24572923774628
vrptw,6,0,36,random_removal,regret_2,1622986762679761142,15,12,12,23.13590932050681,21.54352863242779,1.5923806880790181,6.882723587905798
vrptw,6,0,36,random_removal,regret_3,13991769887942239145,15,12,12,23.13590932050681,21.844675638554236,1.2912336819525727,5.581080320054986
vrptw,6,0,36,random_removal,greedy_with_noise,12480150134247837798,15,12,12,23.13590932050681,22.10767452340348,1.0282347971033268,4.444324114773123
vrptw,6,0,36,random_removal,best_position_first,7538389760334767273,15,12,13,23.13590932050681,24.087748466802775,-0.951839146295967,-4.114120318808011
vrptw,6,0,36,random_removal,sequential_insertion,3287307770155253345,15,12,12,23.13590932050681,22.023161959010153,1.1127473614966554,4.80961152674625
vrptw,6,0,36,shaw_removal,greedy_insertion,12625704115291200187,15,12,12,23.13590932050681,21.792288900128995,1.343620420377814,5.807510747748648
vrptw,6,0,36,shaw_removal,regret_2,11578402026140820718,15,12,12,23.13590932050681,21.620645901594077,1.5152634189127312,6.5494007515393315
vrptw,6,0,36,shaw_removal,regret_3,13239529751759548607,15,12,12,23.13590932050681,21.585553676771813,1.5503556437349957,6.701079357882935
vrptw,6,0,36,shaw_removal,greedy_with_noise,17253704788978261825,15,12,13,23.13590932050681,22.588509369653664,0.5473999508531442,2.3660187428550703
vrptw,6,0,36,shaw_removal,best_position_first,5484957231616586645,15,12,13,23.13590932050681,23.190861642245775,-0.05495232173896625,-0.2375196106524266
vrptw,6,0,36,shaw_removal,sequential_insertion,13544846383198482457,15,12,12,23.13590932050681,21.93597126834803,1.1999380521587781,5.186474564434767
vrptw,6,0,36,worst_removal,greedy_insertion,14915441152985644970,15,12,12,23.13590932050681,22.306357479489336,0.8295518410174729,3.5855597008334965
vrptw,6,0,36,worst_removal,regret_2,11195026082384806847,15,12,11,23.13590932050681,19.24644474746507,3.8894645730417388,16.811375421472032
vrptw,6,0,36,worst_removal,regret_3,17301009419748330654,15,12,11,23.13590932050681,19.73373665798644,3.4021726625203677,14.705160775785064
vrptw,6,0,36,worst_removal,greedy_with_noise,3297729659923641194,15,12,12,23.13590932050681,22.34559724841343,0.7903120720933785,3.4159542257233664
vrptw,6,0,36,worst_removal,best_position_first,1348430579261868208,15,12,12,23.13590932050681,22.306357479489336,0.8295518410174729,3.5855597008334965
vrptw,6,0,36,worst_removal,sequential_insertion,16746861976559579983,15,12,12,23.13590932050681,20.308094715855013,2.8278146046517953,12.222621404144792
vrptw,6,0,36,route_removal,greedy_insertion,5966856136449389322,15,12,11,23.13590932050681,24.037623689385942,-0.9017143688791336,-3.89746673185604
vrptw,6,0,36,route_removal,regret_2,16259208748663830312,15,12,11,23.13590932050681,22.082661586249053,1.0532477342577558,4.552437164525866
vrptw,6,0,36,route_removal,regret_3,3341837162253287050,15,12,11,23.13590932050681,21.712695218032348,1.4232141024744607,6.151537347239586
vrptw,6,0,36,route_removal,greedy_with_noise,4056420541136793379,15,12,11,23.13590932050681,23.718815978427234,-0.5829066579204252,-2.5194888596998366
vrptw,6,0,36,route_removal,best_position_first,8117660121312955964,15,12,11,23.13590932050681,23.563612960482853,-0.42770363997604477,-1.8486571418091797
vrptw,6,0,36,route_removal,sequential_insertion,1687903238537832145,15,12,12,23.13590932050681,24.498120625294707,-1.3622113047878983,-5.887865853539134
vrptw,6,0,36,cluster_removal,greedy_insertion,1381302648359146133,15,12,12,23.13590932050681,21.443924628898483,1.6919846916083259,7.313240504917668
vrptw,6,0,36,cluster_removal,regret_2,7202049401808363113,15,12,12,23.13590932050681,21.195205957208607,1.9407033632982014,8.388273555247876
vrptw,6,0,36,cluster_removal,regret_3,13963109111838349911,15,12,12,23.13590932050681,21.336296223420465,1.7996130970863433,7.778441176250778
vrptw,6,0,36,cluster_removal,greedy_with_noise,15133580971571946098,15,12,12,23.13590932050681,21.87806333602316,1.257845984483648,5.436769167178315
vrptw,6,0,36,cluster_removal,best_position_first,14060100174046163061,15,12,12,23.13590932050681,21.694217884466845,1.4416914360399637,6.231401653887457
vrptw,6,0,36,cluster_removal,sequential_insertion,13591515877290659994,15,12,12,23.13590932050681,21.7008863271389,1.4350229933679088,6.202578742370665
vrptw,6,0,36,time_oriented_removal,greedy_insertion,7078109080543739391,15,12,12,23.13590932050681,23.589508849192125,-0.4535995286853165,-1.9605865600590973
vrptw,6,0,36,time_oriented_removal,regret_2,6250298273996575717,15,12,11,23.13590932050681,21.290136793669134,1.8457725268376741,7.977955399408703
vrptw,6,0,36,time_oriented_removal,regret_3,13332886890407493288,15,12,11,23.13590932050681,21.76191812197274,1.3739911985340676,5.938781914727739
vrptw,6,0,36,time_oriented_removal,greedy_with_noise,3226244187925155720,15,12,13,23.13590932050681,24.370299724891296,-1.234390404384488,-5.335387458881377
vrptw,6,0,36,time_oriented_removal,best_position_first,10561965371320691326,15,12,13,23.13590932050681,24.226338649616864,-1.090429329110055,-4.713146624168081
vrptw,6,0,36,time_oriented_removal,sequential_insertion,6494374955263364309,15,12,12,23.13590932050681,24.23528237670528,-1.0993730561984698,-4.751803963996464
vrptw,6,1,37,random_removal,greedy_insertion,12369377532106456716,15,11,11,21.878186076743287,20.85497946577526,1.0232066109680282,4.676834758507271
vrptw,6,1,37,random_removal,regret_2,5962261540730025655,15,11,11,21.878186076743287,20.700723949665587,1.1774621270776997,5.381900139926833
vrptw,6,1,37,random_removal,regret_3,16635803899555362439,15,11,11,21.878186076743287,20.339633431785444,1.5385526449578428,7.032359262148057
vrptw,6,1,37,random_removal,greedy_with_noise,1433416348424968021,15,11,11,21.878186076743287,20.633646284432498,1.244539792310789,5.688496239794516
vrptw,6,1,37,random_removal,best_position_first,1882402646326015083,15,11,11,21.878186076743287,20.57297078895234,1.305215287790947,5.965829540038526
vrptw,6,1,37,random_removal,sequential_insertion,40791708508472420,15,11,12,21.878186076743287,21.54313891616631,0.3350471605769769,1.5314211123431989
vrptw,6,1,37,shaw_removal,greedy_insertion,7534087257355425562,15,11,11,21.878186076743287,20.993763375974645,0.884422700768642,4.042486418509767
vrptw,6,1,37,shaw_removal,regret_2,14785913432577970671,15,11,11,21.878186076743287,20.242685275165396,1.6355008015778907,7.475486294160571
vrptw,6,1,37,shaw_removal,regret_3,12324099641795863010,15,11,10,21.878186076743287,20.088233225655376,1.7899528510879108,8.181449983143928
vrptw,6,1,37,shaw_removal,greedy_with_noise,17493019992344591881,15,11,12,21.878186076743287,22.314359870484655,-0.4361737937413679,-1.9936469696865073
vrptw,6,1,37,shaw_removal,best_position_first,12308255128677930556,15,11,12,21.878186076743287,23.198750940671644,-1.3205648639283574,-6.035988812308941
vrptw,6,1,37,shaw_removal,sequential_insertion,17798353824403647865,15,11,12,21.878186076743287,22.82553886572951,-0.9473527889862225,-4.330124927464929
vrptw,6,1,37,worst_removal,greedy_insertion,3680948456879258661,15,11,11,21.878186076743287,19.393488645133303,2.484697431609984,11.356962697429656
vrptw,6,1,37,worst_removal,regret_2,16440036402385555902,15,11,11,21.878186076743287,19.521382685652046,2.3568033910912405,10.772389369137619
vrptw,6,1,37,worst_removal,regret_3,10382441485941054668,15,11,11,21.878186076743287,19.521382685652046,2.3568033910912405,10.772389369137619
vrptw,6,1,37,worst_removal,greedy_with_noise,1071736319985554312,15,11,12,21.878186076743287,20.85909428498442,1.0190917917588678,4.658026895758839
vrptw,6,1,37,worst_removal,best_position_first,12344982939406102051,15,11,12,21.878186076743287,20.6692000147153,1.2089860620279858,5.525988570474538
vrptw,6,1,37,worst_removal,sequential_insertion,16586919803709551349,15,11,11,21.878186076743287,19.513034015275693,2.365152061467594,10.810549161485433
vrptw,6,1,37,route_removal,greedy_insertion,16055719306508940242,15,11,10,21.878186076743287,21.746661451003767,0.1315246257395195,0.6011678723188637
vrptw,6,1,37,route_removal,regret_2,10523997423540103760,15,11,10,21.878186076743287,19.446672041397328,2.431514035345959,11.113874005901616
vrptw,6,1,37,route_removal,regret_3,15606178021835815468,15,11,10,21.878186076743287,19.446672041397328,2.431514035345959,11.113874005901616
vrptw,6,1,37,route_removal,greedy_with_noise,1745434990144060607,15,11,10,21.878186076743287,21.024814028264867,0.8533720484784197,3.900561250759093
vrptw,6,1,37,route_removal,best_position_first,2358359562161074287,15,11,10,21.878186076743287,22.314964163346247,-0.4367780866029598,-1.9964090490447877
vrptw,6,1,37,route_removal,sequential_insertion,16863224293665766277,15,11,10,21.878186076743287,20.21818349782212,1.6600025789211657,7.587478107637835
vrptw,6,1,37,cluster_removal,greedy_insertion,9842594229569795796,15,11,11,21.878186076743287,21.38867718567311,0.4895088910701766,2.2374290508047605
vrptw,6,1,37,cluster_removal,regret_2,12689722403190272031,15,11,11,21.878186076743287,20.47983317576332,1.3983529009799653,6.391539481723429
vrptw,6,1,37,cluster_removal,regret_3,11125563209765881712,15,11,11,21.878186076743287,21.0046744414866,0.873511635256687,3.9926145256861028
vrptw,6,1,37,cluster_removal,greedy_with_noise,15986136121669876340,15,11,12,21.878186076743287,22.326659887626924,-0.44847381088363747,-2.049867431013256
vrptw,6,1,37,cluster_removal,best_position_first,957741222021240073,15,11,11,21.878186076743287,21.598776264869958,0.2794098118733288,1.277115986184723
vrptw,6,1,37,cluster_removal,sequential_insertion,15316769816822952319,15,11,11,21.878186076743287,22.147235995211563,-0.2690499184682764,-1.2297633703475945
vrptw,6,1,37,time_oriented_removal,greedy_insertion,12335625052621105096,15,11,12,21.878186076743287,20.796731580948926,1.081454495794361,4.9430720261765995
vrptw,6,1,37,time_oriented_removal,regret_2,8532628938226266560,15,11,11,21.878186076743287,21.032647535884063,0.8455385408592235,3.8647561451999843
vrptw,6,1,37,time_oriented_removal,regret_3,1118583200498479920,15,11,10,21.878186076743287,19.980613628879066,1.8975724478642206,8.673353637307974
vrptw,6,1,37,time_oriented_removal,greedy_with_noise,7557901511727303018,15,11,12,21.878186076743287,23.121584048643374,-1.2433979719000874,-5.683277249487474
vrptw,6,1,37,time_oriented_removal,best_position_first,7489373535520194816,15,11,11,21.878186076743287,20.724804437519303,1.1533816392239835,5.271833940794748
vrptw,6,1,37,time_oriented_removal,sequential_insertion,10888866101702467725,15,11,11,21.878186076743287,21.134816321904996,0.7433697548382909,3.3977668543028794
vrptw,6,2,38,random_removal,greedy_insertion,15287544009512398833,15,11,11,22.716980744132538,21.629449328555193,1.0875314155773452,4.787306147003002
vrptw,6,2,38,random_removal,regret_2,15698442655720054229,15,11,11,22.716980744132538,21.459511821632532,1.2574689225000064,5.535369936098538
vrptw,6,2,38,random_removal,regret_3,12954694984790634085,15,11,11,22.716980744132538,21.61797851773157,1.0990022264009696,4.837800580892888
vrptw,6,2,38,random_removal,greedy_with_noise,16984270805954060434,15,11,11,22.716980744132538,21.664782215032368,1.0521985291001705,4.63177101284438
vrptw,6,2,38,random_removal,best_position_first,4651866940877693435,15,11,11,22.716980744132538,21.624942762265615,1.0920379818669232,4.807144022204538
vrptw,6,2,38,random_removal,sequential_insertion,6036903621601600503,15,11,11,22.716980744132538,21.27057145840788,1.446409285724659,6.367084173799131
vrptw,6,2,38,shaw_removal,greedy_insertion,7394255288260764627,15,11,11,22.716980744132538,22.078338996669274,0.6386417474632644,2.811296776875669
vrptw,6,2,38,shaw_removal,regret_2,18030503495860034353,15,11,11,22.716980744132538,22.00573833417281,0.711242409959727,3.130884416246338
vrptw,6,2,38,shaw_removal,regret_3,5974011888011928435,15,11,11,22.716980744132538,22.09981377837704,0.6171669657554979,2.7167649288733187
vrptw,6,2,38,shaw_removal,greedy_with_noise,10069872281264620694,15,11,11,22.716980744132538,22.264601022594096,0.45237972153844197,1.9913725623740073
vrptw,6,2,38,shaw_removal,best_position_first,1379192132172106072,15,11,11,22.716980744132538,22.20584437052591,0.5111363736066288,2.2500189587854793
vrptw,6,2,38,shaw_removal,sequential_insertion,3024510444773323931,15,11,11,22.716980744132538,22.07740831964035,0.6395724244921865,2.815393611043046
vrptw,6,2,38,worst_removal,greedy_insertion,8822079576231298027,15,11,12,22.716980744132538,20.25898947462423,2.457991269508309,10.820061420984265
vrptw,6,2,38,worst_removal,regret_2,12508336937642705749,15,11,11,22.716980744132538,19.318746595222503,3.398234148910035,14.959004399331318
vrptw,6,2,38,worst_removal,regret_3,2560034034327074298,15,11,11,22.716980744132538,19.363605406629105,3.353375337503433,14.761536206212442
vrptw,6,2,38,worst_removal,greedy_with_noise,12527960566914219013,15,11,12,22.716980744132538,20.699778531369528,2.01720221276301,8.879710888886605
vrptw,6,2,38,worst_removal,best_position_first,2223337371695759599,15,11,12,22.716980744132538,21.54229512082555,1.1746856233069884,5.17095839688288
vrptw,6,2,38,worst_removal,sequential_insertion,9113131982531220357,15,11,12,22.716980744132538,20.660876271350826,2.056104472781712,9.050958381926584
vrptw,6,2,38,route_removal,greedy_insertion,6035192987709293482,15,11,10,22.716980744132538,21.38428327974995,1.332697464382587,5.866525483263454
vrptw,6,2,38,route_removal,regret_2,7012368556739482392,15,11,10,22.716980744132538,20.1611926988038,2.5557880453287396,11.250562185685094
vrptw,6,2,38,route_removal,regret_3,2493796967096154846,15,11,10,22.716980744132538,20.1611926988038,2.5557880453287396,11.250562185685094
vrptw,6,2,38,route_removal,greedy_with_noise,11573332929186489357,15,11,10,22.716980744132538,21.261306301449537,1.4556744426830015,6.407869333863748
vrptw,6,2,38,route_removal,best_position_first,17567603448189979324,15,11,10,22.716980744132538,21.170283389816,1.5466973543165388,6.808551592913719
vrptw,6,2,38,route_removal,sequential_insertion,7634322363098208153,15,11,10,22.716980744132538,20.783210293664137,1.9337704504684012,8.512444819357722
vrptw,6,2,38,cluster_removal,greedy_insertion,4479647645455293843,15,11,12,22.716980744132538,21.647360372762304,1.0696203713702346,4.708461848067119
vrptw,6,2,38,cluster_removal,regret_2,16184870002865200616,15,11,12,22.716980744132538,21.43716419419721,1.2798165499353296,5.633744045259568
vrptw,6,2,38,cluster_removal,regret_3,17328758788960791481,15,11,12,22.716980744132538,21.87791856723505,0.8390621768974889,3.693546190614289
vrptw,6,2,38,cluster_removal,greedy_with_noise,11827393853781620555,15,11,12,22.716980744132538,21.70147537686981,1.0155053672627297,4.470247955485985
vrptw,6,2,38,cluster_removal,best_position_first,18409541919114850568,15,11,13,22.716980744132538,22.16667867560201,0.5503020685305273,2.42242609054754
vrptw,6,2,38,cluster_removal,sequential_insertion,8928021910441828050,15,11,12,22.716980744132538,22.16818300701629,0.5487977371162494,2.41580403354436
vrptw,6,2,38,time_oriented_removal,greedy_insertion,14179050805084128534,15,11,12,22.716980744132538,22.870088613323517,-0.15310786919097907,-0.6739798343603588
vrptw,6,2,38,time_oriented_removal,regret_2,17349469962701253648,15,11,11,22.716980744132538,21.806612500216687,0.9103682439158511,4.007435029195004
vrptw,6,2,38,time_oriented_removal,regret_3,10343308042628861964,15,11,11,22.716980744132538,22.01125044145576,0.7057303026767769,3.106620156197723
vrptw,6,2,38,time_oriented_removal,greedy_with_noise,11133964566911271248,15,11,11,22.716980744132538,22.01049500021963,0.7064857439129071,3.1099456035564144
vrptw,6,2,38,time_oriented_removal,best_position_first,12124782774291618430,15,11,13,22.716980744132538,25.813736156946725,-3.0967554128141863,-13.631896983555055
vrptw,6,2,38,time_oriented_removal,sequential_insertion,8071423706201594193,15,11,12,22.716980744132538,22.73584461202388,-0.018863867891340647,-0.08303862253443564
vrptw,6,3,39,random_removal,greedy_insertion,4228041729505895909,15,11,12,22.08584214241042,23.08831716549392,-1.0024750230834982,-4.5389938795156555
vrptw,6,3,39,random_removal,regret_2,13833149746844097099,15,11,11,22.08584214241042,20.950397433638173,1.1354447087722477,5.141052360380254
vrptw,6,3,39,random_removal,regret_3,12323957487302257102,15,11,11,22.08584214241042,22.427867541151766,-0.3420253987413453,-1.5486183254229176
vrptw,6,3,39,random_removal,greedy_with_noise,5350875745300674210,15,11,12,22.08584214241042,23.32953026026585,-1.2436881178554309,-5.63115551508554
vrptw,6,3,39,random_removal,best_position_first,18089383239214641136,15,11,12,22.08584214241042,22.671497758750192,-0.5856556163397713,-2.651724179514821
vrptw,6,3,39,random_removal,sequential_insertion,13059966043073327057,15,11,12,22.08584214241042,22.945101774810322,-0.8592596323999011,-3.8905450236371317
vrptw,6,3,39,shaw_removal,greedy_insertion,5286640967295671164,15,11,11,22.08584214241042,24.501191744532456,-2.415349602122035,-10.936189738873262
vrptw,6,3,39,shaw_removal,regret_2,16210785460523640406,15,11,11,22.08584214241042,21.00279616596789,1.0830459764425306,4.903802035072991
vrptw,6,3,39,shaw_removal,regret_3,3304939572172695025,15,11,11,22.08584214241042,21.00279616596789,1.0830459764425306,4.903802035072991
vrptw,6,3,39,shaw_removal,greedy_with_noise,16399020873568376543,15,11,11,22.08584214241042,25.49228044520546,-3.4064383027950385,-15.423628770097078
vrptw,6,3,39,shaw_removal,best_position_first,16659747805420255805,15,11,11,22.08584214241042,25.6536102864967,-3.56776814408628,-16.15409600902317
vrptw,6,3,39,shaw_removal,sequential_insertion,2296860460005962326,15,11,11,22.08584214241042,25.27411646482191,-3.1882743224114876,-14.435828626562497
vrptw,6,3,39,worst_removal,greedy_insertion,5326034540556132643,15,11,12,22.08584214241042,20.950094456820096,1.1357476855903244,5.1424241750302135
vrptw,6,3,39,worst_removal,regret_2,11981251741161981914,15,11,11,22.08584214241042,20.36670341583004,1.719138726580379,7.7838948385816655
vrptw,6,3,39,worst_removal,regret_3,14017910816260392752,15,11,11,22.08584214241042,20.275511713745864,1.8103304286645567,8.196791487467271
vrptw,6,3,39,worst_removal,greedy_with_noise,11799108856991854683,15,11,13,22.08584214241042,22.853845318198193,-0.7680031757877721,-3.4773551800092384
vrptw,6,3,39,worst_removal,best_position_first,12910240890225325234,15,11,12,22.08584214241042,21.204727742082135,0.8811144003282863,3.98949876869908
vrptw,6,3,39,worst_removal,sequential_insertion,15038978670471348247,15,11,12,22.08584214241042,21.053114548766924,1.0327275936434965,4.675971090368329
vrptw,6,3,39,route_removal,greedy_insertion,17907554934179711756,15,11,11,22.08584214241042,21.302747030472812,0.7830951119376088,3.545688259873358
vrptw,6,3,39,route_removal,regret_2,8752121905127421118,15,11,10,22.08584214241042,20.633741472039098,1.4521006703713226,6.574803265404677
vrptw,6,3,39,route_removal,regret_3,5644549326463361529,15,11,10,22.08584214241042,20.808287641702044,1.2775545007083764,5.784495300068942
vrptw,6,3,39,route_removal,greedy_with_noise,4841285461414642294,15,11,11,22.08584214241042,22.481881888013906,-0.39603974560348476,-1.7931838100164086
vrptw,6,3,39,route_removal,best_position_first,15257918331687043635,15,11,11,22.08584214241042,22.441728757720227,-0.3558866153098066,-1.6113789685493314
vrptw,6,3,39,route_removal,sequential_insertion,1633141664410897927,15,11,11,22.08584214241042,21.774444480338506,0.311397662071915,1.4099424421491833
vrptw,6,3,39,cluster_removal,greedy_insertion,3336892288903619989,15,11,11,22.08584214241042,23.393020546786758,-1.3071784043763373,-5.918626040825598
vrptw,6,3,39,cluster_removal,regret_2,11552658082315307230,15,11,11,22.08584214241042,21.00279616596789,1.0830459764425306,4.903802035072991
vrptw,6,3,39,cluster_removal,regret_3,5710034083872421689,15,11,11,22.08584214241042,21.693318247676313,0.39252389473410787,1.777264784394897
vrptw,6,3,39,cluster_removal,greedy_with_noise,10234582597689703167,15,11,11,22.08584214241042,25.52117724773365,-3.4353351053232295,-15.55446735140117
vrptw,6,3,39,cluster_removal,best_position_first,12479341147951650316,15,11,11,22.08584214241042,25.1040792907367,-3.0182371483262784,-13.665936435045404
vrptw,6,3,39,cluster_removal,sequential_insertion,12878836755354077133,15,11,12,22.08584214241042,25.47077962209908,-3.3849374796886593,-15.326277611976229
vrptw,6,3,39,time_oriented_removal,greedy_insertion,13845967304821857904,15,11,11,22.08584214241042,21.235564197589838,0.8502779448205828,3.8498778508782032
vrptw,6,3,39,time_oriented_removal,regret_2,15584571933093284339,15,11,11,22.08584214241042,20.69648582654526,1.389356315865161,6.290710161317526
vrptw,6,3,39,time_oriented_removal,regret_3,16741861093222380149,15,11,11,22.08584214241042,20.884694346902002,1.2011477955084189,5.43854197527705
vrptw,6,3,39,time_oriented_removal,greedy_with_noise,6258063482509680227,15,11,11,22.08584214241042,21.143736296306507,0.9421058461039138,4.26565507454584
vrptw,6,3,39,time_oriented_removal,best_position_first,9355630491545248966,15,11,11,22.08584214241042,21.248128948097655,0.8377131943127658,3.7929873305765596
vrptw,6,3,39,time_oriented_removal,sequential_insertion,5441100944325631482,15,11,11,22.08584214241042,21.373868762612677,0.7119733797977439,3.223664170045725
vrptw,6,4,40,random_removal,greedy_insertion,952658236167603529,15,11,11,20.10362802629411,19.315865209839174,0.7877628164549364,3.91851070575221
vrptw,6,4,40,random_removal,regret_2,13943688816065537337,15,11,11,20.10362802629411,19.30084542767169,0.8027825986224215,3.9932225047759498
vrptw,6,4,40,random_removal,regret_3,1404144540308346000,15,11,11,20.10362802629411,19.30084542767169,0.8027825986224215,3.9932225047759498
vrptw,6,4,40,random_removal,greedy_with_noise,7347839215062744405,15,11,11,20.10362802629411,20.776235832736145,-0.6726078064420342,-3.3457035991827504
vrptw,6,4,40,random_removal,best_position_first,2725937428813488214,15,11,11,20.10362802629411,19.315865209839174,0.7877628164549364,3.91851070575221
vrptw,6,4,40,random_removal,sequential_insertion,4758084210654602643,15,11,11,20.10362802629411,20.302954148722108,-0.19932612242799763,-0.9914932875165283
vrptw,6,4,40,shaw_removal,greedy_insertion,3052783931323763728,15,11,11,20.10362802629411,19.42858285059751,0.6750451756965994,3.3578276260070496
vrptw,6,4,40,shaw_removal,regret_2,1444955459251787854,15,11,10,20.10362802629411,17.986403807492895,2.1172242188012156,10.531552892005548
vrptw,6,4,40,shaw_removal,regret_3,9321144116112825593,15,11,10,20.10362802629411,17.986403807492895,2.1172242188012156,10.531552892005548
vrptw,6,4,40,shaw_removal,greedy_with_noise,6980887245004820064,15,11,10,20.10362802629411,18.33313900118462,1.770489025109491,8.806813490549157
vrptw,6,4,40,shaw_removal,best_position_first,7192476745098511149,15,11,10,20.10362802629411,18.333533980518958,1.7700940457751528,8.804848773863087
vrptw,6,4,40,shaw_removal,sequential_insertion,8988050696588673100,15,11,10,20.10362802629411,18.59740429716265,1.5062237291314595,7.492298042728539
vrptw,6,4,40,worst_removal,greedy_insertion,1555744782762867944,15,11,11,20.10362802629411,19.238495817751904,0.8651322085422066,4.303363588953573
vrptw,6,4,40,worst_removal,regret_2,7847471470991410394,15,11,11,20.10362802629411,18.526200274750856,1.5774277515432544,7.846482980485371
vrptw,6,4,40,worst_removal,regret_3,698429982420839749,15,11,11,20.10362802629411,18.526200274750856,1.5774277515432544,7.846482980485371
vrptw,6,4,40,worst_removal,greedy_with_noise,13041673254725902886,15,11,12,20.10362802629411,19.93583476459429,0.16779326169982056,0.834641694923717
vrptw,6,4,40,worst_removal,best_position_first,14549533796388827856,15,11,12,20.10362802629411,20.33272601604715,-0.22909798975303985,-1.1395852999935934
vrptw,6,4,40,worst_removal,sequential_insertion,16699166723087225210,15,11,11,20.10362802629411,18.611695500689724,1.491932525604387,7.421210358911563
vrptw,6,4,40,route_removal,greedy_insertion,1475016135913091321,15,11,10,20.10362802629411,18.59653064215221,1.5070973841419004,7.496643800664859
vrptw,6,4,40,route_removal,regret_2,3543988196320733398,15,11,10,20.10362802629411,18.57419993966676,1.5294280866273517,7.607721773537437
vrptw,6,4,40,route_removal,regret_3,10639261170775904650,15,11,10,20.10362802629411,18.59653064215221,1.5070973841419004,7.496643800664859
vrptw,6,4,40,route_removal,greedy_with_noise,16807738200168184423,15,11,11,20.10362802629411,19.42538759392864,0.6782404323654703,3.373721556518954
vrptw,6,4,40,route_removal,best_position_first,1757879822352566706,15,11,10,20.10362802629411,19.29445009971917,0.8091779265749395,4.025034314784339
vrptw,6,4,40,route_removal,sequential_insertion,1618710296857832114,15,11,10,20.10362802629411,18.62028575578438,1.4833422705097306,7.378480484067974
vrptw,6,4,40,cluster_removal,greedy_insertion,5036520707447194820,15,11,11,20.10362802629411,19.52065281498119,0.5829752113129203,2.8998507659932344
vrptw,6,4,40,cluster_removal,regret_2,3947903059494115876,15,11,11,20.10362802629411,19.237519719229176,0.866108307064934,4.308218924127158
vrptw,6,4,40,cluster_removal,regret_3,14137865352621585766,15,11,11,20.10362802629411,19.359671801544074,0.7439562247500362,3.700606794838198
vrptw,6,4,40,cluster_removal,greedy_with_noise,9270663270987484473,15,11,11,20.10362802629411,19.343176698481273,0.760451327812838,3.7826571742086648
vrptw,6,4,40,cluster_removal,best_position_first,7442586393354263267,15,11,12,20.10362802629411,19.719842579484656,0.3837854468094548,1.9090357536833193
vrptw,6,4,40,cluster_removal,sequential_insertion,10455964116958648675,15,11,11,20.10362802629411,19.784358877859844,0.319269148434266,1.5881170702953953
vrptw,6,4,40,time_oriented_removal,greedy_insertion,2751136713043667332,15,11,11,20.10362802629411,21.529690236873577,-1.4260622105794667,-7.093556489974243
vrptw,6,4,40,time_oriented_removal,regret_2,3927337548184757654,15,11,11,20.10362802629411,19.929132831750625,0.1744951945434856,0.8679786271177439
vrptw,6,4,40,time_oriented_removal,regret_3,1066985032094888215,15,11,11,20.10362802629411,19.57739795267321,0.5262300736209014,2.617587596291724
vrptw,6,4,40,time_oriented_removal,greedy_with_noise,9553094588976909999,15,11,11,20.10362802629411,22.47520995454332,-2.37158192824921,-11.796785759999887
vrptw,6,4,40,time_oriented_removal,best_position_first,12856739994099300992,15,11,11,20.10362802629411,21.657731051519857,-1.5541030252257464,-7.730460507889871
vrptw,6,4,40,time_oriented_removal,sequential_insertion,10809652284663093249,15,11,11,20.10362802629411,21.00535158103157,-0.9017235547374582,-4.485377234189113
vrptw,6,5,41,random_removal,greedy_insertion,3376172198805902999,15,13,12,24.613245083881477,23.15097678746161,1.462268296419868,5.940981335197716
vrptw,6,5,41,random_removal,regret_2,10516488371308983356,15,13,12,24.613245083881477,22.817571457181224,1.7956736267002533,7.295558227209095
vrptw,6,5,41,random_removal,regret_3,4467892326352081970,15,13,12,24.613245083881477,22.59264559289172,2.020599490989756,8.209398980522849
vrptw,6,5,41,random_removal,greedy_with_noise,2927245877116568640,15,13,13,24.613245083881477,23.278503716419213,1.3347413674622643,5.422858151834473
vrptw,6,5,41,random_removal,best_position_first,10157948265657065092,15,13,12,24.613245083881477,23.1660001238664,1.4472449600150767,5.879943725757791
vrptw,6,5,41,random_removal,sequential_insertion,9788806026129831882,15,13,12,24.613245083881477,24.17022765815669,0.4430174257247863,1.7999147378372549
vrptw,6,5,41,shaw_removal,greedy_insertion,5611202352765957515,15,13,13,24.613245083881477,23.485466641039057,1.1277784428424198,4.581998184306751
vrptw,6,5,41,shaw_removal,regret_2,17340600654019833749,15,13,13,24.613245083881477,23.64815556784376,0.9650895160377182,3.9210169676883777
vrptw,6,5,41,shaw_removal,regret_3,16493592905719603839,15,13,13,24.613245083881477,22.226817558964083,2.3864275249173943,9.69570455575644
vrptw,6,5,41,shaw_removal,greedy_with_noise,3392418511379853412,15,13,13,24.613245083881477,23.716432200474035,0.896812883407442,3.6436190366248766
vrptw,6,5,41,shaw_removal,best_position_first,18431959160817537837,15,13,13,24.613245083881477,23.712011173455274,0.9012339104262033,3.661581020116669
vrptw,6,5,41,shaw_removal,sequential_insertion,14402506621079347673,15,13,13,24.613245083881477,23.160955358378313,1.4522897255031637,5.90043986704633
vrptw,6,5,41,worst_removal,greedy_insertion,6637478004886633271,15,13,11,24.613245083881477,22.284826262391707,2.3284188214897696,9.460023713064093
vrptw,6,5,41,worst_removal,regret_2,3636001153128877961,15,13,11,24.613245083881477,20.317686115260173,4.295558968621304,17.452225230692335
vrptw,6,5,41,worst_removal,regret_3,6739673165688607178,15,13,11,24.613245083881477,20.520263085855813,4.092981998025664,16.629184750230447
vrptw,6,5,41,worst_removal,greedy_with_noise,14931425058276727835,15,13,12,24.613245083881477,23.465403564080695,1.1478415198007816,4.663511519464253
vrptw,6,5,41,worst_removal,best_position_first,13559295198752766559,15,13,12,24.613245083881477,23.640997362084562,0.972247721796915,3.95009970641219
vrptw,6,5,41,worst_removal,sequential_insertion,12612539545078391839,15,13,12,24.613245083881477,21.398938244693557,3.2143068391879197,13.05925662477102
vrptw,6,5,41,route_removal,greedy_insertion,17328015221003875394,15,13,12,24.613245083881477,24.321822324821653,0.29142275905982373,1.1840078708299553
vrptw,6,5,41,route_removal,regret_2,2488460150453546331,15,13,11,24.613245083881477,21.39869856775703,3.2145465161244466,13.06023039696445
vrptw,6,5,41,route_removal,regret_3,13087373322657234587,15,13,11,24.613245083881477,21.761794956506826,2.851450127374651,11.585023094910738
vrptw,6,5,41,route_removal,greedy_with_noise,18127563489388272015,15,13,11,24.613245083881477,24.57392680700256,0.03931827687891598,0.1597443845576641
vrptw,6,5,41,route_removal,best_position_first,16458710355556299712,15,13,11,24.613245083881477,24.514844031633213,0.09840105224826345,0.39978902380776904
vrptw,6,5,41,route_removal,sequential_insertion,12295004096862303116,15,13,12,24.613245083881477,23.672442809503334,0.940802274378143,3.8223414717234827
vrptw,6,5,41,cluster_removal,greedy_insertion,10409522374186286669,15,13,13,24.613245083881477,23.412280856667262,1.2009642272142145,4.87934127792313
vrptw,6,5,41,cluster_removal,regret_2,5149890681813671948,15,13,13,24.613245083881477,23.351123393559227,1.2621216903222496,5.127815068760591
vrptw,6,5,41,cluster_removal,regret_3,7808003747211326975,15,13,13,24.613245083881477,22.86677538884935,1.7464696950321255,7.095649879080103
vrptw,6,5,41,cluster_removal,greedy_with_noise,13782805898670479285,15,13,13,24.613245083881477,23.410916046490936,1.202329037390541,4.884886301229384
vrptw,6,5,41,cluster_removal,best_position_first,3271889113676942508,15,13,14,24.613245083881477,24.35605570314756,0.25718938073391584,1.044922682309542
vrptw,6,5,41,cluster_removal,sequential_insertion,1583365707289607949,15,13,13,24.613245083881477,23.29760214595176,1.3156429379297165,5.345264037497007
vrptw,6,5,41,time_oriented_removal,greedy_insertion,8136582141042565533,15,13,13,24.613245083881477,22.81458832928861,1.7986567545928658,7.307678237725572
vrptw,6,5,41,time_oriented_removal,regret_2,4047826267156268815,15,13,13,24.613245083881477,22.5688546313713,2.0443904525101786,8.306058163167572
vrptw,6,5,41,time_oriented_removal,regret_3,14752937556748214065,15,13,13,24.613245083881477,22.5688546313713,2.0443904525101786,8.306058163167572
vrptw,6,5,41,time_oriented_removal,greedy_with_noise,16016234511491891533,15,13,14,24.613245083881477,24.33012488313529,0.28312020074618616,1.1502757957405365
vrptw,6,5,41,time_oriented_removal,best_position_first,16841645026495907651,15,13,14,24.613245083881477,25.083645380950557,-0.47040029706908015,-1.9111673225775991
vrptw,6,5,41,time_oriented_removal,sequential_insertion,3080550477873062968,15,13,14,24.613245083881477,24.285354461224518,0.3278906226569589,1.3321714448440822
vrptw,7,0,42,random_removal,greedy_insertion,8609434891923410247,15,13,13,24.119843990050587,23.356024757250225,0.7638192328003619,3.166766887528114
vrptw,7,0,42,random_removal,regret_2,11987450633658167381,15,13,13,24.119843990050587,23.29778658404826,0.822057406002326,3.408220245294389
vrptw,7,0,42,random_removal,regret_3,6453164262355944211,15,13,13,24.119843990050587,23.41871828320611,0.7011257068444756,2.906841798536049
vrptw,7,0,42,random_removal,greedy_with_noise,12729699315727063563,15,13,13,24.119843990050587,23.482827580326045,0.6370164097245414,2.6410469735513633
vrptw,7,0,42,random_removal,best_position_first,6489402467498064018,15,13,13,24.119843990050587,23.80575151578869,0.3140924742618978,1.3022160275641113
vrptw,7,0,42,random_removal,sequential_insertion,10854719602147055798,15,13,13,24.119843990050587,23.973176938058966,0.14666705199162067,0.6080762879400078
vrptw,7,0,42,shaw_removal,greedy_insertion,17259250029477617209,15,13,14,24.119843990050587,23.08388124736208,1.0359627426885076,4.295064027428375
vrptw,7,0,42,shaw_removal,regret_2,5604082360928092641,15,13,13,24.119843990050587,23.913555507979613,0.20628848207097406,0.8552645786434931
vrptw,7,0,42,shaw_removal,regret_3,3967120789060355996,15,13,13,24.119843990050587,24.206752800992884,-0.08690881094229752,-0.36032078390783673
vrptw,7,0,42,shaw_removal,greedy_with_noise,12720082727283862296,15,13,13,24.119843990050587,23.291560266167426,0.8282837238831604,3.4340343338241603
vrptw,7,0,42,shaw_removal,best_position_first,6537489287165756123,15,13,13,24.119843990050587,23.291560266167426,0.8282837238831604,3.4340343338241603
vrptw,7,0,42,shaw_removal,sequential_insertion,15353674709938815681,15,13,13,24.119843990050587,23.721786152228184,0.3980578378224031,1.6503333851852509
vrptw,7,0,42,worst_removal,greedy_insertion,9276523286679150002,15,13,13,24.119843990050587,23.56518537145977,0.5546586185908176,2.299594553014579
vrptw,7,0,42,worst_removal,regret_2,15309665848120097693,15,13,13,24.119843990050587,22.962036423131718,1.1578075669188692,4.800228257680538
vrptw,7,0,42,worst_removal,regret_3,8042868807727400415,15,13,13,24.119843990050587,23.283371616164363,0.8364723738862239,3.4679841802926585
vrptw,7,0,42,worst_removal,greedy_with_noise,16011972220268987048,15,13,14,24.119843990050587,24.175547518640418,-0.05570352858983085,-0.23094481296317051
vrptw,7,0,42,worst_removal,best_position_first,9697325017945293403,15,13,14,24.119843990050587,23.642404731664907,0.47743925838567947,1.9794458810870532
vrptw,7,0,42,worst_removal,sequential_insertion,498327140460820414,15,13,14,24.119843990050587,23.5570302387588,0.5628137512917881,2.333405437961988
vrptw,7,0,42,route_removal,greedy_insertion,14009863390735856279,15,13,11,24.119843990050587,22.229303893327014,1.8905400967235728,7.838110799984522
vrptw,7,0,42,route_removal,regret_2,11238610034470713174,15,13,11,24.119843990050587,22.860692498437924,1.2591514916126627,5.220396500624388
vrptw,7,0,42,route_removal,regret_3,12734591902964584518,15,13,11,24.119843990050587,23.00068762035972,1.1191563696908666,4.639981793217724
vrptw,7,0,42,route_removal,greedy_with_noise,3331873855139801407,15,13,12,24.119843990050587,24.556717026401454,-0.4368730363508675,-1.8112597931026304
vrptw,7,0,42,route_removal,best_position_first,12597247553193048303,15,13,12,24.119843990050587,24.40498626800415,-0.2851422779535646,-1.1821895617201568
vrptw,7,0,42,route_removal,sequential_insertion,11330040848530233719,15,13,12,24.119843990050587,23.246125145974588,0.8737188440759986,3.6224066973086844
vrptw,7,0,42,cluster_removal,greedy_insertion,1867611633512589700,15,13,13,24.119843990050587,24.369046529923505,-0.2492025398729183,-1.0331847087224697
vrptw,7,0,42,cluster_removal,regret_2,6765263288909281039,15,13,13,24.119843990050587,23.54317848726498,0.5766655027856054,2.390834298196453
vrptw,7,0,42,cluster_removal,regret_3,8973001361139247,15,13,13,24.119843990050587,23.65996034457574,0.4598836454748465,1.9066609455042416
vrptw,7,0,42,cluster_removal,greedy_with_noise,2668507164824320444,15,13,13,24.119843990050587,24.109924290807847,0.009919699242740165,0.04112671394902899
vrptw,7,0,42,cluster_removal,best_position_first,10776785950219071109,15,13,13,24.119843990050587,23.567183055217498,0.5526609348330886,2.291312228474864
vrptw,7,0,42,cluster_removal,sequential_insertion,6038416569749263177,15,13,13,24.119843990050587,24.193973411514733,-0.07412942146414636,-0.3073378977688441
vrptw,7,0,42,time_oriented_removal,greedy_insertion,14217675879711302957,15,13,14,24.119843990050587,24.89475629273388,-0.774912302683294,-3.2127583536732023
vrptw,7,0,42,time_oriented_removal,regret_2,4594763378761680888,15,13,12,24.119843990050587,23.402994965249103,0.7168490248014834,2.972030105572751
vrptw,7,0,42,time_oriented_removal,regret_3,7225252511038225141,15,13,12,24.119843990050587,23.398511361427254,0.7213326286233332,2.9906189647034296
vrptw,7,0,42,time_oriented_removal,greedy_with_noise,16041482948074819846,15,13,13,24.119843990050587,24.224746872770584,-0.10490288271999759,-0.43492355407966127
vrptw,7,0,42,time_oriented_removal,best_position_first,16538680465214744556,15,13,13,24.119843990050587,24.453706275320787,-0.33386228527020023,-1.3841809483009846
vrptw,7,0,42,time_oriented_removal,sequential_insertion,7983461239353140857,15,13,13,24.119843990050587,24.529272616070276,-0.40942862601968955,-1.6974762614077374
vrptw,7,1,43,random_removal,greedy_insertion,5687049216600119631,15,12,12,24.31676798735789,23.748860694419335,0.5679072929385534,2.33545548994753
vrptw,7,1,43,random_removal,regret_2,1164433946624983294,15,12,12,24.31676798735789,23.634609446979457,0.6821585403784312,2.8053010199919677
vrptw,7,1,43,random_removal,regret_3,12519327640516305504,15,12,12,24.31676798735789,23.85981243017796,0.45695555717992775,1.8791788341999054
vrptw,7,1,43,random_removal,greedy_with_noise,9246102863938963328,15,12,12,24.31676798735789,24.244778279444954,0.07198970791293391,0.29604965573698294
vrptw,7,1,43,random_removal,best_position_first,17305517617635973098,15,12,12,24.31676798735789,24.469981262643458,-0.1532132752855695,-0.6300725300550796
vrptw,7,1,43,random_removal,sequential_insertion,10564567060597090700,15,12,12,24.31676798735789,23.748860694419335,0.5679072929385534,2.33545548994753
vrptw,7,1,43,shaw_removal,greedy_insertion,15182335793886776689,15,12,13,24.31676798735789,24.470007619165184,-0.1532396318072955,-0.6301809183151464
vrptw,7,1,43,shaw_removal,regret_2,10942112103488232369,15,12,12,24.31676798735789,24.64791450632351,-0.3311465189656211,-1.361803176876885
vrptw,7,1,43,shaw_removal,regret_3,3522221437196576915,15,12,12,24.31676798735789,24.260693531932578,0.05607445542531053,0.2305999524873669
vrptw,7,1,43,shaw_removal,greedy_with_noise,1551496881296445120,15,12,14,24.31676798735789,25.49014459564939,-1.1733766082915018,-4.825380613499013
vrptw,7,1,43,shaw_removal,best_position_first,9954240093662204552,15,12,14,24.31676798735789,25.49014459564939,-1.1733766082915018,-4.825380613499013
vrptw,7,1,43,shaw_removal,sequential_insertion,14932569103812965898,15,12,13,24.31676798735789,24.5132131461846,-0.19644515882671243,-0.8078588360461507
vrptw,7,1,43,worst_removal,greedy_insertion,9102667766060971314,15,12,15,24.31676798735789,24.202789219681698,0.11397876767619053,0.4687249873644691
vrptw,7,1,43,worst_removal,regret_2,448991167452957263,15,12,13,24.31676798735789,23.026905792419246,1.2898621949386424,5.304414614677545
vrptw,7,1,43,worst_removal,regret_3,10221679720214854082,15,12,12,24.31676798735789,22.952544409196157,1.364223578161731,5.61021752097557
vrptw,7,1,43,worst_removal,greedy_with_noise,973662333874841394,15,12,16,24.31676798735789,25.442725167754656,-1.1259571803967674,-4.630373497753256
vrptw,7,1,43,worst_removal,best_position_first,14050990991513919718,15,12,16,24.31676798735789,25.440417154738544,-1.1236491673806555,-4.620882051285896
vrptw,7,1,43,worst_removal,sequential_insertion,11175981151932758141,15,12,14,24.31676798735789,23.889544271078698,0.4272237162791903,1.756909949962515
vrptw,7,1,43,route_removal,greedy_insertion,4576621616834186718,15,12,11,24.31676798735789,23.326561176270292,0.9902068110875959,4.072115223546144
vrptw,7,1,43,route_removal,regret_2,10508526199511149437,15,12,11,24.31676798735789,23.515570836883857,0.8011971504740316,3.2948340457521668
vrptw,7,1,43,route_removal,regret_3,11490887942240422284,15,12,11,24.31676798735789,22.729833780532168,1.5869342068257204,6.526090176337398
vrptw,7,1,43,route_removal,greedy_with_noise,6988880712776237008,15,12,11,24.31676798735789,23.326561176270292,0.9902068110875959,4.072115223546144
vrptw,7,1,43,route_removal,best_position_first,1042024675479708413,15,12,11,24.31676798735789,23.42394825389435,0.8928197334635399,3.671621713575219
vrptw,7,1,43,route_removal,sequential_insertion,11805550627872387329,15,12,11,24.31676798735789,24.09084692805108,0.22592105930680972,0.9290751938097384
vrptw,7,1,43,cluster_removal,greedy_insertion,11598677440798839882,15,12,12,24.31676798735789,23.112160510869643,1.2046074764882455,4.953814080532874
vrptw,7,1,43,cluster_removal,regret_2,9253778767972396606,15,12,12,24.31676798735789,22.591297690301563,1.7254702970563258,7.095804417566452
vrptw,7,1,43,cluster_removal,regret_3,1497496872004585916,15,12,12,24.31676798735789,22.949023494414682,1.3677444929432063,5.624696890862662
vrptw,7,1,43,cluster_removal,greedy_with_noise,6760543750436875621,15,12,13,24.31676798735789,23.032841123076352,1.2839268642815362,5.28000622841424
vrptw,7,1,43,cluster_removal,best_position_first,9760533561625441399,15,12,13,24.31676798735789,22.97862175518192,1.3381462321759692,5.5029773400464315
vrptw,7,1,43,cluster_removal,sequential_insertion,6200563588930442503,15,12,13,24.31676798735789,23.736624001535425,0.5801439858224633,2.385777526536734
vrptw,7,1,43,time_oriented_removal,greedy_insertion,4450083800623477717,15,12,13,24.31676798735789,24.18505008745534,0.13171789990254723,0.5416751928999216
vrptw,7,1,43,time_oriented_removal,regret_2,3415215718604777305,15,12,13,24.31676798735789,23.27803884917101,1.038729138186877,4.271657889432118
vrptw,7,1,43,time_oriented_removal,regret_3,18358094864430921240,15,12,13,24.31676798735789,23.322152750586365,0.9946152367715229,4.09024438317056
vrptw,7,1,43,time_oriented_removal,greedy_with_noise,12679294423288749812,15,12,14,24.31676798735789,23.917191230252513,0.39957675710537544,1.643214909617563
vrptw,7,1,43,time_oriented_removal,best_position_first,6528360228923040079,15,12,14,24.31676798735789,24.01031667723899,0.3064513101188986,1.2602468809926566
vrptw,7,1,43,time_oriented_removal,sequential_insertion,7623504670963857744,15,12,14,24.31676798735789,23.500238917547946,0.8165290698099419,3.357884856385723
vrptw,7,2,44,random_removal,greedy_insertion,10245830166500731511,15,12,12,24.311917435030658,23.38977647985279,0.9221409551778663,3.7929585670983235
vrptw,7,2,44,random_removal,regret_2,10164532382484267025,15,12,12,24.311917435030658,22.28308462321427,2.0288328118163896,8.345013581253268
vrptw,7,2,44,random_removal,regret_3,4461685814777116772,15,12,12,24.311917435030658,22.28308462321427,2.0288328118163896,8.345013581253268
vrptw,7,2,44,random_removal,greedy_with_noise,2263644683113759631,15,12,13,24.311917435030658,25.41779290309327,-1.1058754680626137,-4.548697037236459
vrptw,7,2,44,random_removal,best_position_first,17660854256404505765,15,12,13,24.311917435030658,24.606244421512812,-0.2943269864821545,-1.2106284387839497
vrptw,7,2,44,random_removal,sequential_insertion,14854746898679306779,15,12,12,24.311917435030658,23.16919701925122,1.1427204157794364,4.700248011425494
vrptw,7,2,44,shaw_removal,greedy_insertion,6137477857683718074,15,12,12,24.311917435030658,23.895879882693066,0.4160375523375919,1.7112494456654
vrptw,7,2,44,shaw_removal,regret_2,16015314430605323727,15,12,12,24.311917435030658,22.63638791888489,1.6755295161457688,6.891803250909058
vrptw,7,2,44,shaw_removal,regret_3,17153446383738905931,15,12,12,24.311917435030658,23.53961045821798,0.7723069768126791,3.176660083995984
vrptw,7,2,44,shaw_removal,greedy_with_noise,1723328850316916965,15,12,12,24.311917435030658,22.976211152873045,1.335706282157613,5.49403923292786
vrptw,7,2,44,shaw_removal,best_position_first,1956212716749759038,15,12,12,24.311917435030658,22.866761661284368,1.44515577374629,5.944227877575743
vrptw,7,2,44,shaw_removal,sequential_insertion,11573757504894611275,15,12,12,24.311917435030658,23.648905350330175,0.6630120847004832,2.727107339321413
vrptw,7,2,44,worst_removal,greedy_insertion,972659108496862697,15,12,12,24.311917435030658,22.48151878980204,1.8303986452286196,7.52881236175649
vrptw,7,2,44,worst_removal,regret_2,13089835623800849999,15,12,12,24.311917435030658,22.24989108150726,2.0620263535233967,8.481545559019773
vrptw,7,2,44,worst_removal,regret_3,17256446525132196492,15,12,12,24.311917435030658,22.625739524184894,1.686177910845764,6.935602324875359
vrptw,7,2,44,worst_removal,greedy_with_noise,1710222810657851730,15,12,13,24.311917435030658,23.49919429887609,0.8127231361545668,3.342900198334529
vrptw,7,2,44,worst_removal,best_position_first,6539773420996216840,15,12,13,24.311917435030658,23.16098808024252,1.1509293547881363,4.734013094046545
vrptw,7,2,44,worst_removal,sequential_insertion,6074972305919267136,15,12,12,24.311917435030658,22.653171781190814,1.6587456538398442,6.822767715761422
vrptw,7,2,44,route_removal,greedy_insertion,17475196592339258871,15,12,12,24.311917435030658,22.78573137581379,1.5261860592168688,6.277522385041549
vrptw,7,2,44,route_removal,regret_2,16825851290107467692,15,12,12,24.311917435030658,21.879304792814924,2.4326126422157337,10.005844453513241
vrptw,7,2,44,route_removal,regret_3,9346586931613619582,15,12,12,24.311917435030658,21.855622307702205,2.4562951273284526,10.103255466758108
vrptw,7,2,44,route_removal,greedy_with_noise,8237987910806096258,15,12,12,24.311917435030658,24.101570462976095,0.21034697205456254,0.8652010793335326
vrptw,7,2,44,route_removal,best_position_first,4859459293033525623,15,12,12,24.311917435030658,24.101570462976095,0.21034697205456254,0.8652010793335326
vrptw,7,2,44,route_removal,sequential_insertion,3161148817592563924,15,12,12,24.311917435030658,22.110897205903804,2.201020229126854,9.053256432811995
vrptw,7,2,44,cluster_removal,greedy_insertion,5502940744272277321,15,12,12,24.311917435030658,25.20256528708613,-0.8906478520554728,-3.663420848789789
vrptw,7,2,44,cluster_removal,regret_2,17933391618703975228,15,12,12,24.311917435030658,22.38701658252372,1.924900852506937,7.917519700578523
vrptw,7,2,44,cluster_removal,regret_3,9997522282067904833,15,12,12,24.311917435030658,23.19232441554307,1.1195930194875885,4.6051201945692055
vrptw,7,2,44,cluster_removal,greedy_with_noise,13114988992203159209,15,12,12,24.311917435030658,25.365964635852105,-1.0540472008214472,-4.335516536851541
vrptw,7,2,44,cluster_removal,best_position_first,12057346072092648802,15,12,12,24.311917435030658,24.64579843043896,-0.3338809954083004,-1.3733223481880394
vrptw,7,2,44,cluster_removal,sequential_insertion,13384928810898953120,15,12,12,24.311917435030658,24.29081582611577,0.021101608914886327,0.08679532978538892
vrptw,7,2,44,time_oriented_removal,greedy_insertion,7219974480022538692,15,12,13,24.311917435030658,24.810418328844513,-0.4985008938138549,-2.0504384121326966
vrptw,7,2,44,time_oriented_removal,regret_2,17637826572972311273,15,12,12,24.311917435030658,22.903321742854313,1.4085956921763447,5.79384861741395
vrptw,7,2,44,time_oriented_removal,regret_3,340983141506593970,15,12,12,24.311917435030658,22.917293219362104,1.3946242156685535,5.736381013120181
vrptw,7,2,44,time_oriented_removal,greedy_with_noise,5261705296277347657,15,12,15,24.311917435030658,26.61728682303707,-2.3053693880064117,-9.48246634255446
vrptw,7,2,44,time_oriented_removal,best_position_first,18361087638895009286,15,12,14,24.311917435030658,25.855214961697065,-1.5432975266664073,-6.347905428646669
vrptw,7,2,44,time_oriented_removal,sequential_insertion,17903323488606706140,15,12,14,24.311917435030658,25.745564678677603,-1.433647243646945,-5.896890886858744
vrptw,7,3,45,random_removal,greedy_insertion,576826151574878439,15,11,12,22.16292005052078,23.062716369505566,-0.8997963189847873,-4.059917722636211
vrptw,7,3,45,random_removal,regret_2,13238018785167978896,15,11,11,22.16292005052078,21.87298375468278,0.28993629583799674,1.3082044025655541
vrptw,7,3,45,random_removal,regret_3,7480698737512503766,15,11,11,22.16292005052078,21.99396699752663,0.16895305299414787,0.7623230720907548
vrptw,7,3,45,random_removal,greedy_with_noise,11452079190326086492,15,11,12,22.16292005052078,22.63020568101787,-0.4672856304970914,-2.1084118402805467
vrptw,7,3,45,random_removal,best_position_first,16578338371623342027,15,11,12,22.16292005052078,23.719665422769882,-1.5567453722491038,-7.024098668859855
vrptw,7,3,45,random_removal,sequential_insertion,7051844806685242107,15,11,12,22.16292005052078,22.573280879660462,-0.41036082913968386,-1.8515648127785458
vrptw,7,3,45,shaw_removal,greedy_insertion,8419764711840798305,15,11,12,22.16292005052078,24.022678951761662,-1.859758901240884,-8.391308081252514
vrptw,7,3,45,shaw_removal,regret_2,12532867434679891316,15,11,11,22.16292005052078,23.144197224459635,-0.9812771739388566,-4.4275626663906085
vrptw,7,3,45,shaw_removal,regret_3,13813206938771017821,15,11,11,22.16292005052078,23.052590850999312,-0.8896708004785339,-4.014230969793299
vrptw,7,3,45,shaw_removal,greedy_with_noise,402279538016988524,15,11,12,22.16292005052078,23.344615525211324,-1.181695474690546,-5.331858220833941
vrptw,7,3,45,shaw_removal,best_position_first,11660240677498748857,15,11,12,22.16292005052078,23.23929349510198,-1.0763734445812005,-4.85664092153736
vrptw,7,3,45,shaw_removal,sequential_insertion,8832560099668825662,15,11,11,22.16292005052078,22.815889480171887,-0.6529694296511082,-2.9462247220251325
vrptw,7,3,45,worst_removal,greedy_insertion,17214906789506789600,15,11,12,22.16292005052078,22.333548023478183,-0.17062797295740495,-0.7698803793383516
vrptw,7,3,45,worst_removal,regret_2,11524303999462847953,15,11,11,22.16292005052078,21.392419676006327,0.7705003745144516,3.4765291430825993
vrptw,7,3,45,worst_removal,regret_3,9640676719621087530,15,11,11,22.16292005052078,21.464358500209283,0.6985615503114957,3.151938231600854
vrptw,7,3,45,worst_removal,greedy_with_noise,16141515545393820506,15,11,12,22.16292005052078,22.418390234569692,-0.25547018404891375,-1.1526918992017516
vrptw,7,3,45,worst_removal,best_position_first,10652172023430604443,15,11,13,22.16292005052078,24.49052746283783,-2.3276074123170503,-10.50225966168369
vrptw,7,3,45,worst_removal,sequential_insertion,13691872159176480727,15,11,11,22.16292005052078,23.21157000912922,-1.04864995860844,-4.731551421103462
vrptw,7,3,45,route_removal,greedy_insertion,8460621799380081169,15,11,11,22.16292005052078,22.575095443160627,-0.41217539263984904,-1.8597521973651836
vrptw,7,3,45,route_removal,regret_2,4565461270621081925,15,11,11,22.16292005052078,22.529394502519537,-0.3664744519987586,-1.6535476875942947
vrptw,7,3,45,route_removal,regret_3,1650864448524762972,15,11,11,22.16292005052078,22.509844282424556,-0.3469242319037775,-1.5653362964490123
vrptw,7,3,45,route_removal,greedy_with_noise,16055281759745608669,15,11,11,22.16292005052078,24.020848921359615,-1.8579288708388368,-8.383050909373196
vrptw,7,3,45,route_removal,best_position_first,4867012999562256881,15,11,11,22.16292005052078,23.889104914426397,-1.726184863905619,-7.78861657205255
vrptw,7,3,45,route_removal,sequential_insertion,2270392706399885074,15,11,11,22.16292005052078,22.621020689949365,-0.4581006394285865,-2.0669687856308543
vrptw,7,3,45,cluster_removal,greedy_insertion,10726232212650571604,15,11,11,22.16292005052078,22.81177016094692,-0.6488501104261424,-2.927638185523734
vrptw,7,3,45,cluster_removal,regret_2,14271650681412572722,15,11,12,22.16292005052078,21.868737309700244,0.29418274082053486,1.327364535674631
vrptw,7,3,45,cluster_removal,regret_3,5191865548878570811,15,11,12,22.16292005052078,21.74585991607101,0.41706013444976975,1.881792351815887
vrptw,7,3,45,cluster_removal,greedy_with_noise,8704482874634685880,15,11,11,22.16292005052078,22.264341396856565,-0.10142134633578692,-0.4576172548770429
vrptw,7,3,45,cluster_removal,best_position_first,6318960404403753101,15,11,11,22.16292005052078,22.22611295508933,-0.06319290456855242,-0.28512896506644003
vrptw,7,3,45,cluster_removal,sequential_insertion,12675988497163261503,15,11,12,22.16292005052078,23.517339704484336,-1.3544196539635571,-6.11119676863939
vrptw,7,3,45,time_oriented_removal,greedy_insertion,2498143128165705486,15,11,12,22.16292005052078,22.810571269399208,-0.6476512188784298,-2.9222287379194487
vrptw,7,3,45,time_oriented_removal,regret_2,5946175917671953486,15,11,11,22.16292005052078,21.99730071756678,0.1656193329539981,0.7472811911808815
vrptw,7,3,45,time_oriented_removal,regret_3,18416200469657719890,15,11,11,22.16292005052078,22.008187282518325,0.15473276800245372,0.6981605657094714
vrptw,7,3,45,time_oriented_removal,greedy_with_noise,14678190542067986147,15,11,15,22.16292005052078,25.507349515508807,-3.3444294649880284,-15.090202271922385
vrptw,7,3,45,time_oriented_removal,best_position_first,9708607075226449819,15,11,15,22.16292005052078,25.505041502492695,-3.3421214519719165,-15.079788422976259
vrptw,7,3,45,time_oriented_removal,sequential_insertion,15950106635746841374,15,11,14,22.16292005052078,24.828827824703623,-2.6659077741828447,-12.02868470447874
vrptw,7,4,46,random_removal,greedy_insertion,10190735873653556622,15,14,15,26.2255994181328,25.61065845845217,0.6149409596806272,2.34481183776279
vrptw,7,4,46,random_removal,regret_2,17223192190690081675,15,14,14,26.2255994181328,25.134514211136896,1.0910852069959027,4.160382340933298
vrptw,7,4,46,random_removal,regret_3,5334653405044727963,15,14,14,26.2255994181328,24.884924476901265,1.3406749412315335,5.112085027519217
vrptw,7,4,46,random_removal,greedy_with_noise,11299417298387823280,15,14,14,26.2255994181328,25.438360827196256,0.7872385909365427,3.001794461911263
vrptw,7,4,46,random_removal,best_position_first,2632679065257891828,15,14,14,26.2255994181328,25.401679394523438,0.8239200236093609,3.1416632675312255
vrptw,7,4,46,random_removal,sequential_insertion,15127481258724553976,15,14,14,26.2255994181328,25.141536676634665,1.0840627414981334,4.133605200835162
vrptw,7,4,46,shaw_removal,greedy_insertion,1458973148594304731,15,14,13,26.2255994181328,25.42261358672303,0.8029858314097673,3.0618397642975133
vrptw,7,4,46,shaw_removal,regret_2,7673272849849569140,15,14,12,26.2255994181328,23.719747169538532,2.505852248594266,9.554985602585235
vrptw,7,4,46,shaw_removal,regret_3,861005498956958913,15,14,12,26.2255994181328,23.839617082736705,2.3859823353960934,9.097913444626121
vrptw,7,4,46,shaw_removal,greedy_with_noise,17728976411937791433,15,14,14,26.2255994181328,26.328498834145037,-0.10289941601223873,-0.39236249426235204
vrptw,7,4,46,shaw_removal,best_position_first,15746155966198670956,15,14,14,26.2255994181328,25.8540763653119,0.3715230528208977,1.4166427500757932
vrptw,7,4,46,shaw_removal,sequential_insertion,1590238460981866337,15,14,13,26.2255994181328,24.74568969334115,1.47990972479165,5.642996757467503
vrptw,7,4,46,worst_removal,greedy_insertion,6542325464038029272,15,14,13,26.2255994181328,24.406858710768805,1.8187407073639932,6.934982413048248
vrptw,7,4,46,worst_removal,regret_2,5643363975388703187,15,14,13,26.2255994181328,22.88287827238,3.3427211457527974,12.746023808483807
vrptw,7,4,46,worst_removal,regret_3,2718944551096723111,15,14,13,26.2255994181328,22.9533074701445,3.272291947988297,12.47747247190004
vrptw,7,4,46,worst_removal,greedy_with_noise,7854446424577399128,15,14,13,26.2255994181328,23.789316806135268,2.4362826119975303,9.28971183138352
vrptw,7,4,46,worst_removal,best_position_first,11429983790135855906,15,14,13,26.2255994181328,23.260968988606887,2.9646304295259114,11.304338109717785
vrptw,7,4,46,worst_removal,sequential_insertion,8537362639842921301,15,14,13,26.2255994181328,22.9533074701445,3.272291947988297,12.47747247190004
vrptw,7,4,46,route_removal,greedy_insertion,6174066005749199302,15,14,12,26.2255994181328,23.7827505529204,2.4428488652123974,9.314749402918785
vrptw,7,4,46,route_removal,regret_2,6433599691647325384,15,14,12,26.2255994181328,23.469060947938996,2.756538470193803,10.510869270304983
vrptw,7,4,46,route_removal,regret_3,18120252588603184769,15,14,12,26.2255994181328,24.02228374923228,2.203315668900519,8.40139298161136
vrptw,7,4,46,route_removal,greedy_with_noise,5706724693502749107,15,14,12,26.2255994181328,24.74364578369674,1.48195363443606,5.650790324401179
vrptw,7,4,46,route_removal,best_position_first,9678164574514329070,15,14,12,26.2255994181328,24.639780364906844,1.5858190532259542,6.046836253166795
vrptw,7,4,46,route_removal,sequential_insertion,18188865384356464243,15,14,13,26.2255994181328,24.640605427871314,1.5849939902614842,6.043690231787777
vrptw,7,4,46,cluster_removal,greedy_insertion,17700972332660717920,15,14,14,26.2255994181328,25.215228327598616,1.010371090534182,3.8526139075989825
vrptw,7,4,46,cluster_removal,regret_2,17368720484552041770,15,14,13,26.2255994181328,24.78311086724804,1.4424885508847574,5.500307268048172
vrptw,7,4,46,cluster_removal,regret_3,17668622654743890040,15,14,13,26.2255994181328,24.78311086724804,1.4424885508847574,5.500307268048172
vrptw,7,4,46,cluster_removal,greedy_with_noise,12988506187820495813,15,14,14,26.2255994181328,26.844029953521567,-0.618430535388768,-2.3581178280378037
vrptw,7,4,46,cluster_removal,best_position_first,3057158567377803143,15,14,13,26.2255994181328,25.90036945448667,0.3252299636461302,1.2401240423937119
vrptw,7,4,46,cluster_removal,sequential_insertion,18118722452475658273,15,14,14,26.2255994181328,25.494413091850184,0.7311863262826144,2.788063352241476
vrptw,7,4,46,time_oriented_removal,greedy_insertion,5628781035986550198,15,14,14,26.2255994181328,25.346136079590796,0.8794633385420028,3.353453717187214
vrptw,7,4,46,time_oriented_removal,regret_2,4118708108315262653,15,14,14,26.2255994181328,23.663692886387313,2.5619065317454854,9.768724408922917
vrptw,7,4,46,time_oriented_removal,regret_3,4566454535938605818,15,14,14,26.2255994181328,23.688033242087805,2.5375661760449937,9.67591297185177
vrptw,7,4,46,time_oriented_removal,greedy_with_noise,8551978736639722503,15,14,14,26.2255994181328,25.26698205954701,0.9586173585857871,3.6552733964318227
vrptw,7,4,46,time_oriented_removal,best_position_first,3739116042790305927,15,14,14,26.2255994181328,25.294968817912793,0.930630600220006,3.548557977197475
vrptw,7,4,46,time_oriented_removal,sequential_insertion,14334610654900798688,15,14,14,26.2255994181328,24.802045551959637,1.4235538661731617,5.4281080232961
vrptw,7,5,47,random_removal,greedy_insertion,14126231481712972614,15,12,12,23.228757104002767,22.853939953030174,0.3748171509725928,1.6135910728861362
vrptw,7,5,47,random_removal,regret_2,12393510290373632016,15,12,12,23.228757104002767,22.698721366921365,0.530035737081402,2.2818084269780687
vrptw,7,5,47,random_removal,regret_3,3658582351591140223,15,12,12,23.228757104002767,22.698721366921365,0.530035737081402,2.2818084269780687
vrptw,7,5,47,random_removal,greedy_with_noise,16773510420969066873,15,12,13,23.228757104002767,23.717814879598265,-0.4890577755954979,-2.1053979487831644
vrptw,7,5,47,random_removal,best_position_first,2644565916056974469,15,12,14,23.228757104002767,25.068656073875914,-1.839898969873147,-7.920780959718661
vrptw,7,5,47,random_removal,sequential_insertion,5309259619771831510,15,12,13,23.228757104002767,24.461748416465223,-1.232991312462456,-5.308038251646222
vrptw,7,5,47,shaw_removal,greedy_insertion,9649038835660850662,15,12,12,23.228757104002767,22.46525191648726,0.7635051875155057,3.286896427979519
vrptw,7,5,47,shaw_removal,regret_2,13521462469562722956,15,12,12,23.228757104002767,22.46525191648726,0.7635051875155057,3.286896427979519
vrptw,7,5,47,shaw_removal,regret_3,6872177762021883815,15,12,12,23.228757104002767,22.58617589687253,0.6425812071302381,2.7663176477897258
vrptw,7,5,47,shaw_removal,greedy_with_noise,12431765073142569565,15,12,13,23.228757104002767,23.351027294418603,-0.12227019041583631,-0.5263742260009545
vrptw,7,5,47,shaw_removal,best_position_first,15762773513692663944,15,12,12,23.228757104002767,22.615755744315706,0.6130013596870612,2.638976149014142
vrptw,7,5,47,shaw_removal,sequential_insertion,3825693409656888717,15,12,12,23.228757104002767,22.46525191648726,0.7635051875155057,3.286896427979519
vrptw,7,5,47,worst_removal,greedy_insertion,3017565917924121379,15,12,14,23.228757104002767,23.548895468019154,-0.32013836401638684,-1.378198422683669
vrptw,7,5,47,worst_removal,regret_2,13636838719864951718,15,12,12,23.228757104002767,22.680965851757787,0.5477912522449806,2.3582460731426114
vrptw,7,5,47,worst_removal,regret_3,17827286131707185591,15,12,12,23.228757104002767,22.649793136866982,0.5789639671357847,2.4924448800406025
vrptw,7,5,47,worst_removal,greedy_with_noise,15026140673481935151,15,12,14,23.228757104002767,24.169846718519807,-0.9410896145170398,-4.051398920327389
vrptw,7,5,47,worst_removal,best_position_first,12893794897052822477,15,12,14,23.228757104002767,25.03336774542745,-1.8046106414246843,-7.768864400901221
vrptw,7,5,47,worst_removal,sequential_insertion,442091437243159900,15,12,14,23.228757104002767,23.085731264215763,0.14302583978700412,0.6157274758465574
vrptw,7,5,47,route_removal,greedy_insertion,8929203407178924890,15,12,11,23.228757104002767,23.056499142192724,0.17225796181004327,0.7415720136845371
vrptw,7,5,47,route_removal,regret_2,5458198333063806149,15,12,11,23.228757104002767,23.471124787973427,-0.24236768397065944,-1.0433949732458772
vrptw,7,5,47,route_removal,regret_3,11412536759653581230,15,12,11,23.228757104002767,23.21037767825388,0.01837942574888629,0.07912358662409517
vrptw,7,5,47,route_removal,greedy_with_noise,2682335590159496538,15,12,11,23.228757104002767,24.10734229569784,-0.8785851916950733,-3.7823168401191642
vrptw,7,5,47,route_removal,best_position_first,5085701326136400170,15,12,11,23.228757104002767,23.27947054713706,-0.050713443134291936,-0.21832181079354013
vrptw,7,5,47,route_removal,sequential_insertion,9388559001438930567,15,12,11,23.228757104002767,23.46430278990961,-0.23554568590684255,-1.0140262126476558
vrptw,7,5,47,cluster_removal,greedy_insertion,16150056026966735468,15,12,13,23.228757104002767,23.399099224160146,-0.17034212015737893,-0.7333242988193529
vrptw,7,5,47,cluster_removal,regret_2,3308480401149472268,15,12,12,23.228757104002767,22.67756475215439,0.5511923518483783,2.3728878363164645
vrptw,7,5,47,cluster_removal,regret_3,1439814994970687730,15,12,12,23.228757104002767,22.91519819879449,0.31355890520827856,1.3498737956765077
vrptw,7,5,47,cluster_removal,greedy_with_noise,9222079838277335022,15,12,13,23.228757104002767,25.179564822192088,-1.9508077181893206,-8.398244079331988
vrptw,7,5,47,cluster_removal,best_position_first,8847216180344693314,15,12,13,23.228757104002767,25.003266786096354,-1.774509682093587,-7.6392795109463885
vrptw,7,5,47,cluster_removal,sequential_insertion,11981577845894762609,15,12,12,23.228757104002767,22.9439347907323,0.2848223132704675,1.226162519136192
vrptw,7,5,47,time_oriented_removal,greedy_insertion,972677711483234181,15,12,12,23.228757104002767,23.19058541246715,0.0381716915356165,0.16432946181627073
vrptw,7,5,47,time_oriented_removal,regret_2,5691216734162910266,15,12,12,23.228757104002767,22.01607005921196,1.2126870447908082,5.220628203916423
vrptw,7,5,47,time_oriented_removal,regret_3,10117663958005394509,15,12,12,23.228757104002767,22.07216709425312,1.156590009749646,4.979129983456338
vrptw,7,5,47,time_oriented_removal,greedy_with_noise,18425272363088438168,15,12,12,23.228757104002767,23.44821337341223,-0.21945626940946283,-0.9447611356340984
vrptw,7,5,47,time_oriented_removal,best_position_first,1779919368161499878,15,12,12,23.228757104002767,23.625134899102672,-0.39637779509990523,-1.7064098321110845
vrptw,7,5,47,time_oriented_removal,sequential_insertion,16221781582440034139,15,12,12,23.228757104002767,22.370422178881668,0.858334925121099,3.6951392675813515
